[0, 0, 0],0,39185.0
[0, 0, 0],1,2750.0
[0, 0, 0],2,38907.0
[0, 0, 50],0,73774.0
[0, 0, 50],1,5392.0
[0, 0, 50],2,74205.0
[0, 0, 100],0,108052.0
[0, 0, 100],1,7812.0
[0, 0, 100],2,107611.0
[0, 0, 150],0,141846.0
[0, 0, 150],1,9989.0
[0, 0, 150],2,141626.0
[0, 0, 200],0,175334.0
[0, 0, 200],1,12412.0
[0, 0, 200],2,175284.0
[0, 0, 250],0,208456.0
[0, 0, 250],1,14760.0
[0, 0, 250],2,209148.0
[0, 0, 300],0,242574.0
[0, 0, 300],1,17203.0
[0, 0, 300],2,242107.0
[0, 0, 350],0,275680.0
[0, 0, 350],1,19667.0
[0, 0, 350],2,276191.0
[0, 0, 400],0,308581.0
[0, 0, 400],1,21770.0
[0, 0, 400],2,310249.0
[0, 50, 0],0,2918.0
[0, 50, 0],1,75398.0
[0, 50, 0],2,2888.0
[0, 50, 50],0,425.0
[0, 50, 50],1,7777.0
[0, 50, 50],2,436.0
[0, 50, 100],0,392.0
[0, 50, 100],1,7987.0
[0, 50, 100],2,418.0
[0, 50, 150],0,455.0
[0, 50, 150],1,9921.0
[0, 50, 150],2,497.0
[0, 50, 200],0,588.0
[0, 50, 200],1,12392.0
[0, 50, 200],2,561.0
[0, 50, 250],0,706.0
[0, 50, 250],1,14397.0
[0, 50, 250],2,664.0
[0, 50, 300],0,749.0
[0, 50, 300],1,17162.0
[0, 50, 300],2,750.0
[0, 50, 350],0,841.0
[0, 50, 350],1,18987.0
[0, 50, 350],2,871.0
[0, 50, 400],0,980.0
[0, 50, 400],1,21341.0
[0, 50, 400],2,970.0
[0, 100, 0],0,2909.0
[0, 100, 0],1,75112.0
[0, 100, 0],2,2902.0
[0, 100, 50],0,405.0
[0, 100, 50],1,7864.0
[0, 100, 50],2,389.0
[0, 100, 100],0,226.0
[0, 100, 100],1,3099.0
[0, 100, 100],2,225.0
[0, 100, 150],0,134.0
[0, 100, 150],1,954.0
[0, 100, 150],2,132.0
[0, 100, 200],0,140.0
[0, 100, 200],1,712.0
[0, 100, 200],2,116.0
[0, 100, 250],0,120.0
[0, 100, 250],1,700.0
[0, 100, 250],2,115.0
[0, 100, 300],0,127.0
[0, 100, 300],1,821.0
[0, 100, 300],2,110.0
[0, 100, 350],0,121.0
[0, 100, 350],1,821.0
[0, 100, 350],2,124.0
[0, 100, 400],0,139.0
[0, 100, 400],1,940.0
[0, 100, 400],2,115.0
[0, 150, 0],0,2902.0
[0, 150, 0],1,75280.0
[0, 150, 0],2,2778.0
[0, 150, 50],0,391.0
[0, 150, 50],1,7708.0
[0, 150, 50],2,416.0
[0, 150, 100],0,211.0
[0, 150, 100],1,3287.0
[0, 150, 100],2,221.0
[0, 150, 150],0,122.0
[0, 150, 150],1,773.0
[0, 150, 150],2,104.0
[0, 150, 200],0,95.0
[0, 150, 200],1,375.0
[0, 150, 200],2,80.0
[0, 150, 250],0,77.0
[0, 150, 250],1,195.0
[0, 150, 250],2,76.0
[0, 150, 300],0,79.0
[0, 150, 300],1,146.0
[0, 150, 300],2,65.0
[0, 150, 350],0,66.0
[0, 150, 350],1,151.0
[0, 150, 350],2,90.0
[0, 150, 400],0,94.0
[0, 150, 400],1,152.0
[0, 150, 400],2,75.0
[0, 200, 0],0,2825.0
[0, 200, 0],1,75012.0
[0, 200, 0],2,2855.0
[0, 200, 50],0,401.0
[0, 200, 50],1,7750.0
[0, 200, 50],2,393.0
[0, 200, 100],0,213.0
[0, 200, 100],1,3308.0
[0, 200, 100],2,228.0
[0, 200, 150],0,122.0
[0, 200, 150],1,740.0
[0, 200, 150],2,128.0
[0, 200, 200],0,109.0
[0, 200, 200],1,422.0
[0, 200, 200],2,100.0
[0, 200, 250],0,86.0
[0, 200, 250],1,199.0
[0, 200, 250],2,94.0
[0, 200, 300],0,85.0
[0, 200, 300],1,174.0
[0, 200, 300],2,66.0
[0, 200, 350],0,73.0
[0, 200, 350],1,112.0
[0, 200, 350],2,67.0
[0, 200, 400],0,59.0
[0, 200, 400],1,97.0
[0, 200, 400],2,95.0
[0, 250, 0],0,2849.0
[0, 250, 0],1,75012.0
[0, 250, 0],2,2815.0
[0, 250, 50],0,383.0
[0, 250, 50],1,7758.0
[0, 250, 50],2,430.0
[0, 250, 100],0,216.0
[0, 250, 100],1,3153.0
[0, 250, 100],2,235.0
[0, 250, 150],0,143.0
[0, 250, 150],1,786.0
[0, 250, 150],2,121.0
[0, 250, 200],0,106.0
[0, 250, 200],1,417.0
[0, 250, 200],2,89.0
[0, 250, 250],0,74.0
[0, 250, 250],1,210.0
[0, 250, 250],2,100.0
[0, 250, 300],0,73.0
[0, 250, 300],1,147.0
[0, 250, 300],2,80.0
[0, 250, 350],0,68.0
[0, 250, 350],1,121.0
[0, 250, 350],2,73.0
[0, 250, 400],0,60.0
[0, 250, 400],1,110.0
[0, 250, 400],2,72.0
[0, 300, 0],0,2838.0
[0, 300, 0],1,75518.0
[0, 300, 0],2,2833.0
[0, 300, 50],0,398.0
[0, 300, 50],1,7771.0
[0, 300, 50],2,394.0
[0, 300, 100],0,224.0
[0, 300, 100],1,3228.0
[0, 300, 100],2,217.0
[0, 300, 150],0,148.0
[0, 300, 150],1,789.0
[0, 300, 150],2,91.0
[0, 300, 200],0,93.0
[0, 300, 200],1,397.0
[0, 300, 200],2,93.0
[0, 300, 250],0,77.0
[0, 300, 250],1,211.0
[0, 300, 250],2,78.0
[0, 300, 300],0,69.0
[0, 300, 300],1,145.0
[0, 300, 300],2,60.0
[0, 300, 350],0,62.0
[0, 300, 350],1,129.0
[0, 300, 350],2,57.0
[0, 300, 400],0,59.0
[0, 300, 400],1,93.0
[0, 300, 400],2,63.0
[0, 350, 0],0,2912.0
[0, 350, 0],1,75614.0
[0, 350, 0],2,2882.0
[0, 350, 50],0,370.0
[0, 350, 50],1,7814.0
[0, 350, 50],2,420.0
[0, 350, 100],0,245.0
[0, 350, 100],1,3211.0
[0, 350, 100],2,236.0
[0, 350, 150],0,107.0
[0, 350, 150],1,865.0
[0, 350, 150],2,137.0
[0, 350, 200],0,91.0
[0, 350, 200],1,381.0
[0, 350, 200],2,107.0
[0, 350, 250],0,74.0
[0, 350, 250],1,192.0
[0, 350, 250],2,85.0
[0, 350, 300],0,68.0
[0, 350, 300],1,142.0
[0, 350, 300],2,60.0
[0, 350, 350],0,65.0
[0, 350, 350],1,106.0
[0, 350, 350],2,58.0
[0, 350, 400],0,73.0
[0, 350, 400],1,92.0
[0, 350, 400],2,57.0
[0, 400, 0],0,2838.0
[0, 400, 0],1,75149.0
[0, 400, 0],2,2791.0
[0, 400, 50],0,428.0
[0, 400, 50],1,7741.0
[0, 400, 50],2,415.0
[0, 400, 100],0,214.0
[0, 400, 100],1,3257.0
[0, 400, 100],2,217.0
[0, 400, 150],0,123.0
[0, 400, 150],1,781.0
[0, 400, 150],2,115.0
[0, 400, 200],0,98.0
[0, 400, 200],1,394.0
[0, 400, 200],2,98.0
[0, 400, 250],0,92.0
[0, 400, 250],1,188.0
[0, 400, 250],2,100.0
[0, 400, 300],0,80.0
[0, 400, 300],1,169.0
[0, 400, 300],2,86.0
[0, 400, 350],0,74.0
[0, 400, 350],1,126.0
[0, 400, 350],2,70.0
[0, 400, 400],0,48.0
[0, 400, 400],1,116.0
[0, 400, 400],2,68.0
[0, 450, 0],0,2813.0
[0, 450, 0],1,75824.0
[0, 450, 0],2,2888.0
[0, 450, 50],0,405.0
[0, 450, 50],1,7668.0
[0, 450, 50],2,391.0
[0, 450, 100],0,231.0
[0, 450, 100],1,3305.0
[0, 450, 100],2,210.0
[0, 450, 150],0,129.0
[0, 450, 150],1,744.0
[0, 450, 150],2,111.0
[0, 450, 200],0,85.0
[0, 450, 200],1,394.0
[0, 450, 200],2,110.0
[0, 450, 250],0,68.0
[0, 450, 250],1,193.0
[0, 450, 250],2,87.0
[0, 450, 300],0,63.0
[0, 450, 300],1,152.0
[0, 450, 300],2,78.0
[0, 450, 350],0,68.0
[0, 450, 350],1,125.0
[0, 450, 350],2,52.0
[0, 450, 400],0,64.0
[0, 450, 400],1,99.0
[0, 450, 400],2,63.0
[50, 0, 0],0,75279.0
[50, 0, 0],1,2972.0
[50, 0, 0],2,2877.0
[50, 0, 50],0,75496.0
[50, 0, 50],1,2882.0
[50, 0, 50],2,2805.0
[50, 0, 100],0,77798.0
[50, 0, 100],1,2988.0
[50, 0, 100],2,2920.0
[50, 0, 150],0,79558.0
[50, 0, 150],1,3089.0
[50, 0, 150],2,2992.0
[50, 0, 200],0,81746.0
[50, 0, 200],1,3158.0
[50, 0, 200],2,3191.0
[50, 0, 250],0,84280.0
[50, 0, 250],1,3200.0
[50, 0, 250],2,3201.0
[50, 0, 300],0,86857.0
[50, 0, 300],1,3312.0
[50, 0, 300],2,3310.0
[50, 0, 350],0,88729.0
[50, 0, 350],1,3307.0
[50, 0, 350],2,3455.0
[50, 0, 400],0,91581.0
[50, 0, 400],1,3493.0
[50, 0, 400],2,3497.0
[50, 50, 0],0,2832.0
[50, 50, 0],1,2847.0
[50, 50, 0],2,75302.0
[50, 50, 50],0,7936.0
[50, 50, 50],1,7856.0
[50, 50, 50],2,210271.0
[50, 50, 100],0,10063.0
[50, 50, 100],1,9965.0
[50, 50, 100],2,273227.0
[50, 50, 150],0,12589.0
[50, 50, 150],1,12398.0
[50, 50, 150],2,336223.0
[50, 50, 200],0,14618.0
[50, 50, 200],1,14738.0
[50, 50, 200],2,398500.0
[50, 50, 250],0,17291.0
[50, 50, 250],1,16937.0
[50, 50, 250],2,461659.0
[50, 50, 300],0,19200.0
[50, 50, 300],1,18992.0
[50, 50, 300],2,524479.0
[50, 50, 350],0,21579.0
[50, 50, 350],1,21508.0
[50, 50, 350],2,587681.0
[50, 50, 400],0,23371.0
[50, 50, 400],1,23898.0
[50, 50, 400],2,650152.0
[50, 100, 0],0,2847.0
[50, 100, 0],1,75251.0
[50, 100, 0],2,2903.0
[50, 100, 50],0,2756.0
[50, 100, 50],1,75289.0
[50, 100, 50],2,2836.0
[50, 100, 100],0,769.0
[50, 100, 100],1,17112.0
[50, 100, 100],2,755.0
[50, 100, 150],0,702.0
[50, 100, 150],1,14738.0
[50, 100, 150],2,658.0
[50, 100, 200],0,679.0
[50, 100, 200],1,14998.0
[50, 100, 200],2,723.0
[50, 100, 250],0,823.0
[50, 100, 250],1,17048.0
[50, 100, 250],2,809.0
[50, 100, 300],0,829.0
[50, 100, 300],1,19373.0
[50, 100, 300],2,868.0
[50, 100, 350],0,949.0
[50, 100, 350],1,21567.0
[50, 100, 350],2,932.0
[50, 100, 400],0,1045.0
[50, 100, 400],1,23622.0
[50, 100, 400],2,1050.0
[50, 150, 0],0,2835.0
[50, 150, 0],1,75509.0
[50, 150, 0],2,2896.0
[50, 150, 50],0,2912.0
[50, 150, 50],1,75195.0
[50, 150, 50],2,2920.0
[50, 150, 100],0,567.0
[50, 150, 100],1,12386.0
[50, 150, 100],2,577.0
[50, 150, 150],0,324.0
[50, 150, 150],1,6159.0
[50, 150, 150],2,371.0
[50, 150, 200],0,173.0
[50, 150, 200],1,1913.0
[50, 150, 200],2,190.0
[50, 150, 250],0,137.0
[50, 150, 250],1,1189.0
[50, 150, 250],2,172.0
[50, 150, 300],0,163.0
[50, 150, 300],1,915.0
[50, 150, 300],2,142.0
[50, 150, 350],0,165.0
[50, 150, 350],1,963.0
[50, 150, 350],2,145.0
[50, 150, 400],0,160.0
[50, 150, 400],1,1049.0
[50, 150, 400],2,149.0
[50, 200, 0],0,2864.0
[50, 200, 0],1,75201.0
[50, 200, 0],2,2829.0
[50, 200, 50],0,2955.0
[50, 200, 50],1,74844.0
[50, 200, 50],2,2867.0
[50, 200, 100],0,549.0
[50, 200, 100],1,12335.0
[50, 200, 100],2,589.0
[50, 200, 150],0,381.0
[50, 200, 150],1,5972.0
[50, 200, 150],2,316.0
[50, 200, 200],0,170.0
[50, 200, 200],1,1469.0
[50, 200, 200],2,167.0
[50, 200, 250],0,145.0
[50, 200, 250],1,791.0
[50, 200, 250],2,134.0
[50, 200, 300],0,101.0
[50, 200, 300],1,374.0
[50, 200, 300],2,100.0
[50, 200, 350],0,111.0
[50, 200, 350],1,264.0
[50, 200, 350],2,96.0
[50, 200, 400],0,107.0
[50, 200, 400],1,197.0
[50, 200, 400],2,92.0
[50, 250, 0],0,2907.0
[50, 250, 0],1,75306.0
[50, 250, 0],2,2808.0
[50, 250, 50],0,2791.0
[50, 250, 50],1,75166.0
[50, 250, 50],2,2769.0
[50, 250, 100],0,599.0
[50, 250, 100],1,12266.0
[50, 250, 100],2,602.0
[50, 250, 150],0,348.0
[50, 250, 150],1,5898.0
[50, 250, 150],2,316.0
[50, 250, 200],0,189.0
[50, 250, 200],1,1496.0
[50, 250, 200],2,161.0
[50, 250, 250],0,126.0
[50, 250, 250],1,751.0
[50, 250, 250],2,128.0
[50, 250, 300],0,109.0
[50, 250, 300],1,355.0
[50, 250, 300],2,105.0
[50, 250, 350],0,101.0
[50, 250, 350],1,213.0
[50, 250, 350],2,96.0
[50, 250, 400],0,107.0
[50, 250, 400],1,170.0
[50, 250, 400],2,76.0
[50, 300, 0],0,2892.0
[50, 300, 0],1,75069.0
[50, 300, 0],2,2782.0
[50, 300, 50],0,2877.0
[50, 300, 50],1,75417.0
[50, 300, 50],2,2854.0
[50, 300, 100],0,587.0
[50, 300, 100],1,12323.0
[50, 300, 100],2,602.0
[50, 300, 150],0,344.0
[50, 300, 150],1,6005.0
[50, 300, 150],2,359.0
[50, 300, 200],0,180.0
[50, 300, 200],1,1531.0
[50, 300, 200],2,173.0
[50, 300, 250],0,119.0
[50, 300, 250],1,788.0
[50, 300, 250],2,140.0
[50, 300, 300],0,119.0
[50, 300, 300],1,332.0
[50, 300, 300],2,108.0
[50, 300, 350],0,96.0
[50, 300, 350],1,228.0
[50, 300, 350],2,98.0
[50, 300, 400],0,112.0
[50, 300, 400],1,162.0
[50, 300, 400],2,81.0
[50, 350, 0],0,2810.0
[50, 350, 0],1,75423.0
[50, 350, 0],2,2945.0
[50, 350, 50],0,2902.0
[50, 350, 50],1,75687.0
[50, 350, 50],2,2864.0
[50, 350, 100],0,628.0
[50, 350, 100],1,12301.0
[50, 350, 100],2,633.0
[50, 350, 150],0,335.0
[50, 350, 150],1,6142.0
[50, 350, 150],2,294.0
[50, 350, 200],0,153.0
[50, 350, 200],1,1599.0
[50, 350, 200],2,180.0
[50, 350, 250],0,111.0
[50, 350, 250],1,757.0
[50, 350, 250],2,117.0
[50, 350, 300],0,101.0
[50, 350, 300],1,332.0
[50, 350, 300],2,99.0
[50, 350, 350],0,99.0
[50, 350, 350],1,201.0
[50, 350, 350],2,106.0
[50, 350, 400],0,91.0
[50, 350, 400],1,146.0
[50, 350, 400],2,82.0
[50, 400, 0],0,2955.0
[50, 400, 0],1,74536.0
[50, 400, 0],2,2736.0
[50, 400, 50],0,2845.0
[50, 400, 50],1,75030.0
[50, 400, 50],2,2899.0
[50, 400, 100],0,588.0
[50, 400, 100],1,12430.0
[50, 400, 100],2,544.0
[50, 400, 150],0,352.0
[50, 400, 150],1,5934.0
[50, 400, 150],2,329.0
[50, 400, 200],0,184.0
[50, 400, 200],1,1506.0
[50, 400, 200],2,159.0
[50, 400, 250],0,143.0
[50, 400, 250],1,739.0
[50, 400, 250],2,133.0
[50, 400, 300],0,104.0
[50, 400, 300],1,330.0
[50, 400, 300],2,106.0
[50, 400, 350],0,88.0
[50, 400, 350],1,234.0
[50, 400, 350],2,98.0
[50, 400, 400],0,83.0
[50, 400, 400],1,177.0
[50, 400, 400],2,94.0
[50, 450, 0],0,2763.0
[50, 450, 0],1,75120.0
[50, 450, 0],2,2809.0
[50, 450, 50],0,2950.0
[50, 450, 50],1,75605.0
[50, 450, 50],2,2952.0
[50, 450, 100],0,543.0
[50, 450, 100],1,12355.0
[50, 450, 100],2,616.0
[50, 450, 150],0,349.0
[50, 450, 150],1,6154.0
[50, 450, 150],2,364.0
[50, 450, 200],0,153.0
[50, 450, 200],1,1526.0
[50, 450, 200],2,176.0
[50, 450, 250],0,138.0
[50, 450, 250],1,771.0
[50, 450, 250],2,137.0
[50, 450, 300],0,104.0
[50, 450, 300],1,336.0
[50, 450, 300],2,109.0
[50, 450, 350],0,106.0
[50, 450, 350],1,206.0
[50, 450, 350],2,95.0
[50, 450, 400],0,79.0
[50, 450, 400],1,193.0
[50, 450, 400],2,98.0
[100, 0, 0],0,75556.0
[100, 0, 0],1,2811.0
[100, 0, 0],2,2842.0
[100, 0, 50],0,75509.0
[100, 0, 50],1,2819.0
[100, 0, 50],2,2811.0
[100, 0, 100],0,74907.0
[100, 0, 100],1,2918.0
[100, 0, 100],2,2851.0
[100, 0, 150],0,75114.0
[100, 0, 150],1,2755.0
[100, 0, 150],2,3002.0
[100, 0, 200],0,75078.0
[100, 0, 200],1,2865.0
[100, 0, 200],2,2862.0
[100, 0, 250],0,75518.0
[100, 0, 250],1,2938.0
[100, 0, 250],2,2863.0
[100, 0, 300],0,74978.0
[100, 0, 300],1,2851.0
[100, 0, 300],2,2939.0
[100, 0, 350],0,75449.0
[100, 0, 350],1,2890.0
[100, 0, 350],2,2958.0
[100, 0, 400],0,33967.0
[100, 0, 400],1,1433.0
[100, 0, 400],2,1480.0
[100, 50, 0],0,75363.0
[100, 50, 0],1,2977.0
[100, 50, 0],2,2899.0
[100, 50, 50],0,75207.0
[100, 50, 50],1,2847.0
[100, 50, 50],2,2960.0
[100, 50, 100],0,79996.0
[100, 50, 100],1,3098.0
[100, 50, 100],2,3134.0
[100, 50, 150],0,81712.0
[100, 50, 150],1,3150.0
[100, 50, 150],2,3217.0
[100, 50, 200],0,84995.0
[100, 50, 200],1,3264.0
[100, 50, 200],2,3212.0
[100, 50, 250],0,86615.0
[100, 50, 250],1,3319.0
[100, 50, 250],2,3353.0
[100, 50, 300],0,89127.0
[100, 50, 300],1,3495.0
[100, 50, 300],2,3304.0
[100, 50, 350],0,90753.0
[100, 50, 350],1,3550.0
[100, 50, 350],2,3468.0
[100, 50, 400],0,52307.0
[100, 50, 400],1,2153.0
[100, 50, 400],2,2091.0
[100, 100, 0],0,2866.0
[100, 100, 0],1,2803.0
[100, 100, 0],2,75613.0
[100, 100, 50],0,7936.0
[100, 100, 50],1,7793.0
[100, 100, 50],2,210273.0
[100, 100, 100],0,12244.0
[100, 100, 100],1,12327.0
[100, 100, 100],2,336033.0
[100, 100, 150],0,14788.0
[100, 100, 150],1,14850.0
[100, 100, 150],2,403378.0
[100, 100, 200],0,17245.0
[100, 100, 200],1,17111.0
[100, 100, 200],2,468083.0
[100, 100, 250],0,19561.0
[100, 100, 250],1,19316.0
[100, 100, 250],2,531162.0
[100, 100, 300],0,21759.0
[100, 100, 300],1,21832.0
[100, 100, 300],2,594053.0
[100, 100, 350],0,23964.0
[100, 100, 350],1,23803.0
[100, 100, 350],2,656677.0
[100, 100, 400],0,24951.0
[100, 100, 400],1,24848.0
[100, 100, 400],2,677912.0
[100, 150, 0],0,2851.0
[100, 150, 0],1,75009.0
[100, 150, 0],2,2797.0
[100, 150, 50],0,2902.0
[100, 150, 50],1,75540.0
[100, 150, 50],2,2797.0
[100, 150, 100],0,2990.0
[100, 150, 100],1,79664.0
[100, 150, 100],2,2990.0
[100, 150, 150],0,1132.0
[100, 150, 150],1,25565.0
[100, 150, 150],2,1095.0
[100, 150, 200],0,933.0
[100, 150, 200],1,22072.0
[100, 150, 200],2,948.0
[100, 150, 250],0,853.0
[100, 150, 250],1,20227.0
[100, 150, 250],2,938.0
[100, 150, 300],0,985.0
[100, 150, 300],1,21956.0
[100, 150, 300],2,994.0
[100, 150, 350],0,1062.0
[100, 150, 350],1,24144.0
[100, 150, 350],2,1065.0
[100, 150, 400],0,1062.0
[100, 150, 400],1,24878.0
[100, 150, 400],2,1019.0
[100, 200, 0],0,2825.0
[100, 200, 0],1,74715.0
[100, 200, 0],2,2856.0
[100, 200, 50],0,2856.0
[100, 200, 50],1,75158.0
[100, 200, 50],2,2871.0
[100, 200, 100],0,2772.0
[100, 200, 100],1,74867.0
[100, 200, 100],2,2862.0
[100, 200, 150],0,750.0
[100, 200, 150],1,16682.0
[100, 200, 150],2,800.0
[100, 200, 200],0,481.0
[100, 200, 200],1,9041.0
[100, 200, 200],2,448.0
[100, 200, 250],0,242.0
[100, 200, 250],1,2855.0
[100, 200, 250],2,230.0
[100, 200, 300],0,197.0
[100, 200, 300],1,1919.0
[100, 200, 300],2,194.0
[100, 200, 350],0,188.0
[100, 200, 350],1,1344.0
[100, 200, 350],2,187.0
[100, 200, 400],0,165.0
[100, 200, 400],1,1253.0
[100, 200, 400],2,178.0
[100, 250, 0],0,2906.0
[100, 250, 0],1,75202.0
[100, 250, 0],2,2889.0
[100, 250, 50],0,2940.0
[100, 250, 50],1,75255.0
[100, 250, 50],2,2884.0
[100, 250, 100],0,2807.0
[100, 250, 100],1,75220.0
[100, 250, 100],2,2876.0
[100, 250, 150],0,744.0
[100, 250, 150],1,16480.0
[100, 250, 150],2,804.0
[100, 250, 200],0,427.0
[100, 250, 200],1,8684.0
[100, 250, 200],2,486.0
[100, 250, 250],0,231.0
[100, 250, 250],1,2473.0
[100, 250, 250],2,207.0
[100, 250, 300],0,158.0
[100, 250, 300],1,1230.0
[100, 250, 300],2,172.0
[100, 250, 350],0,136.0
[100, 250, 350],1,578.0
[100, 250, 350],2,118.0
[100, 250, 400],0,111.0
[100, 250, 400],1,348.0
[100, 250, 400],2,112.0
[100, 300, 0],0,2848.0
[100, 300, 0],1,74971.0
[100, 300, 0],2,3036.0
[100, 300, 50],0,2887.0
[100, 300, 50],1,75241.0
[100, 300, 50],2,2837.0
[100, 300, 100],0,2878.0
[100, 300, 100],1,75451.0
[100, 300, 100],2,2827.0
[100, 300, 150],0,736.0
[100, 300, 150],1,16512.0
[100, 300, 150],2,727.0
[100, 300, 200],0,477.0
[100, 300, 200],1,8618.0
[100, 300, 200],2,470.0
[100, 300, 250],0,208.0
[100, 300, 250],1,2470.0
[100, 300, 250],2,201.0
[100, 300, 300],0,169.0
[100, 300, 300],1,1196.0
[100, 300, 300],2,177.0
[100, 300, 350],0,128.0
[100, 300, 350],1,539.0
[100, 300, 350],2,127.0
[100, 300, 400],0,120.0
[100, 300, 400],1,318.0
[100, 300, 400],2,121.0
[100, 350, 0],0,2894.0
[100, 350, 0],1,74998.0
[100, 350, 0],2,2935.0
[100, 350, 50],0,2884.0
[100, 350, 50],1,75453.0
[100, 350, 50],2,2877.0
[100, 350, 100],0,2927.0
[100, 350, 100],1,75671.0
[100, 350, 100],2,2849.0
[100, 350, 150],0,773.0
[100, 350, 150],1,16520.0
[100, 350, 150],2,741.0
[100, 350, 200],0,424.0
[100, 350, 200],1,8864.0
[100, 350, 200],2,480.0
[100, 350, 250],0,223.0
[100, 350, 250],1,2516.0
[100, 350, 250],2,225.0
[100, 350, 300],0,165.0
[100, 350, 300],1,1193.0
[100, 350, 300],2,182.0
[100, 350, 350],0,107.0
[100, 350, 350],1,518.0
[100, 350, 350],2,139.0
[100, 350, 400],0,118.0
[100, 350, 400],1,296.0
[100, 350, 400],2,98.0
[100, 400, 0],0,2889.0
[100, 400, 0],1,75151.0
[100, 400, 0],2,2873.0
[100, 400, 50],0,2922.0
[100, 400, 50],1,74560.0
[100, 400, 50],2,2839.0
[100, 400, 100],0,2814.0
[100, 400, 100],1,74994.0
[100, 400, 100],2,2811.0
[100, 400, 150],0,739.0
[100, 400, 150],1,16603.0
[100, 400, 150],2,745.0
[100, 400, 200],0,462.0
[100, 400, 200],1,8616.0
[100, 400, 200],2,427.0
[100, 400, 250],0,219.0
[100, 400, 250],1,2359.0
[100, 400, 250],2,213.0
[100, 400, 300],0,145.0
[100, 400, 300],1,1172.0
[100, 400, 300],2,171.0
[100, 400, 350],0,130.0
[100, 400, 350],1,493.0
[100, 400, 350],2,116.0
[100, 400, 400],0,101.0
[100, 400, 400],1,318.0
[100, 400, 400],2,121.0
[100, 450, 0],0,2874.0
[100, 450, 0],1,74895.0
[100, 450, 0],2,2835.0
[100, 450, 50],0,2894.0
[100, 450, 50],1,75063.0
[100, 450, 50],2,2893.0
[100, 450, 100],0,2946.0
[100, 450, 100],1,75512.0
[100, 450, 100],2,2904.0
[100, 450, 150],0,747.0
[100, 450, 150],1,16729.0
[100, 450, 150],2,703.0
[100, 450, 200],0,476.0
[100, 450, 200],1,8759.0
[100, 450, 200],2,443.0
[100, 450, 250],0,219.0
[100, 450, 250],1,2448.0
[100, 450, 250],2,192.0
[100, 450, 300],0,146.0
[100, 450, 300],1,1218.0
[100, 450, 300],2,141.0
[100, 450, 350],0,150.0
[100, 450, 350],1,471.0
[100, 450, 350],2,107.0
[100, 450, 400],0,107.0
[100, 450, 400],1,298.0
[100, 450, 400],2,109.0
[150, 0, 0],0,75325.0
[150, 0, 0],1,2816.0
[150, 0, 0],2,2897.0
[150, 0, 50],0,74983.0
[150, 0, 50],1,2689.0
[150, 0, 50],2,2797.0
[150, 0, 100],0,75032.0
[150, 0, 100],1,2886.0
[150, 0, 100],2,2791.0
[150, 0, 150],0,74714.0
[150, 0, 150],1,2848.0
[150, 0, 150],2,2859.0
[150, 0, 200],0,75299.0
[150, 0, 200],1,2881.0
[150, 0, 200],2,2799.0
[150, 0, 250],0,74705.0
[150, 0, 250],1,2854.0
[150, 0, 250],2,2786.0
[150, 0, 300],0,75046.0
[150, 0, 300],1,2953.0
[150, 0, 300],2,2921.0
[150, 0, 350],0,30615.0
[150, 0, 350],1,1309.0
[150, 0, 350],2,1290.0
[150, 0, 400],0,18959.0
[150, 0, 400],1,830.0
[150, 0, 400],2,891.0
[150, 50, 0],0,75268.0
[150, 50, 0],1,2878.0
[150, 50, 0],2,2875.0
[150, 50, 50],0,75412.0
[150, 50, 50],1,2945.0
[150, 50, 50],2,2960.0
[150, 50, 100],0,74980.0
[150, 50, 100],1,2892.0
[150, 50, 100],2,2923.0
[150, 50, 150],0,75856.0
[150, 50, 150],1,2922.0
[150, 50, 150],2,2835.0
[150, 50, 200],0,75337.0
[150, 50, 200],1,2922.0
[150, 50, 200],2,2839.0
[150, 50, 250],0,75636.0
[150, 50, 250],1,2956.0
[150, 50, 250],2,2817.0
[150, 50, 300],0,75475.0
[150, 50, 300],1,2868.0
[150, 50, 300],2,2908.0
[150, 50, 350],0,31575.0
[150, 50, 350],1,1320.0
[150, 50, 350],2,1335.0
[150, 50, 400],0,19704.0
[150, 50, 400],1,906.0
[150, 50, 400],2,897.0
[150, 100, 0],0,75138.0
[150, 100, 0],1,2850.0
[150, 100, 0],2,2893.0
[150, 100, 50],0,75042.0
[150, 100, 50],1,2834.0
[150, 100, 50],2,2893.0
[150, 100, 100],0,79871.0
[150, 100, 100],1,3031.0
[150, 100, 100],2,3080.0
[150, 100, 150],0,84323.0
[150, 100, 150],1,3263.0
[150, 100, 150],2,3129.0
[150, 100, 200],0,86958.0
[150, 100, 200],1,3327.0
[150, 100, 200],2,3240.0
[150, 100, 250],0,89434.0
[150, 100, 250],1,3533.0
[150, 100, 250],2,3402.0
[150, 100, 300],0,91018.0
[150, 100, 300],1,3621.0
[150, 100, 300],2,3369.0
[150, 100, 350],0,49467.0
[150, 100, 350],1,2055.0
[150, 100, 350],2,2081.0
[150, 100, 400],0,39707.0
[150, 100, 400],1,1615.0
[150, 100, 400],2,1738.0
[150, 150, 0],0,2933.0
[150, 150, 0],1,2855.0
[150, 150, 0],2,74317.0
[150, 150, 50],0,7652.0
[150, 150, 50],1,7884.0
[150, 150, 50],2,209060.0
[150, 150, 100],0,12416.0
[150, 150, 100],1,12325.0
[150, 150, 100],2,334585.0
[150, 150, 150],0,16699.0
[150, 150, 150],1,16566.0
[150, 150, 150],2,460716.0
[150, 150, 200],0,19157.0
[150, 150, 200],1,19373.0
[150, 150, 200],2,531848.0
[150, 150, 250],0,21808.0
[150, 150, 250],1,22052.0
[150, 150, 250],2,598895.0
[150, 150, 300],0,24362.0
[150, 150, 300],1,24230.0
[150, 150, 300],2,662217.0
[150, 150, 350],0,24931.0
[150, 150, 350],1,25037.0
[150, 150, 350],2,680414.0
[150, 150, 400],0,25470.0
[150, 150, 400],1,25458.0
[150, 150, 400],2,691034.0
[150, 200, 0],0,2828.0
[150, 200, 0],1,75380.0
[150, 200, 0],2,2834.0
[150, 200, 50],0,2786.0
[150, 200, 50],1,74748.0
[150, 200, 50],2,2757.0
[150, 200, 100],0,3035.0
[150, 200, 100],1,79562.0
[150, 200, 100],2,3126.0
[150, 200, 150],0,3198.0
[150, 200, 150],1,83928.0
[150, 200, 150],2,3185.0
[150, 200, 200],0,1410.0
[150, 200, 200],1,33845.0
[150, 200, 200],2,1449.0
[150, 200, 250],0,1289.0
[150, 200, 250],1,29322.0
[150, 200, 250],2,1275.0
[150, 200, 300],0,1151.0
[150, 200, 300],1,25819.0
[150, 200, 300],2,1131.0
[150, 200, 350],0,1145.0
[150, 200, 350],1,25709.0
[150, 200, 350],2,1154.0
[150, 200, 400],0,1142.0
[150, 200, 400],1,25847.0
[150, 200, 400],2,1146.0
[150, 250, 0],0,2884.0
[150, 250, 0],1,75455.0
[150, 250, 0],2,2907.0
[150, 250, 50],0,2853.0
[150, 250, 50],1,75329.0
[150, 250, 50],2,2786.0
[150, 250, 100],0,2886.0
[150, 250, 100],1,75178.0
[150, 250, 100],2,2861.0
[150, 250, 150],0,2895.0
[150, 250, 150],1,75375.0
[150, 250, 150],2,2912.0
[150, 250, 200],0,929.0
[150, 250, 200],1,20702.0
[150, 250, 200],2,935.0
[150, 250, 250],0,602.0
[150, 250, 250],1,11819.0
[150, 250, 250],2,586.0
[150, 250, 300],0,305.0
[150, 250, 300],1,4212.0
[150, 250, 300],2,288.0
[150, 250, 350],0,240.0
[150, 250, 350],1,2561.0
[150, 250, 350],2,248.0
[150, 250, 400],0,176.0
[150, 250, 400],1,1687.0
[150, 250, 400],2,232.0
[150, 300, 0],0,2860.0
[150, 300, 0],1,75535.0
[150, 300, 0],2,2846.0
[150, 300, 50],0,2902.0
[150, 300, 50],1,74856.0
[150, 300, 50],2,2899.0
[150, 300, 100],0,2825.0
[150, 300, 100],1,75313.0
[150, 300, 100],2,2846.0
[150, 300, 150],0,2833.0
[150, 300, 150],1,75375.0
[150, 300, 150],2,2849.0
[150, 300, 200],0,878.0
[150, 300, 200],1,20499.0
[150, 300, 200],2,904.0
[150, 300, 250],0,553.0
[150, 300, 250],1,11414.0
[150, 300, 250],2,581.0
[150, 300, 300],0,285.0
[150, 300, 300],1,3590.0
[150, 300, 300],2,255.0
[150, 300, 350],0,204.0
[150, 300, 350],1,1762.0
[150, 300, 350],2,192.0
[150, 300, 400],0,167.0
[150, 300, 400],1,730.0
[150, 300, 400],2,164.0
[150, 350, 0],0,2856.0
[150, 350, 0],1,75249.0
[150, 350, 0],2,2920.0
[150, 350, 50],0,2883.0
[150, 350, 50],1,75058.0
[150, 350, 50],2,2861.0
[150, 350, 100],0,2884.0
[150, 350, 100],1,75352.0
[150, 350, 100],2,2892.0
[150, 350, 150],0,2885.0
[150, 350, 150],1,75636.0
[150, 350, 150],2,2838.0
[150, 350, 200],0,885.0
[150, 350, 200],1,20466.0
[150, 350, 200],2,884.0
[150, 350, 250],0,558.0
[150, 350, 250],1,11529.0
[150, 350, 250],2,547.0
[150, 350, 300],0,250.0
[150, 350, 300],1,3607.0
[150, 350, 300],2,266.0
[150, 350, 350],0,172.0
[150, 350, 350],1,1817.0
[150, 350, 350],2,182.0
[150, 350, 400],0,137.0
[150, 350, 400],1,768.0
[150, 350, 400],2,136.0
[150, 400, 0],0,2912.0
[150, 400, 0],1,75567.0
[150, 400, 0],2,2833.0
[150, 400, 50],0,2750.0
[150, 400, 50],1,75108.0
[150, 400, 50],2,2861.0
[150, 400, 100],0,2846.0
[150, 400, 100],1,74664.0
[150, 400, 100],2,2791.0
[150, 400, 150],0,2826.0
[150, 400, 150],1,74946.0
[150, 400, 150],2,2854.0
[150, 400, 200],0,858.0
[150, 400, 200],1,20506.0
[150, 400, 200],2,899.0
[150, 400, 250],0,536.0
[150, 400, 250],1,11250.0
[150, 400, 250],2,567.0
[150, 400, 300],0,238.0
[150, 400, 300],1,3416.0
[150, 400, 300],2,289.0
[150, 400, 350],0,190.0
[150, 400, 350],1,1718.0
[150, 400, 350],2,203.0
[150, 400, 400],0,139.0
[150, 400, 400],1,711.0
[150, 400, 400],2,153.0
[150, 450, 0],0,2895.0
[150, 450, 0],1,75046.0
[150, 450, 0],2,2900.0
[150, 450, 50],0,2864.0
[150, 450, 50],1,74799.0
[150, 450, 50],2,3010.0
[150, 450, 100],0,2920.0
[150, 450, 100],1,75260.0
[150, 450, 100],2,2800.0
[150, 450, 150],0,2821.0
[150, 450, 150],1,75472.0
[150, 450, 150],2,2893.0
[150, 450, 200],0,890.0
[150, 450, 200],1,20644.0
[150, 450, 200],2,884.0
[150, 450, 250],0,542.0
[150, 450, 250],1,11371.0
[150, 450, 250],2,601.0
[150, 450, 300],0,251.0
[150, 450, 300],1,3585.0
[150, 450, 300],2,285.0
[150, 450, 350],0,201.0
[150, 450, 350],1,1779.0
[150, 450, 350],2,207.0
[150, 450, 400],0,159.0
[150, 450, 400],1,702.0
[150, 450, 400],2,135.0
[200, 0, 0],0,74761.0
[200, 0, 0],1,2858.0
[200, 0, 0],2,2849.0
[200, 0, 50],0,75093.0
[200, 0, 50],1,2861.0
[200, 0, 50],2,2909.0
[200, 0, 100],0,74712.0
[200, 0, 100],1,2839.0
[200, 0, 100],2,2907.0
[200, 0, 150],0,75365.0
[200, 0, 150],1,2756.0
[200, 0, 150],2,2816.0
[200, 0, 200],0,74681.0
[200, 0, 200],1,2845.0
[200, 0, 200],2,2859.0
[200, 0, 250],0,75196.0
[200, 0, 250],1,2882.0
[200, 0, 250],2,2848.0
[200, 0, 300],0,27442.0
[200, 0, 300],1,1181.0
[200, 0, 300],2,1142.0
[200, 0, 350],0,16500.0
[200, 0, 350],1,745.0
[200, 0, 350],2,745.0
[200, 0, 400],0,5967.0
[200, 0, 400],1,366.0
[200, 0, 400],2,330.0
[200, 50, 0],0,75465.0
[200, 50, 0],1,2851.0
[200, 50, 0],2,2826.0
[200, 50, 50],0,74988.0
[200, 50, 50],1,2788.0
[200, 50, 50],2,2908.0
[200, 50, 100],0,75592.0
[200, 50, 100],1,2954.0
[200, 50, 100],2,2904.0
[200, 50, 150],0,75113.0
[200, 50, 150],1,2920.0
[200, 50, 150],2,2782.0
[200, 50, 200],0,75306.0
[200, 50, 200],1,2830.0
[200, 50, 200],2,2897.0
[200, 50, 250],0,75115.0
[200, 50, 250],1,2805.0
[200, 50, 250],2,2947.0
[200, 50, 300],0,27827.0
[200, 50, 300],1,1180.0
[200, 50, 300],2,1163.0
[200, 50, 350],0,16622.0
[200, 50, 350],1,741.0
[200, 50, 350],2,727.0
[200, 50, 400],0,6144.0
[200, 50, 400],1,346.0
[200, 50, 400],2,376.0
[200, 100, 0],0,75073.0
[200, 100, 0],1,2876.0
[200, 100, 0],2,2814.0
[200, 100, 50],0,75296.0
[200, 100, 50],1,2912.0
[200, 100, 50],2,2866.0
[200, 100, 100],0,75308.0
[200, 100, 100],1,2815.0
[200, 100, 100],2,2890.0
[200, 100, 150],0,75546.0
[200, 100, 150],1,2833.0
[200, 100, 150],2,2894.0
[200, 100, 200],0,76018.0
[200, 100, 200],1,2860.0
[200, 100, 200],2,2833.0
[200, 100, 250],0,75290.0
[200, 100, 250],1,2970.0
[200, 100, 250],2,3019.0
[200, 100, 300],0,28402.0
[200, 100, 300],1,1202.0
[200, 100, 300],2,1168.0
[200, 100, 350],0,17176.0
[200, 100, 350],1,806.0
[200, 100, 350],2,764.0
[200, 100, 400],0,6702.0
[200, 100, 400],1,396.0
[200, 100, 400],2,398.0
[200, 150, 0],0,75270.0
[200, 150, 0],1,2851.0
[200, 150, 0],2,2906.0
[200, 150, 50],0,74726.0
[200, 150, 50],1,2870.0
[200, 150, 50],2,2866.0
[200, 150, 100],0,79732.0
[200, 150, 100],1,3164.0
[200, 150, 100],2,3023.0
[200, 150, 150],0,84097.0
[200, 150, 150],1,3344.0
[200, 150, 150],2,3210.0
[200, 150, 200],0,88835.0
[200, 150, 200],1,3340.0
[200, 150, 200],2,3421.0
[200, 150, 250],0,91687.0
[200, 150, 250],1,3366.0
[200, 150, 250],2,3414.0
[200, 150, 300],0,46209.0
[200, 150, 300],1,1925.0
[200, 150, 300],2,1830.0
[200, 150, 350],0,37404.0
[200, 150, 350],1,1527.0
[200, 150, 350],2,1577.0
[200, 150, 400],0,29415.0
[200, 150, 400],1,1270.0
[200, 150, 400],2,1354.0
[200, 200, 0],0,2742.0
[200, 200, 0],1,2830.0
[200, 200, 0],2,74846.0
[200, 200, 50],0,7808.0
[200, 200, 50],1,7891.0
[200, 200, 50],2,209771.0
[200, 200, 100],0,12318.0
[200, 200, 100],1,12354.0
[200, 200, 100],2,334980.0
[200, 200, 150],0,16837.0
[200, 200, 150],1,17171.0
[200, 200, 150],2,460852.0
[200, 200, 200],0,21396.0
[200, 200, 200],1,21378.0
[200, 200, 200],2,586355.0
[200, 200, 250],0,23971.0
[200, 200, 250],1,23939.0
[200, 200, 250],2,660749.0
[200, 200, 300],0,24958.0
[200, 200, 300],1,24804.0
[200, 200, 300],2,682487.0
[200, 200, 350],0,25637.0
[200, 200, 350],1,25587.0
[200, 200, 350],2,691821.0
[200, 200, 400],0,25425.0
[200, 200, 400],1,25562.0
[200, 200, 400],2,694414.0
[200, 250, 0],0,2859.0
[200, 250, 0],1,75183.0
[200, 250, 0],2,2980.0
[200, 250, 50],0,2884.0
[200, 250, 50],1,75460.0
[200, 250, 50],2,2880.0
[200, 250, 100],0,3101.0
[200, 250, 100],1,79858.0
[200, 250, 100],2,3104.0
[200, 250, 150],0,3174.0
[200, 250, 150],1,84345.0
[200, 250, 150],2,3171.0
[200, 250, 200],0,3388.0
[200, 250, 200],1,88523.0
[200, 250, 200],2,3373.0
[200, 250, 250],0,1746.0
[200, 250, 250],1,42261.0
[200, 250, 250],2,1758.0
[200, 250, 300],0,1531.0
[200, 250, 300],1,34679.0
[200, 250, 300],2,1455.0
[200, 250, 350],0,1269.0
[200, 250, 350],1,28071.0
[200, 250, 350],2,1209.0
[200, 250, 400],0,1167.0
[200, 250, 400],1,26704.0
[200, 250, 400],2,1232.0
[200, 300, 0],0,2840.0
[200, 300, 0],1,74933.0
[200, 300, 0],2,2832.0
[200, 300, 50],0,2844.0
[200, 300, 50],1,75486.0
[200, 300, 50],2,2907.0
[200, 300, 100],0,2760.0
[200, 300, 100],1,74933.0
[200, 300, 100],2,2849.0
[200, 300, 150],0,2920.0
[200, 300, 150],1,75452.0
[200, 300, 150],2,2894.0
[200, 300, 200],0,3026.0
[200, 300, 200],1,75634.0
[200, 300, 200],2,2810.0
[200, 300, 250],0,1079.0
[200, 300, 250],1,24651.0
[200, 300, 250],2,1056.0
[200, 300, 300],0,707.0
[200, 300, 300],1,14566.0
[200, 300, 300],2,683.0
[200, 300, 350],0,330.0
[200, 300, 350],1,5489.0
[200, 300, 350],2,402.0
[200, 300, 400],0,286.0
[200, 300, 400],1,3124.0
[200, 300, 400],2,256.0
[200, 350, 0],0,2884.0
[200, 350, 0],1,75043.0
[200, 350, 0],2,2863.0
[200, 350, 50],0,2814.0
[200, 350, 50],1,75266.0
[200, 350, 50],2,2878.0
[200, 350, 100],0,2796.0
[200, 350, 100],1,75248.0
[200, 350, 100],2,2749.0
[200, 350, 150],0,2877.0
[200, 350, 150],1,75244.0
[200, 350, 150],2,2831.0
[200, 350, 200],0,2886.0
[200, 350, 200],1,75601.0
[200, 350, 200],2,2852.0
[200, 350, 250],0,1060.0
[200, 350, 250],1,24106.0
[200, 350, 250],2,1027.0
[200, 350, 300],0,712.0
[200, 350, 300],1,14097.0
[200, 350, 300],2,727.0
[200, 350, 350],0,341.0
[200, 350, 350],1,4812.0
[200, 350, 350],2,324.0
[200, 350, 400],0,211.0
[200, 350, 400],1,2476.0
[200, 350, 400],2,217.0
[200, 400, 0],0,2735.0
[200, 400, 0],1,75280.0
[200, 400, 0],2,2790.0
[200, 400, 50],0,2880.0
[200, 400, 50],1,75567.0
[200, 400, 50],2,2827.0
[200, 400, 100],0,2841.0
[200, 400, 100],1,75170.0
[200, 400, 100],2,2825.0
[200, 400, 150],0,2806.0
[200, 400, 150],1,74740.0
[200, 400, 150],2,2792.0
[200, 400, 200],0,2838.0
[200, 400, 200],1,74906.0
[200, 400, 200],2,2800.0
[200, 400, 250],0,1017.0
[200, 400, 250],1,24149.0
[200, 400, 250],2,1003.0
[200, 400, 300],0,650.0
[200, 400, 300],1,13757.0
[200, 400, 300],2,645.0
[200, 400, 350],0,307.0
[200, 400, 350],1,4609.0
[200, 400, 350],2,298.0
[200, 400, 400],0,227.0
[200, 400, 400],1,2282.0
[200, 400, 400],2,241.0
[200, 450, 0],0,2878.0
[200, 450, 0],1,75239.0
[200, 450, 0],2,3004.0
[200, 450, 50],0,2907.0
[200, 450, 50],1,75144.0
[200, 450, 50],2,2858.0
[200, 450, 100],0,2874.0
[200, 450, 100],1,74698.0
[200, 450, 100],2,2857.0
[200, 450, 150],0,2796.0
[200, 450, 150],1,75344.0
[200, 450, 150],2,2946.0
[200, 450, 200],0,2871.0
[200, 450, 200],1,75541.0
[200, 450, 200],2,2830.0
[200, 450, 250],0,1072.0
[200, 450, 250],1,24255.0
[200, 450, 250],2,1039.0
[200, 450, 300],0,684.0
[200, 450, 300],1,13998.0
[200, 450, 300],2,641.0
[200, 450, 350],0,318.0
[200, 450, 350],1,4756.0
[200, 450, 350],2,308.0
[200, 450, 400],0,218.0
[200, 450, 400],1,2397.0
[200, 450, 400],2,230.0
[250, 0, 0],0,75198.0
[250, 0, 0],1,2979.0
[250, 0, 0],2,2877.0
[250, 0, 50],0,74860.0
[250, 0, 50],1,2900.0
[250, 0, 50],2,2838.0
[250, 0, 100],0,75144.0
[250, 0, 100],1,2838.0
[250, 0, 100],2,2881.0
[250, 0, 150],0,74721.0
[250, 0, 150],1,2878.0
[250, 0, 150],2,2807.0
[250, 0, 200],0,75186.0
[250, 0, 200],1,2809.0
[250, 0, 200],2,2861.0
[250, 0, 250],0,24063.0
[250, 0, 250],1,1036.0
[250, 0, 250],2,1060.0
[250, 0, 300],0,13895.0
[250, 0, 300],1,684.0
[250, 0, 300],2,607.0
[250, 0, 350],0,4609.0
[250, 0, 350],1,304.0
[250, 0, 350],2,309.0
[250, 0, 400],0,2308.0
[250, 0, 400],1,228.0
[250, 0, 400],2,229.0
[250, 50, 0],0,74980.0
[250, 50, 0],1,2844.0
[250, 50, 0],2,2964.0
[250, 50, 50],0,75597.0
[250, 50, 50],1,2815.0
[250, 50, 50],2,2935.0
[250, 50, 100],0,75019.0
[250, 50, 100],1,2786.0
[250, 50, 100],2,2941.0
[250, 50, 150],0,75329.0
[250, 50, 150],1,2883.0
[250, 50, 150],2,2917.0
[250, 50, 200],0,75048.0
[250, 50, 200],1,2936.0
[250, 50, 200],2,2898.0
[250, 50, 250],0,24267.0
[250, 50, 250],1,1090.0
[250, 50, 250],2,1067.0
[250, 50, 300],0,14059.0
[250, 50, 300],1,651.0
[250, 50, 300],2,662.0
[250, 50, 350],0,4819.0
[250, 50, 350],1,331.0
[250, 50, 350],2,338.0
[250, 50, 400],0,2361.0
[250, 50, 400],1,212.0
[250, 50, 400],2,236.0
[250, 100, 0],0,75410.0
[250, 100, 0],1,2811.0
[250, 100, 0],2,2861.0
[250, 100, 50],0,75313.0
[250, 100, 50],1,2862.0
[250, 100, 50],2,2886.0
[250, 100, 100],0,75352.0
[250, 100, 100],1,2768.0
[250, 100, 100],2,2897.0
[250, 100, 150],0,75554.0
[250, 100, 150],1,2883.0
[250, 100, 150],2,2886.0
[250, 100, 200],0,75119.0
[250, 100, 200],1,2782.0
[250, 100, 200],2,2886.0
[250, 100, 250],0,24220.0
[250, 100, 250],1,1017.0
[250, 100, 250],2,1054.0
[250, 100, 300],0,13957.0
[250, 100, 300],1,652.0
[250, 100, 300],2,674.0
[250, 100, 350],0,4677.0
[250, 100, 350],1,346.0
[250, 100, 350],2,336.0
[250, 100, 400],0,2416.0
[250, 100, 400],1,233.0
[250, 100, 400],2,241.0
[250, 150, 0],0,74701.0
[250, 150, 0],1,2862.0
[250, 150, 0],2,2904.0
[250, 150, 50],0,75169.0
[250, 150, 50],1,2856.0
[250, 150, 50],2,2857.0
[250, 150, 100],0,75303.0
[250, 150, 100],1,2915.0
[250, 150, 100],2,2817.0
[250, 150, 150],0,75820.0
[250, 150, 150],1,2909.0
[250, 150, 150],2,2888.0
[250, 150, 200],0,75673.0
[250, 150, 200],1,2936.0
[250, 150, 200],2,2852.0
[250, 150, 250],0,24498.0
[250, 150, 250],1,1036.0
[250, 150, 250],2,1129.0
[250, 150, 300],0,14448.0
[250, 150, 300],1,706.0
[250, 150, 300],2,695.0
[250, 150, 350],0,5425.0
[250, 150, 350],1,346.0
[250, 150, 350],2,371.0
[250, 150, 400],0,3082.0
[250, 150, 400],1,300.0
[250, 150, 400],2,286.0
[250, 200, 0],0,75244.0
[250, 200, 0],1,2831.0
[250, 200, 0],2,2863.0
[250, 200, 50],0,75133.0
[250, 200, 50],1,2827.0
[250, 200, 50],2,2981.0
[250, 200, 100],0,80318.0
[250, 200, 100],1,3028.0
[250, 200, 100],2,3105.0
[250, 200, 150],0,84349.0
[250, 200, 150],1,3277.0
[250, 200, 150],2,3242.0
[250, 200, 200],0,88459.0
[250, 200, 200],1,3436.0
[250, 200, 200],2,3393.0
[250, 200, 250],0,42178.0
[250, 200, 250],1,1722.0
[250, 200, 250],2,1802.0
[250, 200, 300],0,34739.0
[250, 200, 300],1,1405.0
[250, 200, 300],2,1432.0
[250, 200, 350],0,27871.0
[250, 200, 350],1,1282.0
[250, 200, 350],2,1222.0
[250, 200, 400],0,26922.0
[250, 200, 400],1,1132.0
[250, 200, 400],2,1289.0
[250, 250, 0],0,2789.0
[250, 250, 0],1,2907.0
[250, 250, 0],2,75101.0
[250, 250, 50],0,7854.0
[250, 250, 50],1,7791.0
[250, 250, 50],2,210137.0
[250, 250, 100],0,12408.0
[250, 250, 100],1,12097.0
[250, 250, 100],2,336715.0
[250, 250, 150],0,16738.0
[250, 250, 150],1,17088.0
[250, 250, 150],2,462890.0
[250, 250, 200],0,21690.0
[250, 250, 200],1,21358.0
[250, 250, 200],2,588014.0
[250, 250, 250],0,24088.0
[250, 250, 250],1,24289.0
[250, 250, 250],2,662292.0
[250, 250, 300],0,24882.0
[250, 250, 300],1,25142.0
[250, 250, 300],2,683806.0
[250, 250, 350],0,25333.0
[250, 250, 350],1,25364.0
[250, 250, 350],2,693953.0
[250, 250, 400],0,25501.0
[250, 250, 400],1,25270.0
[250, 250, 400],2,697137.0
[250, 300, 0],0,2870.0
[250, 300, 0],1,75493.0
[250, 300, 0],2,2844.0
[250, 300, 50],0,2779.0
[250, 300, 50],1,74955.0
[250, 300, 50],2,2801.0
[250, 300, 100],0,3104.0
[250, 300, 100],1,80027.0
[250, 300, 100],2,3043.0
[250, 300, 150],0,3201.0
[250, 300, 150],1,83863.0
[250, 300, 150],2,3257.0
[250, 300, 200],0,3477.0
[250, 300, 200],1,88690.0
[250, 300, 200],2,3379.0
[250, 300, 250],0,3486.0
[250, 300, 250],1,91476.0
[250, 300, 250],2,3571.0
[250, 300, 300],0,1948.0
[250, 300, 300],1,46095.0
[250, 300, 300],2,1849.0
[250, 300, 350],0,1502.0
[250, 300, 350],1,37291.0
[250, 300, 350],2,1649.0
[250, 300, 400],0,1320.0
[250, 300, 400],1,29506.0
[250, 300, 400],2,1339.0
[250, 350, 0],0,2846.0
[250, 350, 0],1,75352.0
[250, 350, 0],2,2843.0
[250, 350, 50],0,2857.0
[250, 350, 50],1,74979.0
[250, 350, 50],2,2897.0
[250, 350, 100],0,2851.0
[250, 350, 100],1,75284.0
[250, 350, 100],2,2831.0
[250, 350, 150],0,2872.0
[250, 350, 150],1,75307.0
[250, 350, 150],2,2880.0
[250, 350, 200],0,2875.0
[250, 350, 200],1,75550.0
[250, 350, 200],2,2974.0
[250, 350, 250],0,2980.0
[250, 350, 250],1,75980.0
[250, 350, 250],2,2850.0
[250, 350, 300],0,1143.0
[250, 350, 300],1,28017.0
[250, 350, 300],2,1237.0
[250, 350, 350],0,763.0
[250, 350, 350],1,17333.0
[250, 350, 350],2,786.0
[250, 350, 400],0,414.0
[250, 350, 400],1,6781.0
[250, 350, 400],2,421.0
[250, 400, 0],0,2917.0
[250, 400, 0],1,75045.0
[250, 400, 0],2,2825.0
[250, 400, 50],0,2901.0
[250, 400, 50],1,75316.0
[250, 400, 50],2,2847.0
[250, 400, 100],0,2849.0
[250, 400, 100],1,75455.0
[250, 400, 100],2,2871.0
[250, 400, 150],0,2806.0
[250, 400, 150],1,75205.0
[250, 400, 150],2,2793.0
[250, 400, 200],0,2863.0
[250, 400, 200],1,74741.0
[250, 400, 200],2,2777.0
[250, 400, 250],0,2799.0
[250, 400, 250],1,74983.0
[250, 400, 250],2,2791.0
[250, 400, 300],0,1153.0
[250, 400, 300],1,27446.0
[250, 400, 300],2,1170.0
[250, 400, 350],0,734.0
[250, 400, 350],1,16304.0
[250, 400, 350],2,750.0
[250, 400, 400],0,405.0
[250, 400, 400],1,5892.0
[250, 400, 400],2,375.0
[250, 450, 0],0,2859.0
[250, 450, 0],1,75206.0
[250, 450, 0],2,2827.0
[250, 450, 50],0,2772.0
[250, 450, 50],1,75433.0
[250, 450, 50],2,2778.0
[250, 450, 100],0,2969.0
[250, 450, 100],1,74939.0
[250, 450, 100],2,2886.0
[250, 450, 150],0,2824.0
[250, 450, 150],1,74636.0
[250, 450, 150],2,2929.0
[250, 450, 200],0,2892.0
[250, 450, 200],1,75373.0
[250, 450, 200],2,2886.0
[250, 450, 250],0,2913.0
[250, 450, 250],1,75509.0
[250, 450, 250],2,2826.0
[250, 450, 300],0,1156.0
[250, 450, 300],1,27687.0
[250, 450, 300],2,1097.0
[250, 450, 350],0,758.0
[250, 450, 350],1,16524.0
[250, 450, 350],2,744.0
[250, 450, 400],0,367.0
[250, 450, 400],1,6029.0
[250, 450, 400],2,372.0
[300, 0, 0],0,74863.0
[300, 0, 0],1,2845.0
[300, 0, 0],2,2829.0
[300, 0, 50],0,75164.0
[300, 0, 50],1,2869.0
[300, 0, 50],2,2815.0
[300, 0, 100],0,74686.0
[300, 0, 100],1,2833.0
[300, 0, 100],2,2926.0
[300, 0, 150],0,75293.0
[300, 0, 150],1,2837.0
[300, 0, 150],2,2888.0
[300, 0, 200],0,20453.0
[300, 0, 200],1,850.0
[300, 0, 200],2,881.0
[300, 0, 250],0,11244.0
[300, 0, 250],1,527.0
[300, 0, 250],2,543.0
[300, 0, 300],0,3434.0
[300, 0, 300],1,271.0
[300, 0, 300],2,266.0
[300, 0, 350],0,1711.0
[300, 0, 350],1,184.0
[300, 0, 350],2,193.0
[300, 0, 400],0,698.0
[300, 0, 400],1,143.0
[300, 0, 400],2,134.0
[300, 50, 0],0,75532.0
[300, 50, 0],1,2833.0
[300, 50, 0],2,2751.0
[300, 50, 50],0,75023.0
[300, 50, 50],1,2783.0
[300, 50, 50],2,2839.0
[300, 50, 100],0,75234.0
[300, 50, 100],1,2919.0
[300, 50, 100],2,2775.0
[300, 50, 150],0,75045.0
[300, 50, 150],1,2799.0
[300, 50, 150],2,2871.0
[300, 50, 200],0,20696.0
[300, 50, 200],1,935.0
[300, 50, 200],2,939.0
[300, 50, 250],0,11500.0
[300, 50, 250],1,565.0
[300, 50, 250],2,551.0
[300, 50, 300],0,3646.0
[300, 50, 300],1,290.0
[300, 50, 300],2,246.0
[300, 50, 350],0,1730.0
[300, 50, 350],1,197.0
[300, 50, 350],2,186.0
[300, 50, 400],0,688.0
[300, 50, 400],1,129.0
[300, 50, 400],2,167.0
[300, 100, 0],0,75324.0
[300, 100, 0],1,2864.0
[300, 100, 0],2,2851.0
[300, 100, 50],0,75219.0
[300, 100, 50],1,2955.0
[300, 100, 50],2,2881.0
[300, 100, 100],0,75611.0
[300, 100, 100],1,2893.0
[300, 100, 100],2,2899.0
[300, 100, 150],0,75068.0
[300, 100, 150],1,2825.0
[300, 100, 150],2,2827.0
[300, 100, 200],0,20545.0
[300, 100, 200],1,849.0
[300, 100, 200],2,870.0
[300, 100, 250],0,11259.0
[300, 100, 250],1,578.0
[300, 100, 250],2,577.0
[300, 100, 300],0,3483.0
[300, 100, 300],1,263.0
[300, 100, 300],2,291.0
[300, 100, 350],0,1748.0
[300, 100, 350],1,180.0
[300, 100, 350],2,204.0
[300, 100, 400],0,748.0
[300, 100, 400],1,133.0
[300, 100, 400],2,169.0
[300, 150, 0],0,75127.0
[300, 150, 0],1,2804.0
[300, 150, 0],2,2933.0
[300, 150, 50],0,75308.0
[300, 150, 50],1,2947.0
[300, 150, 50],2,2893.0
[300, 150, 100],0,75636.0
[300, 150, 100],1,2916.0
[300, 150, 100],2,2866.0
[300, 150, 150],0,75229.0
[300, 150, 150],1,2851.0
[300, 150, 150],2,2869.0
[300, 150, 200],0,20471.0
[300, 150, 200],1,904.0
[300, 150, 200],2,880.0
[300, 150, 250],0,11354.0
[300, 150, 250],1,565.0
[300, 150, 250],2,567.0
[300, 150, 300],0,3522.0
[300, 150, 300],1,256.0
[300, 150, 300],2,251.0
[300, 150, 350],0,1770.0
[300, 150, 350],1,189.0
[300, 150, 350],2,213.0
[300, 150, 400],0,719.0
[300, 150, 400],1,143.0
[300, 150, 400],2,157.0
[300, 200, 0],0,75248.0
[300, 200, 0],1,2898.0
[300, 200, 0],2,2945.0
[300, 200, 50],0,75579.0
[300, 200, 50],1,2811.0
[300, 200, 50],2,2976.0
[300, 200, 100],0,75409.0
[300, 200, 100],1,2909.0
[300, 200, 100],2,2787.0
[300, 200, 150],0,74875.0
[300, 200, 150],1,2856.0
[300, 200, 150],2,2902.0
[300, 200, 200],0,20931.0
[300, 200, 200],1,922.0
[300, 200, 200],2,919.0
[300, 200, 250],0,11835.0
[300, 200, 250],1,616.0
[300, 200, 250],2,573.0
[300, 200, 300],0,4139.0
[300, 200, 300],1,324.0
[300, 200, 300],2,333.0
[300, 200, 350],0,2534.0
[300, 200, 350],1,259.0
[300, 200, 350],2,226.0
[300, 200, 400],0,1645.0
[300, 200, 400],1,224.0
[300, 200, 400],2,204.0
[300, 250, 0],0,75498.0
[300, 250, 0],1,2855.0
[300, 250, 0],2,2826.0
[300, 250, 50],0,75623.0
[300, 250, 50],1,2855.0
[300, 250, 50],2,2836.0
[300, 250, 100],0,80143.0
[300, 250, 100],1,3001.0
[300, 250, 100],2,3049.0
[300, 250, 150],0,83827.0
[300, 250, 150],1,3235.0
[300, 250, 150],2,3153.0
[300, 250, 200],0,34132.0
[300, 250, 200],1,1415.0
[300, 250, 200],2,1380.0
[300, 250, 250],0,29277.0
[300, 250, 250],1,1234.0
[300, 250, 250],2,1293.0
[300, 250, 300],0,26165.0
[300, 250, 300],1,1156.0
[300, 250, 300],2,1184.0
[300, 250, 350],0,25884.0
[300, 250, 350],1,1158.0
[300, 250, 350],2,1148.0
[300, 250, 400],0,25493.0
[300, 250, 400],1,1178.0
[300, 250, 400],2,1176.0
[300, 300, 0],0,2758.0
[300, 300, 0],1,2906.0
[300, 300, 0],2,75051.0
[300, 300, 50],0,7887.0
[300, 300, 50],1,7960.0
[300, 300, 50],2,210158.0
[300, 300, 100],0,12345.0
[300, 300, 100],1,12462.0
[300, 300, 100],2,335115.0
[300, 300, 150],0,16837.0
[300, 300, 150],1,16813.0
[300, 300, 150],2,461722.0
[300, 300, 200],0,19520.0
[300, 300, 200],1,19482.0
[300, 300, 200],2,532248.0
[300, 300, 250],0,21670.0
[300, 300, 250],1,21854.0
[300, 300, 250],2,599664.0
[300, 300, 300],0,24027.0
[300, 300, 300],1,24091.0
[300, 300, 300],2,663488.0
[300, 300, 350],0,25027.0
[300, 300, 350],1,25250.0
[300, 300, 350],2,681323.0
[300, 300, 400],0,25474.0
[300, 300, 400],1,25346.0
[300, 300, 400],2,691772.0
[300, 350, 0],0,2847.0
[300, 350, 0],1,75188.0
[300, 350, 0],2,2848.0
[300, 350, 50],0,2803.0
[300, 350, 50],1,75373.0
[300, 350, 50],2,2890.0
[300, 350, 100],0,2980.0
[300, 350, 100],1,79639.0
[300, 350, 100],2,3118.0
[300, 350, 150],0,3275.0
[300, 350, 150],1,84231.0
[300, 350, 150],2,3205.0
[300, 350, 200],0,3235.0
[300, 350, 200],1,86843.0
[300, 350, 200],2,3276.0
[300, 350, 250],0,3441.0
[300, 350, 250],1,89254.0
[300, 350, 250],2,3414.0
[300, 350, 300],0,3548.0
[300, 350, 300],1,91948.0
[300, 350, 300],2,3416.0
[300, 350, 350],0,2018.0
[300, 350, 350],1,48980.0
[300, 350, 350],2,1989.0
[300, 350, 400],0,1655.0
[300, 350, 400],1,39626.0
[300, 350, 400],2,1662.0
[300, 400, 0],0,2959.0
[300, 400, 0],1,75279.0
[300, 400, 0],2,2853.0
[300, 400, 50],0,2761.0
[300, 400, 50],1,75167.0
[300, 400, 50],2,2809.0
[300, 400, 100],0,2763.0
[300, 400, 100],1,75432.0
[300, 400, 100],2,2842.0
[300, 400, 150],0,2848.0
[300, 400, 150],1,75664.0
[300, 400, 150],2,2837.0
[300, 400, 200],0,2890.0
[300, 400, 200],1,75480.0
[300, 400, 200],2,2886.0
[300, 400, 250],0,2829.0
[300, 400, 250],1,75116.0
[300, 400, 250],2,2877.0
[300, 400, 300],0,2861.0
[300, 400, 300],1,75331.0
[300, 400, 300],2,2893.0
[300, 400, 350],0,1313.0
[300, 400, 350],1,31054.0
[300, 400, 350],2,1331.0
[300, 400, 400],0,901.0
[300, 400, 400],1,19365.0
[300, 400, 400],2,815.0
[300, 450, 0],0,2917.0
[300, 450, 0],1,75538.0
[300, 450, 0],2,2891.0
[300, 450, 50],0,2872.0
[300, 450, 50],1,75137.0
[300, 450, 50],2,2909.0
[300, 450, 100],0,2805.0
[300, 450, 100],1,75526.0
[300, 450, 100],2,2891.0
[300, 450, 150],0,2878.0
[300, 450, 150],1,74787.0
[300, 450, 150],2,2939.0
[300, 450, 200],0,2821.0
[300, 450, 200],1,74710.0
[300, 450, 200],2,2857.0
[300, 450, 250],0,2859.0
[300, 450, 250],1,75425.0
[300, 450, 250],2,2888.0
[300, 450, 300],0,2931.0
[300, 450, 300],1,75375.0
[300, 450, 300],2,2979.0
[300, 450, 350],0,1268.0
[300, 450, 350],1,30995.0
[300, 450, 350],2,1338.0
[300, 450, 400],0,851.0
[300, 450, 400],1,19005.0
[300, 450, 400],2,865.0
[350, 0, 0],0,75040.0
[350, 0, 0],1,2942.0
[350, 0, 0],2,2845.0
[350, 0, 50],0,74730.0
[350, 0, 50],1,2884.0
[350, 0, 50],2,2788.0
[350, 0, 100],0,75254.0
[350, 0, 100],1,2837.0
[350, 0, 100],2,2846.0
[350, 0, 150],0,16418.0
[350, 0, 150],1,758.0
[350, 0, 150],2,713.0
[350, 0, 200],0,8624.0
[350, 0, 200],1,442.0
[350, 0, 200],2,467.0
[350, 0, 250],0,2392.0
[350, 0, 250],1,206.0
[350, 0, 250],2,191.0
[350, 0, 300],0,1138.0
[350, 0, 300],1,153.0
[350, 0, 300],2,148.0
[350, 0, 350],0,478.0
[350, 0, 350],1,146.0
[350, 0, 350],2,132.0
[350, 0, 400],0,298.0
[350, 0, 400],1,108.0
[350, 0, 400],2,96.0
[350, 50, 0],0,75050.0
[350, 50, 0],1,2826.0
[350, 50, 0],2,2850.0
[350, 50, 50],0,75274.0
[350, 50, 50],1,2874.0
[350, 50, 50],2,2799.0
[350, 50, 100],0,75154.0
[350, 50, 100],1,2821.0
[350, 50, 100],2,2920.0
[350, 50, 150],0,16816.0
[350, 50, 150],1,787.0
[350, 50, 150],2,712.0
[350, 50, 200],0,8741.0
[350, 50, 200],1,425.0
[350, 50, 200],2,463.0
[350, 50, 250],0,2541.0
[350, 50, 250],1,215.0
[350, 50, 250],2,205.0
[350, 50, 300],0,1216.0
[350, 50, 300],1,139.0
[350, 50, 300],2,129.0
[350, 50, 350],0,467.0
[350, 50, 350],1,129.0
[350, 50, 350],2,127.0
[350, 50, 400],0,305.0
[350, 50, 400],1,110.0
[350, 50, 400],2,120.0
[350, 100, 0],0,75393.0
[350, 100, 0],1,2849.0
[350, 100, 0],2,2850.0
[350, 100, 50],0,75660.0
[350, 100, 50],1,2884.0
[350, 100, 50],2,2835.0
[350, 100, 100],0,75053.0
[350, 100, 100],1,2840.0
[350, 100, 100],2,2922.0
[350, 100, 150],0,16554.0
[350, 100, 150],1,771.0
[350, 100, 150],2,781.0
[350, 100, 200],0,8762.0
[350, 100, 200],1,461.0
[350, 100, 200],2,437.0
[350, 100, 250],0,2443.0
[350, 100, 250],1,218.0
[350, 100, 250],2,216.0
[350, 100, 300],0,1189.0
[350, 100, 300],1,177.0
[350, 100, 300],2,162.0
[350, 100, 350],0,500.0
[350, 100, 350],1,144.0
[350, 100, 350],2,119.0
[350, 100, 400],0,328.0
[350, 100, 400],1,118.0
[350, 100, 400],2,109.0
[350, 150, 0],0,75353.0
[350, 150, 0],1,2827.0
[350, 150, 0],2,2886.0
[350, 150, 50],0,75669.0
[350, 150, 50],1,2824.0
[350, 150, 50],2,2878.0
[350, 150, 100],0,75168.0
[350, 150, 100],1,2852.0
[350, 150, 100],2,2914.0
[350, 150, 150],0,16477.0
[350, 150, 150],1,751.0
[350, 150, 150],2,713.0
[350, 150, 200],0,8670.0
[350, 150, 200],1,469.0
[350, 150, 200],2,443.0
[350, 150, 250],0,2426.0
[350, 150, 250],1,199.0
[350, 150, 250],2,207.0
[350, 150, 300],0,1215.0
[350, 150, 300],1,161.0
[350, 150, 300],2,139.0
[350, 150, 350],0,460.0
[350, 150, 350],1,123.0
[350, 150, 350],2,142.0
[350, 150, 400],0,300.0
[350, 150, 400],1,119.0
[350, 150, 400],2,110.0
[350, 200, 0],0,75590.0
[350, 200, 0],1,2748.0
[350, 200, 0],2,2843.0
[350, 200, 50],0,75302.0
[350, 200, 50],1,2798.0
[350, 200, 50],2,2772.0
[350, 200, 100],0,74818.0
[350, 200, 100],1,2856.0
[350, 200, 100],2,2834.0
[350, 200, 150],0,16593.0
[350, 200, 150],1,725.0
[350, 200, 150],2,721.0
[350, 200, 200],0,8669.0
[350, 200, 200],1,460.0
[350, 200, 200],2,464.0
[350, 200, 250],0,2501.0
[350, 200, 250],1,232.0
[350, 200, 250],2,206.0
[350, 200, 300],0,1281.0
[350, 200, 300],1,149.0
[350, 200, 300],2,140.0
[350, 200, 350],0,565.0
[350, 200, 350],1,111.0
[350, 200, 350],2,134.0
[350, 200, 400],0,350.0
[350, 200, 400],1,143.0
[350, 200, 400],2,130.0
[350, 250, 0],0,75581.0
[350, 250, 0],1,2921.0
[350, 250, 0],2,2835.0
[350, 250, 50],0,75566.0
[350, 250, 50],1,2856.0
[350, 250, 50],2,2890.0
[350, 250, 100],0,75069.0
[350, 250, 100],1,2915.0
[350, 250, 100],2,2763.0
[350, 250, 150],0,16686.0
[350, 250, 150],1,723.0
[350, 250, 150],2,759.0
[350, 250, 200],0,9066.0
[350, 250, 200],1,436.0
[350, 250, 200],2,484.0
[350, 250, 250],0,2923.0
[350, 250, 250],1,259.0
[350, 250, 250],2,277.0
[350, 250, 300],0,1864.0
[350, 250, 300],1,182.0
[350, 250, 300],2,194.0
[350, 250, 350],0,1335.0
[350, 250, 350],1,186.0
[350, 250, 350],2,186.0
[350, 250, 400],0,1238.0
[350, 250, 400],1,195.0
[350, 250, 400],2,165.0
[350, 300, 0],0,75461.0
[350, 300, 0],1,2870.0
[350, 300, 0],2,2729.0
[350, 300, 50],0,74809.0
[350, 300, 50],1,2821.0
[350, 300, 50],2,2713.0
[350, 300, 100],0,80230.0
[350, 300, 100],1,3133.0
[350, 300, 100],2,3073.0
[350, 300, 150],0,25665.0
[350, 300, 150],1,1090.0
[350, 300, 150],2,1087.0
[350, 300, 200],0,22250.0
[350, 300, 200],1,977.0
[350, 300, 200],2,1007.0
[350, 300, 250],0,20466.0
[350, 300, 250],1,929.0
[350, 300, 250],2,911.0
[350, 300, 300],0,22017.0
[350, 300, 300],1,1025.0
[350, 300, 300],2,1002.0
[350, 300, 350],0,23978.0
[350, 300, 350],1,1099.0
[350, 300, 350],2,1012.0
[350, 300, 400],0,25084.0
[350, 300, 400],1,1108.0
[350, 300, 400],2,1125.0
[350, 350, 0],0,2866.0
[350, 350, 0],1,2901.0
[350, 350, 0],2,75013.0
[350, 350, 50],0,7868.0
[350, 350, 50],1,7842.0
[350, 350, 50],2,209628.0
[350, 350, 100],0,12309.0
[350, 350, 100],1,12364.0
[350, 350, 100],2,335396.0
[350, 350, 150],0,14842.0
[350, 350, 150],1,14739.0
[350, 350, 150],2,402545.0
[350, 350, 200],0,17283.0
[350, 350, 200],1,17101.0
[350, 350, 200],2,467386.0
[350, 350, 250],0,19518.0
[350, 350, 250],1,19474.0
[350, 350, 250],2,530194.0
[350, 350, 300],0,21554.0
[350, 350, 300],1,22079.0
[350, 350, 300],2,592791.0
[350, 350, 350],0,23621.0
[350, 350, 350],1,24018.0
[350, 350, 350],2,656280.0
[350, 350, 400],0,24647.0
[350, 350, 400],1,24969.0
[350, 350, 400],2,677481.0
[350, 400, 0],0,2839.0
[350, 400, 0],1,75527.0
[350, 400, 0],2,2853.0
[350, 400, 50],0,2912.0
[350, 400, 50],1,75255.0
[350, 400, 50],2,2844.0
[350, 400, 100],0,3052.0
[350, 400, 100],1,79733.0
[350, 400, 100],2,3088.0
[350, 400, 150],0,3214.0
[350, 400, 150],1,82388.0
[350, 400, 150],2,3061.0
[350, 400, 200],0,3195.0
[350, 400, 200],1,84631.0
[350, 400, 200],2,3236.0
[350, 400, 250],0,3225.0
[350, 400, 250],1,86813.0
[350, 400, 250],2,3317.0
[350, 400, 300],0,3359.0
[350, 400, 300],1,88453.0
[350, 400, 300],2,3517.0
[350, 400, 350],0,3446.0
[350, 400, 350],1,90836.0
[350, 400, 350],2,3501.0
[350, 400, 400],0,2127.0
[350, 400, 400],1,51952.0
[350, 400, 400],2,2097.0
[350, 450, 0],0,2821.0
[350, 450, 0],1,75313.0
[350, 450, 0],2,2851.0
[350, 450, 50],0,2880.0
[350, 450, 50],1,75435.0
[350, 450, 50],2,2890.0
[350, 450, 100],0,2774.0
[350, 450, 100],1,75367.0
[350, 450, 100],2,2806.0
[350, 450, 150],0,2813.0
[350, 450, 150],1,75566.0
[350, 450, 150],2,2920.0
[350, 450, 200],0,2942.0
[350, 450, 200],1,75099.0
[350, 450, 200],2,2801.0
[350, 450, 250],0,2888.0
[350, 450, 250],1,74867.0
[350, 450, 250],2,2881.0
[350, 450, 300],0,2935.0
[350, 450, 300],1,75710.0
[350, 450, 300],2,2879.0
[350, 450, 350],0,2859.0
[350, 450, 350],1,75932.0
[350, 450, 350],2,2820.0
[350, 450, 400],0,1379.0
[350, 450, 400],1,34443.0
[350, 450, 400],2,1388.0
[400, 0, 0],0,74712.0
[400, 0, 0],1,2860.0
[400, 0, 0],2,2898.0
[400, 0, 50],0,75280.0
[400, 0, 50],1,2858.0
[400, 0, 50],2,2826.0
[400, 0, 100],0,12210.0
[400, 0, 100],1,554.0
[400, 0, 100],2,543.0
[400, 0, 150],0,5983.0
[400, 0, 150],1,307.0
[400, 0, 150],2,306.0
[400, 0, 200],0,1472.0
[400, 0, 200],1,171.0
[400, 0, 200],2,149.0
[400, 0, 250],0,721.0
[400, 0, 250],1,151.0
[400, 0, 250],2,92.0
[400, 0, 300],0,337.0
[400, 0, 300],1,100.0
[400, 0, 300],2,72.0
[400, 0, 350],0,186.0
[400, 0, 350],1,88.0
[400, 0, 350],2,86.0
[400, 0, 400],0,166.0
[400, 0, 400],1,90.0
[400, 0, 400],2,94.0
[400, 50, 0],0,75264.0
[400, 50, 0],1,2841.0
[400, 50, 0],2,2819.0
[400, 50, 50],0,75313.0
[400, 50, 50],1,2918.0
[400, 50, 50],2,2900.0
[400, 50, 100],0,12476.0
[400, 50, 100],1,581.0
[400, 50, 100],2,597.0
[400, 50, 150],0,6118.0
[400, 50, 150],1,318.0
[400, 50, 150],2,321.0
[400, 50, 200],0,1563.0
[400, 50, 200],1,157.0
[400, 50, 200],2,184.0
[400, 50, 250],0,714.0
[400, 50, 250],1,129.0
[400, 50, 250],2,114.0
[400, 50, 300],0,304.0
[400, 50, 300],1,106.0
[400, 50, 300],2,101.0
[400, 50, 350],0,211.0
[400, 50, 350],1,95.0
[400, 50, 350],2,77.0
[400, 50, 400],0,165.0
[400, 50, 400],1,86.0
[400, 50, 400],2,84.0
[400, 100, 0],0,75665.0
[400, 100, 0],1,2855.0
[400, 100, 0],2,2807.0
[400, 100, 50],0,75025.0
[400, 100, 50],1,2888.0
[400, 100, 50],2,2805.0
[400, 100, 100],0,12291.0
[400, 100, 100],1,595.0
[400, 100, 100],2,644.0
[400, 100, 150],0,6054.0
[400, 100, 150],1,331.0
[400, 100, 150],2,367.0
[400, 100, 200],0,1591.0
[400, 100, 200],1,162.0
[400, 100, 200],2,164.0
[400, 100, 250],0,734.0
[400, 100, 250],1,124.0
[400, 100, 250],2,135.0
[400, 100, 300],0,338.0
[400, 100, 300],1,101.0
[400, 100, 300],2,102.0
[400, 100, 350],0,256.0
[400, 100, 350],1,86.0
[400, 100, 350],2,99.0
[400, 100, 400],0,167.0
[400, 100, 400],1,79.0
[400, 100, 400],2,97.0
[400, 150, 0],0,75681.0
[400, 150, 0],1,2906.0
[400, 150, 0],2,2855.0
[400, 150, 50],0,75109.0
[400, 150, 50],1,2825.0
[400, 150, 50],2,2711.0
[400, 150, 100],0,12111.0
[400, 150, 100],1,541.0
[400, 150, 100],2,599.0
[400, 150, 150],0,6018.0
[400, 150, 150],1,335.0
[400, 150, 150],2,340.0
[400, 150, 200],0,1485.0
[400, 150, 200],1,169.0
[400, 150, 200],2,160.0
[400, 150, 250],0,743.0
[400, 150, 250],1,106.0
[400, 150, 250],2,138.0
[400, 150, 300],0,330.0
[400, 150, 300],1,103.0
[400, 150, 300],2,107.0
[400, 150, 350],0,198.0
[400, 150, 350],1,90.0
[400, 150, 350],2,102.0
[400, 150, 400],0,151.0
[400, 150, 400],1,92.0
[400, 150, 400],2,87.0
[400, 200, 0],0,75131.0
[400, 200, 0],1,2903.0
[400, 200, 0],2,2891.0
[400, 200, 50],0,74925.0
[400, 200, 50],1,2891.0
[400, 200, 50],2,2905.0
[400, 200, 100],0,12296.0
[400, 200, 100],1,623.0
[400, 200, 100],2,578.0
[400, 200, 150],0,6016.0
[400, 200, 150],1,338.0
[400, 200, 150],2,338.0
[400, 200, 200],0,1553.0
[400, 200, 200],1,149.0
[400, 200, 200],2,172.0
[400, 200, 250],0,748.0
[400, 200, 250],1,143.0
[400, 200, 250],2,142.0
[400, 200, 300],0,346.0
[400, 200, 300],1,121.0
[400, 200, 300],2,105.0
[400, 200, 350],0,230.0
[400, 200, 350],1,88.0
[400, 200, 350],2,87.0
[400, 200, 400],0,147.0
[400, 200, 400],1,81.0
[400, 200, 400],2,96.0
[400, 250, 0],0,75622.0
[400, 250, 0],1,2826.0
[400, 250, 0],2,2794.0
[400, 250, 50],0,75002.0
[400, 250, 50],1,2855.0
[400, 250, 50],2,2946.0
[400, 250, 100],0,12404.0
[400, 250, 100],1,611.0
[400, 250, 100],2,590.0
[400, 250, 150],0,5992.0
[400, 250, 150],1,334.0
[400, 250, 150],2,365.0
[400, 250, 200],0,1560.0
[400, 250, 200],1,172.0
[400, 250, 200],2,161.0
[400, 250, 250],0,729.0
[400, 250, 250],1,124.0
[400, 250, 250],2,123.0
[400, 250, 300],0,357.0
[400, 250, 300],1,104.0
[400, 250, 300],2,132.0
[400, 250, 350],0,254.0
[400, 250, 350],1,121.0
[400, 250, 350],2,92.0
[400, 250, 400],0,191.0
[400, 250, 400],1,112.0
[400, 250, 400],2,97.0
[400, 300, 0],0,74708.0
[400, 300, 0],1,2975.0
[400, 300, 0],2,2841.0
[400, 300, 50],0,75763.0
[400, 300, 50],1,2947.0
[400, 300, 50],2,2820.0
[400, 300, 100],0,12307.0
[400, 300, 100],1,529.0
[400, 300, 100],2,619.0
[400, 300, 150],0,6334.0
[400, 300, 150],1,380.0
[400, 300, 150],2,360.0
[400, 300, 200],0,1817.0
[400, 300, 200],1,204.0
[400, 300, 200],2,156.0
[400, 300, 250],0,1279.0
[400, 300, 250],1,139.0
[400, 300, 250],2,146.0
[400, 300, 300],0,996.0
[400, 300, 300],1,145.0
[400, 300, 300],2,169.0
[400, 300, 350],0,1055.0
[400, 300, 350],1,148.0
[400, 300, 350],2,162.0
[400, 300, 400],0,1082.0
[400, 300, 400],1,165.0
[400, 300, 400],2,148.0
[400, 350, 0],0,75137.0
[400, 350, 0],1,2877.0
[400, 350, 0],2,2920.0
[400, 350, 50],0,75068.0
[400, 350, 50],1,2839.0
[400, 350, 50],2,2897.0
[400, 350, 100],0,17091.0
[400, 350, 100],1,733.0
[400, 350, 100],2,826.0
[400, 350, 150],0,14994.0
[400, 350, 150],1,708.0
[400, 350, 150],2,690.0
[400, 350, 200],0,14957.0
[400, 350, 200],1,682.0
[400, 350, 200],2,720.0
[400, 350, 250],0,16976.0
[400, 350, 250],1,786.0
[400, 350, 250],2,785.0
[400, 350, 300],0,19180.0
[400, 350, 300],1,871.0
[400, 350, 300],2,879.0
[400, 350, 350],0,21837.0
[400, 350, 350],1,912.0
[400, 350, 350],2,997.0
[400, 350, 400],0,23765.0
[400, 350, 400],1,1037.0
[400, 350, 400],2,1098.0
[400, 400, 0],0,2879.0
[400, 400, 0],1,2918.0
[400, 400, 0],2,75658.0
[400, 400, 50],0,7862.0
[400, 400, 50],1,7711.0
[400, 400, 50],2,211047.0
[400, 400, 100],0,10143.0
[400, 400, 100],1,10000.0
[400, 400, 100],2,274020.0
[400, 400, 150],0,12337.0
[400, 400, 150],1,12359.0
[400, 400, 150],2,336765.0
[400, 400, 200],0,14639.0
[400, 400, 200],1,14561.0
[400, 400, 200],2,399856.0
[400, 400, 250],0,16896.0
[400, 400, 250],1,17037.0
[400, 400, 250],2,462654.0
[400, 400, 300],0,18935.0
[400, 400, 300],1,19292.0
[400, 400, 300],2,525685.0
[400, 400, 350],0,21621.0
[400, 400, 350],1,21818.0
[400, 400, 350],2,587551.0
[400, 400, 400],0,23515.0
[400, 400, 400],1,23639.0
[400, 400, 400],2,650284.0
[400, 450, 0],0,2816.0
[400, 450, 0],1,75264.0
[400, 450, 0],2,2911.0
[400, 450, 50],0,2920.0
[400, 450, 50],1,75250.0
[400, 450, 50],2,2891.0
[400, 450, 100],0,2967.0
[400, 450, 100],1,77584.0
[400, 450, 100],2,3072.0
[400, 450, 150],0,3135.0
[400, 450, 150],1,79858.0
[400, 450, 150],2,3112.0
[400, 450, 200],0,3125.0
[400, 450, 200],1,82393.0
[400, 450, 200],2,3162.0
[400, 450, 250],0,3218.0
[400, 450, 250],1,84298.0
[400, 450, 250],2,3246.0
[400, 450, 300],0,3357.0
[400, 450, 300],1,86504.0
[400, 450, 300],2,3249.0
[400, 450, 350],0,3395.0
[400, 450, 350],1,89275.0
[400, 450, 350],2,3464.0
[400, 450, 400],0,3580.0
[400, 450, 400],1,91672.0
[400, 450, 400],2,3535.0
[450, 0, 0],0,75124.0
[450, 0, 0],1,2738.0
[450, 0, 0],2,2778.0
[450, 0, 50],0,7597.0
[450, 0, 50],1,380.0
[450, 0, 50],2,399.0
[450, 0, 100],0,3216.0
[450, 0, 100],1,224.0
[450, 0, 100],2,197.0
[450, 0, 150],0,728.0
[450, 0, 150],1,112.0
[450, 0, 150],2,135.0
[450, 0, 200],0,373.0
[450, 0, 200],1,82.0
[450, 0, 200],2,99.0
[450, 0, 250],0,211.0
[450, 0, 250],1,68.0
[450, 0, 250],2,73.0
[450, 0, 300],0,135.0
[450, 0, 300],1,68.0
[450, 0, 300],2,89.0
[450, 0, 350],0,118.0
[450, 0, 350],1,75.0
[450, 0, 350],2,64.0
[450, 0, 400],0,96.0
[450, 0, 400],1,60.0
[450, 0, 400],2,71.0
[450, 50, 0],0,75486.0
[450, 50, 0],1,2966.0
[450, 50, 0],2,2934.0
[450, 50, 50],0,7880.0
[450, 50, 50],1,457.0
[450, 50, 50],2,404.0
[450, 50, 100],0,3339.0
[450, 50, 100],1,231.0
[450, 50, 100],2,209.0
[450, 50, 150],0,796.0
[450, 50, 150],1,113.0
[450, 50, 150],2,112.0
[450, 50, 200],0,348.0
[450, 50, 200],1,101.0
[450, 50, 200],2,94.0
[450, 50, 250],0,182.0
[450, 50, 250],1,79.0
[450, 50, 250],2,91.0
[450, 50, 300],0,143.0
[450, 50, 300],1,75.0
[450, 50, 300],2,81.0
[450, 50, 350],0,129.0
[450, 50, 350],1,66.0
[450, 50, 350],2,67.0
[450, 50, 400],0,97.0
[450, 50, 400],1,64.0
[450, 50, 400],2,67.0
[450, 100, 0],0,75062.0
[450, 100, 0],1,2879.0
[450, 100, 0],2,2915.0
[450, 100, 50],0,7841.0
[450, 100, 50],1,406.0
[450, 100, 50],2,402.0
[450, 100, 100],0,3268.0
[450, 100, 100],1,203.0
[450, 100, 100],2,225.0
[450, 100, 150],0,779.0
[450, 100, 150],1,109.0
[450, 100, 150],2,135.0
[450, 100, 200],0,368.0
[450, 100, 200],1,101.0
[450, 100, 200],2,106.0
[450, 100, 250],0,188.0
[450, 100, 250],1,95.0
[450, 100, 250],2,86.0
[450, 100, 300],0,162.0
[450, 100, 300],1,69.0
[450, 100, 300],2,74.0
[450, 100, 350],0,100.0
[450, 100, 350],1,71.0
[450, 100, 350],2,73.0
[450, 100, 400],0,96.0
[450, 100, 400],1,67.0
[450, 100, 400],2,67.0
[450, 150, 0],0,74963.0
[450, 150, 0],1,2783.0
[450, 150, 0],2,2841.0
[450, 150, 50],0,7716.0
[450, 150, 50],1,402.0
[450, 150, 50],2,412.0
[450, 150, 100],0,3242.0
[450, 150, 100],1,187.0
[450, 150, 100],2,210.0
[450, 150, 150],0,723.0
[450, 150, 150],1,107.0
[450, 150, 150],2,108.0
[450, 150, 200],0,358.0
[450, 150, 200],1,104.0
[450, 150, 200],2,88.0
[450, 150, 250],0,203.0
[450, 150, 250],1,67.0
[450, 150, 250],2,91.0
[450, 150, 300],0,122.0
[450, 150, 300],1,63.0
[450, 150, 300],2,79.0
[450, 150, 350],0,105.0
[450, 150, 350],1,67.0
[450, 150, 350],2,73.0
[450, 150, 400],0,97.0
[450, 150, 400],1,66.0
[450, 150, 400],2,67.0
[450, 200, 0],0,75082.0
[450, 200, 0],1,2961.0
[450, 200, 0],2,2761.0
[450, 200, 50],0,7794.0
[450, 200, 50],1,434.0
[450, 200, 50],2,397.0
[450, 200, 100],0,3258.0
[450, 200, 100],1,224.0
[450, 200, 100],2,240.0
[450, 200, 150],0,811.0
[450, 200, 150],1,142.0
[450, 200, 150],2,134.0
[450, 200, 200],0,401.0
[450, 200, 200],1,100.0
[450, 200, 200],2,113.0
[450, 200, 250],0,198.0
[450, 200, 250],1,86.0
[450, 200, 250],2,78.0
[450, 200, 300],0,151.0
[450, 200, 300],1,75.0
[450, 200, 300],2,81.0
[450, 200, 350],0,126.0
[450, 200, 350],1,63.0
[450, 200, 350],2,88.0
[450, 200, 400],0,104.0
[450, 200, 400],1,76.0
[450, 200, 400],2,59.0
[450, 250, 0],0,75088.0
[450, 250, 0],1,2899.0
[450, 250, 0],2,2858.0
[450, 250, 50],0,7803.0
[450, 250, 50],1,409.0
[450, 250, 50],2,371.0
[450, 250, 100],0,3186.0
[450, 250, 100],1,234.0
[450, 250, 100],2,215.0
[450, 250, 150],0,805.0
[450, 250, 150],1,124.0
[450, 250, 150],2,131.0
[450, 250, 200],0,379.0
[450, 250, 200],1,99.0
[450, 250, 200],2,111.0
[450, 250, 250],0,211.0
[450, 250, 250],1,84.0
[450, 250, 250],2,87.0
[450, 250, 300],0,153.0
[450, 250, 300],1,71.0
[450, 250, 300],2,71.0
[450, 250, 350],0,122.0
[450, 250, 350],1,56.0
[450, 250, 350],2,68.0
[450, 250, 400],0,96.0
[450, 250, 400],1,78.0
[450, 250, 400],2,71.0
[450, 300, 0],0,75819.0
[450, 300, 0],1,2832.0
[450, 300, 0],2,2832.0
[450, 300, 50],0,7814.0
[450, 300, 50],1,419.0
[450, 300, 50],2,406.0
[450, 300, 100],0,3322.0
[450, 300, 100],1,237.0
[450, 300, 100],2,213.0
[450, 300, 150],0,727.0
[450, 300, 150],1,123.0
[450, 300, 150],2,129.0
[450, 300, 200],0,431.0
[450, 300, 200],1,101.0
[450, 300, 200],2,100.0
[450, 300, 250],0,235.0
[450, 300, 250],1,95.0
[450, 300, 250],2,75.0
[450, 300, 300],0,171.0
[450, 300, 300],1,76.0
[450, 300, 300],2,62.0
[450, 300, 350],0,134.0
[450, 300, 350],1,82.0
[450, 300, 350],2,67.0
[450, 300, 400],0,161.0
[450, 300, 400],1,63.0
[450, 300, 400],2,73.0
[450, 350, 0],0,74983.0
[450, 350, 0],1,2950.0
[450, 350, 0],2,2885.0
[450, 350, 50],0,7911.0
[450, 350, 50],1,392.0
[450, 350, 50],2,409.0
[450, 350, 100],0,3202.0
[450, 350, 100],1,211.0
[450, 350, 100],2,227.0
[450, 350, 150],0,930.0
[450, 350, 150],1,124.0
[450, 350, 150],2,117.0
[450, 350, 200],0,726.0
[450, 350, 200],1,113.0
[450, 350, 200],2,110.0
[450, 350, 250],0,671.0
[450, 350, 250],1,119.0
[450, 350, 250],2,115.0
[450, 350, 300],0,788.0
[450, 350, 300],1,108.0
[450, 350, 300],2,124.0
[450, 350, 350],0,885.0
[450, 350, 350],1,116.0
[450, 350, 350],2,102.0
[450, 350, 400],0,888.0
[450, 350, 400],1,117.0
[450, 350, 400],2,125.0
[450, 400, 0],0,75435.0
[450, 400, 0],1,2842.0
[450, 400, 0],2,2935.0
[450, 400, 50],0,7861.0
[450, 400, 50],1,413.0
[450, 400, 50],2,421.0
[450, 400, 100],0,7708.0
[450, 400, 100],1,425.0
[450, 400, 100],2,412.0
[450, 400, 150],0,9903.0
[450, 400, 150],1,463.0
[450, 400, 150],2,471.0
[450, 400, 200],0,12100.0
[450, 400, 200],1,606.0
[450, 400, 200],2,587.0
[450, 400, 250],0,14445.0
[450, 400, 250],1,635.0
[450, 400, 250],2,674.0
[450, 400, 300],0,16852.0
[450, 400, 300],1,753.0
[450, 400, 300],2,741.0
[450, 400, 350],0,19051.0
[450, 400, 350],1,883.0
[450, 400, 350],2,852.0
[450, 400, 400],0,21625.0
[450, 400, 400],1,993.0
[450, 400, 400],2,935.0
[450, 450, 0],0,2837.0
[450, 450, 0],1,38999.0
[450, 450, 0],2,38919.0
[450, 450, 50],0,5297.0
[450, 450, 50],1,74003.0
[450, 450, 50],2,73882.0
[450, 450, 100],0,7666.0
[450, 450, 100],1,107759.0
[450, 450, 100],2,107710.0
[450, 450, 150],0,10002.0
[450, 450, 150],1,141510.0
[450, 450, 150],2,141541.0
[450, 450, 200],0,12501.0
[450, 450, 200],1,175346.0
[450, 450, 200],2,175062.0
[450, 450, 250],0,14997.0
[450, 450, 250],1,208835.0
[450, 450, 250],2,208969.0
[450, 450, 300],0,17175.0
[450, 450, 300],1,242512.0
[450, 450, 300],2,242415.0
[450, 450, 350],0,19391.0
[450, 450, 350],1,276368.0
[450, 450, 350],2,275672.0
[450, 450, 400],0,21905.0
[450, 450, 400],1,309809.0
[450, 450, 400],2,309601.0
