[0, 0, 0, 1],79636
[0, 0, 50, 1],151471
[0, 0, 100, 1],220286
[0, 0, 150, 1],288536
[0, 0, 200, 1],356929
[0, 0, 250, 1],425682
[0, 0, 300, 1],494654
[0, 0, 350, 1],563075
[0, 0, 400, 1],632204
[0, 50, 0, 1],80144
[0, 50, 50, 1],8484
[0, 50, 100, 1],8630
[0, 50, 150, 1],10637
[0, 50, 200, 1],13117
[0, 50, 250, 1],15692
[0, 50, 300, 1],17959
[0, 50, 350, 1],20434
[0, 50, 400, 1],23095
[0, 100, 0, 1],79522
[0, 100, 50, 1],8534
[0, 100, 100, 1],3643
[0, 100, 150, 1],1266
[0, 100, 200, 1],958
[0, 100, 250, 1],972
[0, 100, 300, 1],1041
[0, 100, 350, 1],1096
[0, 100, 400, 1],1180
[0, 150, 0, 1],79573
[0, 150, 50, 1],8532
[0, 150, 100, 1],3607
[0, 150, 150, 1],998
[0, 150, 200, 1],601
[0, 150, 250, 1],351
[0, 150, 300, 1],315
[0, 150, 350, 1],325
[0, 150, 400, 1],321
[0, 200, 0, 1],79633
[0, 200, 50, 1],8399
[0, 200, 100, 1],3532
[0, 200, 150, 1],1030
[0, 200, 200, 1],568
[0, 200, 250, 1],335
[0, 200, 300, 1],304
[0, 200, 350, 1],244
[0, 200, 400, 1],222
[0, 250, 0, 0],40135
[0, 250, 0, 1],39737
[0, 250, 50, 0],75642
[0, 250, 50, 1],4209
[0, 250, 100, 0],110355
[0, 250, 100, 1],1791
[0, 250, 150, 0],145120
[0, 250, 150, 1],517
[0, 250, 200, 0],179586
[0, 250, 200, 1],333
[0, 250, 250, 0],214128
[0, 250, 250, 1],186
[0, 250, 300, 0],223299
[0, 250, 300, 1],155
[0, 250, 350, 0],228364
[0, 250, 350, 1],137
[0, 250, 400, 0],229718
[0, 250, 400, 1],144
[0, 300, 0, 0],39611
[0, 300, 0, 1],39863
[0, 300, 50, 0],75286
[0, 300, 50, 1],4237
[0, 300, 100, 0],109641
[0, 300, 100, 1],1862
[0, 300, 150, 0],144373
[0, 300, 150, 1],516
[0, 300, 200, 0],178618
[0, 300, 200, 1],274
[0, 300, 250, 0],213000
[0, 300, 250, 1],190
[0, 300, 300, 0],247346
[0, 300, 300, 1],132
[0, 300, 350, 0],258143
[0, 300, 350, 1],140
[0, 300, 400, 0],264316
[0, 300, 400, 1],114
[0, 350, 0, 0],39689
[0, 350, 0, 1],39935
[0, 350, 50, 0],75393
[0, 350, 50, 1],4181
[0, 350, 100, 0],110272
[0, 350, 100, 1],1769
[0, 350, 150, 0],144572
[0, 350, 150, 1],515
[0, 350, 200, 0],178804
[0, 350, 200, 1],310
[0, 350, 250, 0],213287
[0, 350, 250, 1],169
[0, 350, 300, 0],247721
[0, 350, 300, 1],154
[0, 350, 350, 0],281821
[0, 350, 350, 1],122
[0, 350, 400, 0],294307
[0, 350, 400, 1],102
[0, 400, 0, 0],40129
[0, 400, 0, 1],40036
[0, 400, 50, 0],75950
[0, 400, 50, 1],4140
[0, 400, 100, 0],110267
[0, 400, 100, 1],1752
[0, 400, 150, 0],144290
[0, 400, 150, 1],529
[0, 400, 200, 0],178975
[0, 400, 200, 1],274
[0, 400, 250, 0],213448
[0, 400, 250, 1],179
[0, 400, 300, 0],247826
[0, 400, 300, 1],154
[0, 400, 350, 0],282308
[0, 400, 350, 1],137
[0, 400, 400, 0],316846
[0, 400, 400, 1],124
[0, 450, 0, 0],39678
[0, 450, 0, 1],40304
[0, 450, 50, 0],75215
[0, 450, 50, 1],4246
[0, 450, 100, 0],109911
[0, 450, 100, 1],1781
[0, 450, 150, 0],144258
[0, 450, 150, 1],501
[0, 450, 200, 0],178943
[0, 450, 200, 1],285
[0, 450, 250, 0],213281
[0, 450, 250, 1],167
[0, 450, 300, 0],247829
[0, 450, 300, 1],131
[0, 450, 350, 0],282104
[0, 450, 350, 1],116
[0, 450, 400, 0],316526
[0, 450, 400, 1],115
[50, 0, 0, 1],80207
[50, 0, 50, 1],79555
[50, 0, 100, 1],81788
[50, 0, 150, 1],84236
[50, 0, 200, 1],87115
[50, 0, 250, 1],89922
[50, 0, 300, 1],91883
[50, 0, 350, 1],94941
[50, 0, 400, 1],96822
[50, 50, 0, 1],79688
[50, 50, 50, 1],222662
[50, 50, 100, 1],288745
[50, 50, 150, 1],355168
[50, 50, 200, 1],421924
[50, 50, 250, 1],488126
[50, 50, 300, 1],554770
[50, 50, 350, 1],621202
[50, 50, 400, 1],687452
[50, 100, 0, 1],79487
[50, 100, 50, 1],79450
[50, 100, 100, 1],18287
[50, 100, 150, 1],16250
[50, 100, 200, 1],16311
[50, 100, 250, 1],18544
[50, 100, 300, 1],20537
[50, 100, 350, 1],23089
[50, 100, 400, 1],25516
[50, 150, 0, 1],79744
[50, 150, 50, 1],79640
[50, 150, 100, 1],13473
[50, 150, 150, 1],6711
[50, 150, 200, 1],2200
[50, 150, 250, 1],1605
[50, 150, 300, 1],1283
[50, 150, 350, 1],1294
[50, 150, 400, 1],1419
[50, 200, 0, 1],80432
[50, 200, 50, 1],79681
[50, 200, 100, 1],13399
[50, 200, 150, 1],6390
[50, 200, 200, 1],1883
[50, 200, 250, 1],1029
[50, 200, 300, 1],550
[50, 200, 350, 1],478
[50, 200, 400, 1],396
[50, 250, 0, 0],39883
[50, 250, 0, 1],40047
[50, 250, 50, 0],40115
[50, 250, 50, 1],39785
[50, 250, 100, 0],41494
[50, 250, 100, 1],6550
[50, 250, 150, 0],42551
[50, 250, 150, 1],3368
[50, 250, 200, 0],43764
[50, 250, 200, 1],904
[50, 250, 250, 0],17883
[50, 250, 250, 1],525
[50, 250, 300, 0],13848
[50, 250, 300, 1],266
[50, 250, 350, 0],10106
[50, 250, 350, 1],213
[50, 250, 400, 0],9445
[50, 250, 400, 1],162
[50, 300, 0, 0],39791
[50, 300, 0, 1],39885
[50, 300, 50, 0],39808
[50, 300, 50, 1],39837
[50, 300, 100, 0],41330
[50, 300, 100, 1],6701
[50, 300, 150, 0],42285
[50, 300, 150, 1],3359
[50, 300, 200, 0],43563
[50, 300, 200, 1],975
[50, 300, 250, 0],44808
[50, 300, 250, 1],459
[50, 300, 300, 0],20938
[50, 300, 300, 1],291
[50, 300, 350, 0],16337
[50, 300, 350, 1],175
[50, 300, 400, 0],12045
[50, 300, 400, 1],155
[50, 350, 0, 0],39945
[50, 350, 0, 1],39822
[50, 350, 50, 0],40418
[50, 350, 50, 1],39985
[50, 350, 100, 0],41179
[50, 350, 100, 1],6700
[50, 350, 150, 0],42320
[50, 350, 150, 1],3285
[50, 350, 200, 0],43560
[50, 350, 200, 1],937
[50, 350, 250, 0],44978
[50, 350, 250, 1],529
[50, 350, 300, 0],45941
[50, 350, 300, 1],258
[50, 350, 350, 0],23966
[50, 350, 350, 1],221
[50, 350, 400, 0],18973
[50, 350, 400, 1],180
[50, 400, 0, 0],39979
[50, 400, 0, 1],39816
[50, 400, 50, 0],39604
[50, 400, 50, 1],40037
[50, 400, 100, 0],40781
[50, 400, 100, 1],6599
[50, 400, 150, 0],42665
[50, 400, 150, 1],3288
[50, 400, 200, 0],43620
[50, 400, 200, 1],942
[50, 400, 250, 0],44809
[50, 400, 250, 1],506
[50, 400, 300, 0],46153
[50, 400, 300, 1],261
[50, 400, 350, 0],47616
[50, 400, 350, 1],209
[50, 400, 400, 0],26882
[50, 400, 400, 1],160
[50, 450, 0, 0],39883
[50, 450, 0, 1],40142
[50, 450, 50, 0],40193
[50, 450, 50, 1],40420
[50, 450, 100, 0],41196
[50, 450, 100, 1],6739
[50, 450, 150, 0],42786
[50, 450, 150, 1],3250
[50, 450, 200, 0],43854
[50, 450, 200, 1],927
[50, 450, 250, 0],45161
[50, 450, 250, 1],475
[50, 450, 300, 0],45985
[50, 450, 300, 1],270
[50, 450, 350, 0],47178
[50, 450, 350, 1],193
[50, 450, 400, 0],48272
[50, 450, 400, 1],160
[100, 0, 0, 1],79733
[100, 0, 50, 1],79360
[100, 0, 100, 1],79354
[100, 0, 150, 1],80083
[100, 0, 200, 1],80523
[100, 0, 250, 1],79951
[100, 0, 300, 1],80436
[100, 0, 350, 1],80267
[100, 0, 400, 1],36707
[100, 50, 0, 1],79785
[100, 50, 50, 1],79633
[100, 50, 100, 1],84596
[100, 50, 150, 1],87588
[100, 50, 200, 1],89781
[100, 50, 250, 1],92428
[100, 50, 300, 1],94720
[100, 50, 350, 1],96909
[100, 50, 400, 1],55553
[100, 100, 0, 1],80347
[100, 100, 50, 1],223046
[100, 100, 100, 1],355411
[100, 100, 150, 1],426270
[100, 100, 200, 1],494880
[100, 100, 250, 1],561049
[100, 100, 300, 1],627573
[100, 100, 350, 1],693601
[100, 100, 400, 1],716670
[100, 150, 0, 1],79912
[100, 150, 50, 1],79428
[100, 150, 100, 1],84464
[100, 150, 150, 1],27757
[100, 150, 200, 1],23600
[100, 150, 250, 1],22051
[100, 150, 300, 1],24038
[100, 150, 350, 1],25792
[100, 150, 400, 1],26705
[100, 200, 0, 1],79803
[100, 200, 50, 1],80500
[100, 200, 100, 1],79690
[100, 200, 150, 1],18082
[100, 200, 200, 1],9679
[100, 200, 250, 1],3465
[100, 200, 300, 1],2236
[100, 200, 350, 1],1728
[100, 200, 400, 1],1582
[100, 250, 0, 0],40099
[100, 250, 0, 1],39764
[100, 250, 50, 0],40380
[100, 250, 50, 1],40045
[100, 250, 100, 0],40070
[100, 250, 100, 1],39829
[100, 250, 150, 0],39949
[100, 250, 150, 1],8817
[100, 250, 200, 0],11160
[100, 250, 200, 1],4837
[100, 250, 250, 0],6374
[100, 250, 250, 1],1395
[100, 250, 300, 0],2194
[100, 250, 300, 1],787
[100, 250, 350, 0],1337
[100, 250, 350, 1],403
[100, 250, 400, 0],786
[100, 250, 400, 1],312
[100, 300, 0, 0],39832
[100, 300, 0, 1],39951
[100, 300, 50, 0],40221
[100, 300, 50, 1],39943
[100, 300, 100, 0],39888
[100, 300, 100, 1],39809
[100, 300, 150, 0],39798
[100, 300, 150, 1],8906
[100, 300, 200, 0],39980
[100, 300, 200, 1],4816
[100, 300, 250, 0],13087
[100, 300, 250, 1],1501
[100, 300, 300, 0],7706
[100, 300, 300, 1],724
[100, 300, 350, 0],2904
[100, 300, 350, 1],370
[100, 300, 400, 0],1726
[100, 300, 400, 1],275
[100, 350, 0, 0],40461
[100, 350, 0, 1],39831
[100, 350, 50, 0],39936
[100, 350, 50, 1],39784
[100, 350, 100, 0],39754
[100, 350, 100, 1],39972
[100, 350, 150, 0],39836
[100, 350, 150, 1],8895
[100, 350, 200, 0],40261
[100, 350, 200, 1],4732
[100, 350, 250, 0],39817
[100, 350, 250, 1],1416
[100, 350, 300, 0],14935
[100, 350, 300, 1],832
[100, 350, 350, 0],9177
[100, 350, 350, 1],379
[100, 350, 400, 0],3613
[100, 350, 400, 1],300
[100, 400, 0, 0],39699
[100, 400, 0, 1],40248
[100, 400, 50, 0],39682
[100, 400, 50, 1],39975
[100, 400, 100, 0],40133
[100, 400, 100, 1],40104
[100, 400, 150, 0],40020
[100, 400, 150, 1],8890
[100, 400, 200, 0],39999
[100, 400, 200, 1],4714
[100, 400, 250, 0],40145
[100, 400, 250, 1],1385
[100, 400, 300, 0],40396
[100, 400, 300, 1],799
[100, 400, 350, 0],16734
[100, 400, 350, 1],368
[100, 400, 400, 0],11325
[100, 400, 400, 1],295
[100, 450, 0, 0],40147
[100, 450, 0, 1],39792
[100, 450, 50, 0],39922
[100, 450, 50, 1],40041
[100, 450, 100, 0],40184
[100, 450, 100, 1],40470
[100, 450, 150, 0],40132
[100, 450, 150, 1],9137
[100, 450, 200, 0],40142
[100, 450, 200, 1],4671
[100, 450, 250, 0],39809
[100, 450, 250, 1],1425
[100, 450, 300, 0],40026
[100, 450, 300, 1],742
[100, 450, 350, 0],40080
[100, 450, 350, 1],415
[100, 450, 400, 0],18244
[100, 450, 400, 1],262
[150, 0, 0, 1],79508
[150, 0, 50, 1],79478
[150, 0, 100, 1],79864
[150, 0, 150, 1],80233
[150, 0, 200, 1],79647
[150, 0, 250, 1],79923
[150, 0, 300, 1],79616
[150, 0, 350, 1],32946
[150, 0, 400, 1],20499
[150, 50, 0, 1],79625
[150, 50, 50, 1],79826
[150, 50, 100, 1],80173
[150, 50, 150, 1],80194
[150, 50, 200, 1],80373
[150, 50, 250, 1],80207
[150, 50, 300, 1],80254
[150, 50, 350, 1],33604
[150, 50, 400, 1],21238
[150, 100, 0, 1],80086
[150, 100, 50, 1],79873
[150, 100, 100, 1],84539
[150, 100, 150, 1],89194
[150, 100, 200, 1],91925
[150, 100, 250, 1],94606
[150, 100, 300, 1],97145
[150, 100, 350, 1],53134
[150, 100, 400, 1],42311
[150, 150, 0, 1],79624
[150, 150, 50, 1],222607
[150, 150, 100, 1],355510
[150, 150, 150, 1],487983
[150, 150, 200, 1],563673
[150, 150, 250, 1],634496
[150, 150, 300, 1],700806
[150, 150, 350, 1],720947
[150, 150, 400, 1],732595
[150, 200, 0, 1],80090
[150, 200, 50, 1],79814
[150, 200, 100, 1],85483
[150, 200, 150, 1],89598
[150, 200, 200, 1],36633
[150, 200, 250, 1],31038
[150, 200, 300, 1],27977
[150, 200, 350, 1],27391
[150, 200, 400, 1],27675
[150, 250, 0, 0],40229
[150, 250, 0, 1],39725
[150, 250, 50, 0],40032
[150, 250, 50, 1],39769
[150, 250, 100, 0],40002
[150, 250, 100, 1],40044
[150, 250, 150, 0],9065
[150, 250, 150, 1],39727
[150, 250, 200, 0],4807
[150, 250, 200, 1],11094
[150, 250, 250, 0],1488
[150, 250, 250, 1],6505
[150, 250, 300, 0],792
[150, 250, 300, 1],2361
[150, 250, 350, 0],383
[150, 250, 350, 1],1472
[150, 250, 400, 0],305
[150, 250, 400, 1],983
[150, 300, 0, 0],40314
[150, 300, 0, 1],40031
[150, 300, 50, 0],39821
[150, 300, 50, 1],39941
[150, 300, 100, 0],39766
[150, 300, 100, 1],39921
[150, 300, 150, 0],39868
[150, 300, 150, 1],39856
[150, 300, 200, 0],11019
[150, 300, 200, 1],11017
[150, 300, 250, 0],6194
[150, 300, 250, 1],6236
[150, 300, 300, 0],2017
[150, 300, 300, 1],2056
[150, 300, 350, 0],1072
[150, 300, 350, 1],1072
[150, 300, 400, 0],567
[150, 300, 400, 1],529
[150, 350, 0, 0],39953
[150, 350, 0, 1],39601
[150, 350, 50, 0],39779
[150, 350, 50, 1],39850
[150, 350, 100, 0],39740
[150, 350, 100, 1],39806
[150, 350, 150, 0],40151
[150, 350, 150, 1],39951
[150, 350, 200, 0],39728
[150, 350, 200, 1],11012
[150, 350, 250, 0],12951
[150, 350, 250, 1],6102
[150, 350, 300, 0],7545
[150, 350, 300, 1],1947
[150, 350, 350, 0],2604
[150, 350, 350, 1],1088
[150, 350, 400, 0],1469
[150, 350, 400, 1],486
[150, 400, 0, 0],39722
[150, 400, 0, 1],40032
[150, 400, 50, 0],40228
[150, 400, 50, 1],40235
[150, 400, 100, 0],39945
[150, 400, 100, 1],40046
[150, 400, 150, 0],39752
[150, 400, 150, 1],40101
[150, 400, 200, 0],40096
[150, 400, 200, 1],10975
[150, 400, 250, 0],40095
[150, 400, 250, 1],6195
[150, 400, 300, 0],14831
[150, 400, 300, 1],1917
[150, 400, 350, 0],9784
[150, 400, 350, 1],1029
[150, 400, 400, 0],4352
[150, 400, 400, 1],490
[150, 450, 0, 0],39912
[150, 450, 0, 1],39875
[150, 450, 50, 0],40258
[150, 450, 50, 1],39798
[150, 450, 100, 0],39995
[150, 450, 100, 1],39971
[150, 450, 150, 0],40014
[150, 450, 150, 1],40300
[150, 450, 200, 0],39548
[150, 450, 200, 1],11222
[150, 450, 250, 0],39842
[150, 450, 250, 1],6122
[150, 450, 300, 0],39806
[150, 450, 300, 1],1992
[150, 450, 350, 0],16294
[150, 450, 350, 1],980
[150, 450, 400, 0],10198
[150, 450, 400, 1],517
[200, 0, 0, 1],79414
[200, 0, 50, 1],79896
[200, 0, 100, 1],80192
[200, 0, 150, 1],79598
[200, 0, 200, 1],79804
[200, 0, 250, 1],79574
[200, 0, 300, 1],29665
[200, 0, 350, 1],17726
[200, 0, 400, 1],6574
[200, 50, 0, 1],79764
[200, 50, 50, 1],79997
[200, 50, 100, 1],79985
[200, 50, 150, 1],80163
[200, 50, 200, 1],79738
[200, 50, 250, 1],79808
[200, 50, 300, 1],29690
[200, 50, 350, 1],17927
[200, 50, 400, 1],6733
[200, 100, 0, 1],79903
[200, 100, 50, 1],79532
[200, 100, 100, 1],79794
[200, 100, 150, 1],80075
[200, 100, 200, 1],80135
[200, 100, 250, 1],80213
[200, 100, 300, 1],30406
[200, 100, 350, 1],18309
[200, 100, 400, 1],7413
[200, 150, 0, 1],79786
[200, 150, 50, 1],80056
[200, 150, 100, 1],84738
[200, 150, 150, 1],89598
[200, 150, 200, 1],94324
[200, 150, 250, 1],96679
[200, 150, 300, 1],49561
[200, 150, 350, 1],40175
[200, 150, 400, 1],31389
[200, 200, 0, 1],79950
[200, 200, 50, 1],223162
[200, 200, 100, 1],356613
[200, 200, 150, 1],489686
[200, 200, 200, 1],622720
[200, 200, 250, 1],701471
[200, 200, 300, 1],724123
[200, 200, 350, 1],735248
[200, 200, 400, 1],737978
[200, 250, 0, 0],40048
[200, 250, 0, 1],40131
[200, 250, 50, 0],40043
[200, 250, 50, 1],39772
[200, 250, 100, 0],6792
[200, 250, 100, 1],42208
[200, 250, 150, 0],3343
[200, 250, 150, 1],44875
[200, 250, 200, 0],926
[200, 250, 200, 1],46853
[200, 250, 250, 0],501
[200, 250, 250, 1],22402
[200, 250, 300, 0],262
[200, 250, 300, 1],18737
[200, 250, 350, 0],226
[200, 250, 350, 1],15286
[200, 250, 400, 0],136
[200, 250, 400, 1],14429
[200, 300, 0, 0],39936
[200, 300, 0, 1],39961
[200, 300, 50, 0],39650
[200, 300, 50, 1],40051
[200, 300, 100, 0],39900
[200, 300, 100, 1],39989
[200, 300, 150, 0],8998
[200, 300, 150, 1],40073
[200, 300, 200, 0],4785
[200, 300, 200, 1],40004
[200, 300, 250, 0],1404
[200, 300, 250, 1],13207
[200, 300, 300, 0],748
[200, 300, 300, 1],7994
[200, 300, 350, 0],397
[200, 300, 350, 1],3107
[200, 300, 400, 0],226
[200, 300, 400, 1],1877
[200, 350, 0, 0],39748
[200, 350, 0, 1],40223
[200, 350, 50, 0],39681
[200, 350, 50, 1],39684
[200, 350, 100, 0],40114
[200, 350, 100, 1],39699
[200, 350, 150, 0],39736
[200, 350, 150, 1],39866
[200, 350, 200, 0],10985
[200, 350, 200, 1],39870
[200, 350, 250, 0],6176
[200, 350, 250, 1],13087
[200, 350, 300, 0],1999
[200, 350, 300, 1],7464
[200, 350, 350, 0],1139
[200, 350, 350, 1],2595
[200, 350, 400, 0],596
[200, 350, 400, 1],1415
[200, 400, 0, 0],40118
[200, 400, 0, 1],40085
[200, 400, 50, 0],39953
[200, 400, 50, 1],39953
[200, 400, 100, 0],39864
[200, 400, 100, 1],40185
[200, 400, 150, 0],40163
[200, 400, 150, 1],39974
[200, 400, 200, 0],40176
[200, 400, 200, 1],40146
[200, 400, 250, 0],13070
[200, 400, 250, 1],13003
[200, 400, 300, 0],8470
[200, 400, 300, 1],7557
[200, 400, 350, 0],3754
[200, 400, 350, 1],2624
[200, 400, 400, 0],2625
[200, 400, 400, 1],1369
[200, 450, 0, 0],40162
[200, 450, 0, 1],39971
[200, 450, 50, 0],40031
[200, 450, 50, 1],39958
[200, 450, 100, 0],40221
[200, 450, 100, 1],39823
[200, 450, 150, 0],39621
[200, 450, 150, 1],39962
[200, 450, 200, 0],39937
[200, 450, 200, 1],40439
[200, 450, 250, 0],39789
[200, 450, 250, 1],13194
[200, 450, 300, 0],14599
[200, 450, 300, 1],7465
[200, 450, 350, 0],8926
[200, 450, 350, 1],2651
[200, 450, 400, 0],3291
[200, 450, 400, 1],1300
[250, 0, 0, 1],79799
[250, 0, 50, 1],80136
[250, 0, 100, 1],79689
[250, 0, 150, 1],79785
[250, 0, 200, 1],79625
[250, 0, 250, 1],26028
[250, 0, 300, 1],15141
[250, 0, 350, 1],5220
[250, 0, 400, 1],2763
[250, 50, 0, 1],80158
[250, 50, 50, 1],80134
[250, 50, 100, 1],80179
[250, 50, 150, 1],79618
[250, 50, 200, 1],79860
[250, 50, 250, 1],25968
[250, 50, 300, 1],15221
[250, 50, 350, 1],5379
[250, 50, 400, 1],2750
[250, 100, 0, 1],79641
[250, 100, 50, 1],79887
[250, 100, 100, 1],79778
[250, 100, 150, 1],79618
[250, 100, 200, 1],79702
[250, 100, 250, 1],26139
[250, 100, 300, 1],15034
[250, 100, 350, 1],5354
[250, 100, 400, 1],2953
[250, 150, 0, 1],80136
[250, 150, 50, 1],80086
[250, 150, 100, 1],79962
[250, 150, 150, 1],80209
[250, 150, 200, 1],79922
[250, 150, 250, 1],26401
[250, 150, 300, 1],15809
[250, 150, 350, 1],6145
[250, 150, 400, 1],3657
[250, 200, 0, 1],80218
[250, 200, 50, 1],80360
[250, 200, 100, 1],84306
[250, 200, 150, 1],89710
[250, 200, 200, 1],93890
[250, 200, 250, 1],45314
[250, 200, 300, 1],37396
[250, 200, 350, 1],30187
[250, 200, 400, 1],28719
[250, 250, 0, 0],40113
[250, 250, 0, 1],40032
[250, 250, 50, 0],4343
[250, 250, 50, 1],111347
[250, 250, 100, 0],1828
[250, 250, 100, 1],177806
[250, 250, 150, 0],504
[250, 250, 150, 1],244433
[250, 250, 200, 0],299
[250, 250, 200, 1],310998
[250, 250, 250, 0],192
[250, 250, 250, 1],350551
[250, 250, 300, 0],178
[250, 250, 300, 1],361524
[250, 250, 350, 0],141
[250, 250, 350, 1],367100
[250, 250, 400, 0],142
[250, 250, 400, 1],368584
[250, 300, 0, 0],39648
[250, 300, 0, 1],40101
[250, 300, 50, 0],40041
[250, 300, 50, 1],39964
[250, 300, 100, 0],6788
[250, 300, 100, 1],42499
[250, 300, 150, 0],3366
[250, 300, 150, 1],44702
[250, 300, 200, 0],946
[250, 300, 200, 1],47102
[250, 300, 250, 0],498
[250, 300, 250, 1],48328
[250, 300, 300, 0],282
[250, 300, 300, 1],24793
[250, 300, 350, 0],171
[250, 300, 350, 1],20232
[250, 300, 400, 0],171
[250, 300, 400, 1],15794
[250, 350, 0, 0],39689
[250, 350, 0, 1],40482
[250, 350, 50, 0],40126
[250, 350, 50, 1],40153
[250, 350, 100, 0],39755
[250, 350, 100, 1],39872
[250, 350, 150, 0],8833
[250, 350, 150, 1],39784
[250, 350, 200, 0],4742
[250, 350, 200, 1],39955
[250, 350, 250, 0],1439
[250, 350, 250, 1],40182
[250, 350, 300, 0],851
[250, 350, 300, 1],15205
[250, 350, 350, 0],489
[250, 350, 350, 1],9229
[250, 350, 400, 0],403
[250, 350, 400, 1],3698
[250, 400, 0, 0],39964
[250, 400, 0, 1],39998
[250, 400, 50, 0],39744
[250, 400, 50, 1],40051
[250, 400, 100, 0],40288
[250, 400, 100, 1],39896
[250, 400, 150, 0],40157
[250, 400, 150, 1],40216
[250, 400, 200, 0],11092
[250, 400, 200, 1],40100
[250, 400, 250, 0],7270
[250, 400, 250, 1],40006
[250, 400, 300, 0],3221
[250, 400, 300, 1],14813
[250, 400, 350, 0],2304
[250, 400, 350, 1],8853
[250, 400, 400, 0],1825
[250, 400, 400, 1],3330
[250, 450, 0, 0],40101
[250, 450, 0, 1],39996
[250, 450, 50, 0],40023
[250, 450, 50, 1],39958
[250, 450, 100, 0],39561
[250, 450, 100, 1],40031
[250, 450, 150, 0],39973
[250, 450, 150, 1],39880
[250, 450, 200, 0],39658
[250, 450, 200, 1],39929
[250, 450, 250, 0],12834
[250, 450, 250, 1],40375
[250, 450, 300, 0],7543
[250, 450, 300, 1],15029
[250, 450, 350, 0],2656
[250, 450, 350, 1],8778
[250, 450, 400, 0],1453
[250, 450, 400, 1],3368
[300, 0, 0, 1],80193
[300, 0, 50, 1],79677
[300, 0, 100, 1],79822
[300, 0, 150, 1],79647
[300, 0, 200, 1],22024
[300, 0, 250, 1],12442
[300, 0, 300, 1],3972
[300, 0, 350, 1],2099
[300, 0, 400, 1],1044
[300, 50, 0, 1],80197
[300, 50, 50, 1],80095
[300, 50, 100, 1],79745
[300, 50, 150, 1],80022
[300, 50, 200, 1],22170
[300, 50, 250, 1],12548
[300, 50, 300, 1],4025
[300, 50, 350, 1],2094
[300, 50, 400, 1],990
[300, 100, 0, 1],79917
[300, 100, 50, 1],79659
[300, 100, 100, 1],79733
[300, 100, 150, 1],79851
[300, 100, 200, 1],22198
[300, 100, 250, 1],12434
[300, 100, 300, 1],4046
[300, 100, 350, 1],2158
[300, 100, 400, 1],1039
[300, 150, 0, 1],80137
[300, 150, 50, 1],79961
[300, 150, 100, 1],80048
[300, 150, 150, 1],79614
[300, 150, 200, 1],21890
[300, 150, 250, 1],12358
[300, 150, 300, 1],4087
[300, 150, 350, 1],2116
[300, 150, 400, 1],976
[300, 200, 0, 1],80201
[300, 200, 50, 1],79443
[300, 200, 100, 1],80038
[300, 200, 150, 1],79691
[300, 200, 200, 1],22376
[300, 200, 250, 1],12795
[300, 200, 300, 1],4770
[300, 200, 350, 1],2985
[300, 200, 400, 1],1943
[300, 250, 0, 0],40094
[300, 250, 0, 1],39749
[300, 250, 50, 0],4361
[300, 250, 50, 1],39900
[300, 250, 100, 0],1808
[300, 250, 100, 1],42616
[300, 250, 150, 0],516
[300, 250, 150, 1],44752
[300, 250, 200, 0],294
[300, 250, 200, 1],18336
[300, 250, 250, 0],191
[300, 250, 250, 1],15514
[300, 250, 300, 0],160
[300, 250, 300, 1],14071
[300, 250, 350, 0],154
[300, 250, 350, 1],13615
[300, 250, 400, 0],163
[300, 250, 400, 1],13767
[300, 300, 0, 0],40043
[300, 300, 0, 1],39857
[300, 300, 50, 0],4362
[300, 300, 50, 1],111516
[300, 300, 100, 0],1881
[300, 300, 100, 1],177731
[300, 300, 150, 0],496
[300, 300, 150, 1],244802
[300, 300, 200, 0],265
[300, 300, 200, 1],282269
[300, 300, 250, 0],202
[300, 300, 250, 1],317942
[300, 300, 300, 0],154
[300, 300, 300, 1],350989
[300, 300, 350, 0],141
[300, 300, 350, 1],361152
[300, 300, 400, 0],133
[300, 300, 400, 1],366978
[300, 350, 0, 0],40057
[300, 350, 0, 1],39899
[300, 350, 50, 0],39831
[300, 350, 50, 1],40511
[300, 350, 100, 0],6599
[300, 350, 100, 1],42627
[300, 350, 150, 0],3353
[300, 350, 150, 1],44744
[300, 350, 200, 0],962
[300, 350, 200, 1],45880
[300, 350, 250, 0],594
[300, 350, 250, 1],47164
[300, 350, 300, 0],392
[300, 350, 300, 1],48634
[300, 350, 350, 0],325
[300, 350, 350, 1],26601
[300, 350, 400, 0],163
[300, 350, 400, 1],21325
[300, 400, 0, 0],39836
[300, 400, 0, 1],39868
[300, 400, 50, 0],40397
[300, 400, 50, 1],40204
[300, 400, 100, 0],40124
[300, 400, 100, 1],40060
[300, 400, 150, 0],9111
[300, 400, 150, 1],40018
[300, 400, 200, 0],5853
[300, 400, 200, 1],40293
[300, 400, 250, 0],2688
[300, 400, 250, 1],40280
[300, 400, 300, 0],2054
[300, 400, 300, 1],40296
[300, 400, 350, 0],1741
[300, 400, 350, 1],16878
[300, 400, 400, 0],1550
[300, 400, 400, 1],10503
[300, 450, 0, 0],39986
[300, 450, 0, 1],39908
[300, 450, 50, 0],39659
[300, 450, 50, 1],39975
[300, 450, 100, 0],39912
[300, 450, 100, 1],39950
[300, 450, 150, 0],39635
[300, 450, 150, 1],40040
[300, 450, 200, 0],10939
[300, 450, 200, 1],39803
[300, 450, 250, 0],6185
[300, 450, 250, 1],39989
[300, 450, 300, 0],2063
[300, 450, 300, 1],40385
[300, 450, 350, 0],1103
[300, 450, 350, 1],16685
[300, 450, 400, 0],487
[300, 450, 400, 1],10136
[350, 0, 0, 1],79559
[350, 0, 50, 1],79893
[350, 0, 100, 1],79651
[350, 0, 150, 1],17813
[350, 0, 200, 1],9649
[350, 0, 250, 1],2836
[350, 0, 300, 1],1512
[350, 0, 350, 1],786
[350, 0, 400, 1],529
[350, 50, 0, 1],79918
[350, 50, 50, 1],79766
[350, 50, 100, 1],79912
[350, 50, 150, 1],18035
[350, 50, 200, 1],9562
[350, 50, 250, 1],2869
[350, 50, 300, 1],1516
[350, 50, 350, 1],747
[350, 50, 400, 1],589
[350, 100, 0, 1],79567
[350, 100, 50, 1],79774
[350, 100, 100, 1],79879
[350, 100, 150, 1],17952
[350, 100, 200, 1],9619
[350, 100, 250, 1],2864
[350, 100, 300, 1],1570
[350, 100, 350, 1],772
[350, 100, 400, 1],520
[350, 150, 0, 1],79921
[350, 150, 50, 1],79981
[350, 150, 100, 1],79632
[350, 150, 150, 1],17689
[350, 150, 200, 1],9556
[350, 150, 250, 1],2921
[350, 150, 300, 1],1464
[350, 150, 350, 1],733
[350, 150, 400, 1],544
[350, 200, 0, 1],79612
[350, 200, 50, 1],80099
[350, 200, 100, 1],79678
[350, 200, 150, 1],17879
[350, 200, 200, 1],9499
[350, 200, 250, 1],2892
[350, 200, 300, 1],1520
[350, 200, 350, 1],722
[350, 200, 400, 1],564
[350, 250, 0, 0],39914
[350, 250, 0, 1],39878
[350, 250, 50, 0],40010
[350, 250, 50, 1],40261
[350, 250, 100, 0],6810
[350, 250, 100, 1],40081
[350, 250, 150, 0],3312
[350, 250, 150, 1],9146
[350, 250, 200, 0],1023
[350, 250, 200, 1],4874
[350, 250, 250, 0],675
[350, 250, 250, 1],1677
[350, 250, 300, 0],475
[350, 250, 300, 1],1116
[350, 250, 350, 0],399
[350, 250, 350, 1],873
[350, 250, 400, 0],412
[350, 250, 400, 1],730
[350, 300, 0, 0],40049
[350, 300, 0, 1],40081
[350, 300, 50, 0],4248
[350, 300, 50, 1],39814
[350, 300, 100, 0],1880
[350, 300, 100, 1],42815
[350, 300, 150, 0],590
[350, 300, 150, 1],13774
[350, 300, 200, 0],413
[350, 300, 200, 1],12015
[350, 300, 250, 0],339
[350, 300, 250, 1],11037
[350, 300, 300, 0],317
[350, 300, 300, 1],12057
[350, 300, 350, 0],353
[350, 300, 350, 1],12811
[350, 300, 400, 0],268
[350, 300, 400, 1],13312
[350, 350, 0, 0],39880
[350, 350, 0, 1],40394
[350, 350, 50, 0],4159
[350, 350, 50, 1],111722
[350, 350, 100, 0],1897
[350, 350, 100, 1],179512
[350, 350, 150, 0],570
[350, 350, 150, 1],215112
[350, 350, 200, 0],414
[350, 350, 200, 1],249580
[350, 350, 250, 0],335
[350, 350, 250, 1],282569
[350, 350, 300, 0],303
[350, 350, 300, 1],315594
[350, 350, 350, 0],279
[350, 350, 350, 1],348631
[350, 350, 400, 0],226
[350, 350, 400, 1],360245
[350, 400, 0, 0],40371
[350, 400, 0, 1],39824
[350, 400, 50, 0],40168
[350, 400, 50, 1],39708
[350, 400, 100, 0],6729
[350, 400, 100, 1],42589
[350, 400, 150, 0],4477
[350, 400, 150, 1],43705
[350, 400, 200, 0],2216
[350, 400, 200, 1],44508
[350, 400, 250, 0],1814
[350, 400, 250, 1],46267
[350, 400, 300, 0],1636
[350, 400, 300, 1],47491
[350, 400, 350, 0],1467
[350, 400, 350, 1],48563
[350, 400, 400, 0],1405
[350, 400, 400, 1],27790
[350, 450, 0, 0],39575
[350, 450, 0, 1],40010
[350, 450, 50, 0],39931
[350, 450, 50, 1],39906
[350, 450, 100, 0],39702
[350, 450, 100, 1],39999
[350, 450, 150, 0],8831
[350, 450, 150, 1],39974
[350, 450, 200, 0],4789
[350, 450, 200, 1],40081
[350, 450, 250, 0],1427
[350, 450, 250, 1],39915
[350, 450, 300, 0],766
[350, 450, 300, 1],40228
[350, 450, 350, 0],341
[350, 450, 350, 1],40637
[350, 450, 400, 0],271
[350, 450, 400, 1],18506
[400, 0, 0, 1],79832
[400, 0, 50, 1],79739
[400, 0, 100, 1],13311
[400, 0, 150, 1],6779
[400, 0, 200, 1],1807
[400, 0, 250, 1],979
[400, 0, 300, 1],563
[400, 0, 350, 1],396
[400, 0, 400, 1],336
[400, 50, 0, 1],79709
[400, 50, 50, 1],79924
[400, 50, 100, 1],13408
[400, 50, 150, 1],6540
[400, 50, 200, 1],1906
[400, 50, 250, 1],988
[400, 50, 300, 1],540
[400, 50, 350, 1],431
[400, 50, 400, 1],346
[400, 100, 0, 1],79804
[400, 100, 50, 1],79837
[400, 100, 100, 1],13408
[400, 100, 150, 1],6690
[400, 100, 200, 1],1859
[400, 100, 250, 1],1001
[400, 100, 300, 1],515
[400, 100, 350, 1],393
[400, 100, 400, 1],324
[400, 150, 0, 1],79925
[400, 150, 50, 1],79522
[400, 150, 100, 1],13112
[400, 150, 150, 1],6621
[400, 150, 200, 1],1878
[400, 150, 250, 1],975
[400, 150, 300, 1],532
[400, 150, 350, 1],404
[400, 150, 400, 1],345
[400, 200, 0, 1],80067
[400, 200, 50, 1],79650
[400, 200, 100, 1],13401
[400, 200, 150, 1],6621
[400, 200, 200, 1],1850
[400, 200, 250, 1],992
[400, 200, 300, 1],502
[400, 200, 350, 1],417
[400, 200, 400, 1],373
[400, 250, 0, 0],40127
[400, 250, 0, 1],40374
[400, 250, 50, 0],39925
[400, 250, 50, 1],40170
[400, 250, 100, 0],41278
[400, 250, 100, 1],6710
[400, 250, 150, 0],11360
[400, 250, 150, 1],3312
[400, 250, 200, 0],8356
[400, 250, 200, 1],946
[400, 250, 250, 0],6277
[400, 250, 250, 1],513
[400, 250, 300, 0],6038
[400, 250, 300, 1],329
[400, 250, 350, 0],5996
[400, 250, 350, 1],241
[400, 250, 400, 0],5880
[400, 250, 400, 1],235
[400, 300, 0, 0],39893
[400, 300, 0, 1],39894
[400, 300, 50, 0],40096
[400, 300, 50, 1],40274
[400, 300, 100, 0],7863
[400, 300, 100, 1],6648
[400, 300, 150, 0],5781
[400, 300, 150, 1],3394
[400, 300, 200, 0],4673
[400, 300, 200, 1],1111
[400, 300, 250, 0],4517
[400, 300, 250, 1],756
[400, 300, 300, 0],4458
[400, 300, 300, 1],659
[400, 300, 350, 0],4439
[400, 300, 350, 1],648
[400, 300, 400, 0],4434
[400, 300, 400, 1],666
[400, 350, 0, 0],39900
[400, 350, 0, 1],40032
[400, 350, 50, 0],4364
[400, 350, 50, 1],40827
[400, 350, 100, 0],3102
[400, 350, 100, 1],9191
[400, 350, 150, 0],3050
[400, 350, 150, 1],8255
[400, 350, 200, 0],2991
[400, 350, 200, 1],8236
[400, 350, 250, 0],2840
[400, 350, 250, 1],9270
[400, 350, 300, 0],2825
[400, 350, 300, 1],10369
[400, 350, 350, 0],2796
[400, 350, 350, 1],11563
[400, 350, 400, 0],3043
[400, 350, 400, 1],12651
[400, 400, 0, 0],40136
[400, 400, 0, 1],39734
[400, 400, 50, 0],4254
[400, 400, 50, 1],110922
[400, 400, 100, 0],3106
[400, 400, 100, 1],143997
[400, 400, 150, 0],1847
[400, 400, 150, 1],177365
[400, 400, 200, 0],1645
[400, 400, 200, 1],210977
[400, 400, 250, 0],1549
[400, 400, 250, 1],243763
[400, 400, 300, 0],1395
[400, 400, 300, 1],277185
[400, 400, 350, 0],1356
[400, 400, 350, 1],310785
[400, 400, 400, 0],1336
[400, 400, 400, 1],344098
[400, 450, 0, 0],39822
[400, 450, 0, 1],40180
[400, 450, 50, 0],39644
[400, 450, 50, 1],39931
[400, 450, 100, 0],6569
[400, 450, 100, 1],40955
[400, 450, 150, 0],3265
[400, 450, 150, 1],42372
[400, 450, 200, 0],933
[400, 450, 200, 1],43585
[400, 450, 250, 0],531
[400, 450, 250, 1],44844
[400, 450, 300, 0],260
[400, 450, 300, 1],45801
[400, 450, 350, 0],218
[400, 450, 350, 1],47504
[400, 450, 400, 0],166
[400, 450, 400, 1],49124
[450, 0, 0, 1],79814
[450, 0, 50, 1],8490
[450, 0, 100, 1],3738
[450, 0, 150, 1],985
[450, 0, 200, 1],572
[450, 0, 250, 1],358
[450, 0, 300, 1],253
[450, 0, 350, 1],239
[450, 0, 400, 1],217
[450, 50, 0, 1],79996
[450, 50, 50, 1],8463
[450, 50, 100, 1],3611
[450, 50, 150, 1],1019
[450, 50, 200, 1],553
[450, 50, 250, 1],350
[450, 50, 300, 1],289
[450, 50, 350, 1],257
[450, 50, 400, 1],238
[450, 100, 0, 1],79889
[450, 100, 50, 1],8571
[450, 100, 100, 1],3691
[450, 100, 150, 1],997
[450, 100, 200, 1],576
[450, 100, 250, 1],341
[450, 100, 300, 1],296
[450, 100, 350, 1],257
[450, 100, 400, 1],237
[450, 150, 0, 1],79438
[450, 150, 50, 1],8383
[450, 150, 100, 1],3650
[450, 150, 150, 1],1016
[450, 150, 200, 1],552
[450, 150, 250, 1],359
[450, 150, 300, 1],301
[450, 150, 350, 1],265
[450, 150, 400, 1],245
[450, 200, 0, 1],79666
[450, 200, 50, 1],8564
[450, 200, 100, 1],3532
[450, 200, 150, 1],985
[450, 200, 200, 1],574
[450, 200, 250, 1],341
[450, 200, 300, 1],294
[450, 200, 350, 1],272
[450, 200, 400, 1],220
[450, 250, 0, 0],39831
[450, 250, 0, 1],40047
[450, 250, 50, 0],75622
[450, 250, 50, 1],4226
[450, 250, 100, 0],110036
[450, 250, 100, 1],1849
[450, 250, 150, 0],144753
[450, 250, 150, 1],537
[450, 250, 200, 0],150258
[450, 250, 200, 1],309
[450, 250, 250, 0],152764
[450, 250, 250, 1],216
[450, 250, 300, 0],153227
[450, 250, 300, 1],138
[450, 250, 350, 0],153367
[450, 250, 350, 1],144
[450, 250, 400, 0],153486
[450, 250, 400, 1],138
[450, 300, 0, 0],40123
[450, 300, 0, 1],40229
[450, 300, 50, 0],75707
[450, 300, 50, 1],4276
[450, 300, 100, 0],110303
[450, 300, 100, 1],1878
[450, 300, 150, 0],113685
[450, 300, 150, 1],471
[450, 300, 200, 0],114978
[450, 300, 200, 1],270
[450, 300, 250, 0],115191
[450, 300, 250, 1],197
[450, 300, 300, 0],115274
[450, 300, 300, 1],158
[450, 300, 350, 0],115283
[450, 300, 350, 1],146
[450, 300, 400, 0],115354
[450, 300, 400, 1],153
[450, 350, 0, 0],39972
[450, 350, 0, 1],40765
[450, 350, 50, 0],75607
[450, 350, 50, 1],4287
[450, 350, 100, 0],76882
[450, 350, 100, 1],1836
[450, 350, 150, 0],76873
[450, 350, 150, 1],577
[450, 350, 200, 0],76847
[450, 350, 200, 1],472
[450, 350, 250, 0],76877
[450, 350, 250, 1],496
[450, 350, 300, 0],76782
[450, 350, 300, 1],527
[450, 350, 350, 0],76698
[450, 350, 350, 1],555
[450, 350, 400, 0],76501
[450, 350, 400, 1],582
[450, 400, 0, 0],40314
[450, 400, 0, 1],39849
[450, 400, 50, 0],40288
[450, 400, 50, 1],4265
[450, 400, 100, 0],39031
[450, 400, 100, 1],4262
[450, 400, 150, 0],37786
[450, 400, 150, 1],5404
[450, 400, 200, 0],36596
[450, 400, 200, 1],6561
[450, 400, 250, 0],35380
[450, 400, 250, 1],7906
[450, 400, 300, 0],34286
[450, 400, 300, 1],9017
[450, 400, 350, 0],33204
[450, 400, 350, 1],10044
[450, 400, 400, 0],32122
[450, 400, 400, 1],11331
[450, 450, 0, 0],39763
[450, 450, 0, 1],39998
[450, 450, 50, 0],4153
[450, 450, 50, 1],75943
[450, 450, 100, 0],1778
[450, 450, 100, 1],110457
[450, 450, 150, 0],514
[450, 450, 150, 1],144760
[450, 450, 200, 0],286
[450, 450, 200, 1],179234
[450, 450, 250, 0],170
[450, 450, 250, 1],213670
[450, 450, 300, 0],152
[450, 450, 300, 1],248133
[450, 450, 350, 0],129
[450, 450, 350, 1],282217
[450, 450, 400, 0],121
[450, 450, 400, 1],316688
