[125, 0, 25, -10, 0, 1],0,18.250188997309046
[125, 0, 25, -10, 0, 1],1,10.547227079468568
[125, 0, 25, -10, 50, 1],0,25.28269469362258
[125, 0, 25, -10, 50, 1],1,18.856072093729843
[125, 0, 25, -10, 100, 1],0,0.0
[125, 0, 25, -10, 100, 1],1,5.896339389829013
[125, 0, 25, -10, 150, 1],0,0.0
[125, 0, 25, -10, 150, 1],1,0.0
[125, 0, 25, -10, 200, 1],0,0.0
[125, 0, 25, -10, 200, 1],1,0.0
[125, 0, 25, -10, 250, 1],0,0.0
[125, 0, 25, -10, 250, 1],1,0.0
[125, 0, 25, -10, 300, 1],0,-11.142268015901022
[125, 0, 25, -10, 300, 1],1,-21.454225465862518
[125, 0, 25, -5, 0, 1],0,9.442469009351925
[125, 0, 25, -5, 0, 1],1,3.2812355342485477
[125, 0, 25, -5, 50, 1],0,17.474112734369566
[125, 0, 25, -5, 50, 1],1,0.43386911738574013
[125, 0, 25, -5, 100, 1],0,0.0
[125, 0, 25, -5, 100, 1],1,0.0
[125, 0, 25, -5, 150, 1],0,0.0
[125, 0, 25, -5, 150, 1],1,0.0
[125, 0, 25, -5, 200, 1],0,0.0
[125, 0, 25, -5, 200, 1],1,0.0
[125, 0, 25, -5, 250, 1],0,0.0
[125, 0, 25, -5, 250, 1],1,0.0
[125, 0, 25, -5, 300, 1],0,-8.60101279115567
[125, 0, 25, -5, 300, 1],1,-2.8946966399408987
[125, 0, 25, 0, 0, 1],0,16.268492628487238
[125, 0, 25, 0, 0, 1],1,23.05563870445762
[125, 0, 25, 0, 50, 1],0,17.20065165492655
[125, 0, 25, 0, 50, 1],1,27.617564849495015
[125, 0, 25, 0, 100, 1],0,19.154258398424037
[125, 0, 25, 0, 100, 1],1,4.278137222321567
[125, 0, 25, 0, 150, 1],0,0.0
[125, 0, 25, 0, 150, 1],1,0.0
[125, 0, 25, 0, 200, 1],0,0.0
[125, 0, 25, 0, 200, 1],1,0.0
[125, 0, 25, 0, 250, 1],0,0.0
[125, 0, 25, 0, 250, 1],1,0.0
[125, 0, 25, 0, 300, 1],0,0.0
[125, 0, 25, 0, 300, 1],1,0.0
[125, 0, 25, 5, 0, 1],0,16.916861655045192
[125, 0, 25, 5, 0, 1],1,27.390435528783083
[125, 0, 25, 5, 50, 1],0,21.098374301293543
[125, 0, 25, 5, 50, 1],1,31.473782242756258
[125, 0, 25, 5, 100, 1],0,17.4498154486596
[125, 0, 25, 5, 100, 1],1,6.382445899538775
[125, 0, 25, 5, 150, 1],0,0.0
[125, 0, 25, 5, 150, 1],1,0.0
[125, 0, 25, 5, 200, 1],0,0.0
[125, 0, 25, 5, 200, 1],1,0.0
[125, 0, 25, 5, 250, 1],0,0.0
[125, 0, 25, 5, 250, 1],1,0.0
[125, 0, 25, 5, 300, 1],0,0.0
[125, 0, 25, 5, 300, 1],1,0.0
[125, 0, 25, 10, 0, 1],0,0.0
[125, 0, 25, 10, 0, 1],1,0.0
[125, 0, 25, 10, 50, 1],0,24.299006164894482
[125, 0, 25, 10, 50, 1],1,29.418623430377554
[125, 0, 25, 10, 100, 1],0,16.5795323050822
[125, 0, 25, 10, 100, 1],1,9.90078894307689
[125, 0, 25, 10, 150, 1],0,0.0
[125, 0, 25, 10, 150, 1],1,0.0
[125, 0, 25, 10, 200, 1],0,0.0
[125, 0, 25, 10, 200, 1],1,0.0
[125, 0, 25, 10, 250, 1],0,0.0
[125, 0, 25, 10, 250, 1],1,0.0
[125, 0, 25, 10, 300, 1],0,0.0
[125, 0, 25, 10, 300, 1],1,0.0
[125, 50, 25, -10, 0, 1],0,9.922210235294894
[125, 50, 25, -10, 0, 1],1,7.912809471266158
[125, 50, 25, -10, 50, 1],0,7.972298567438606
[125, 50, 25, -10, 50, 1],1,7.0969223952563825
[125, 50, 25, -10, 100, 1],0,3.6554821940456304
[125, 50, 25, -10, 100, 1],1,6.653495192744225
[125, 50, 25, -10, 150, 1],0,0.0
[125, 50, 25, -10, 150, 1],1,0.0
[125, 50, 25, -10, 200, 1],0,0.0
[125, 50, 25, -10, 200, 1],1,0.0
[125, 50, 25, -10, 250, 1],0,0.0
[125, 50, 25, -10, 250, 1],1,0.0
[125, 50, 25, -10, 300, 1],0,-12.275442917588922
[125, 50, 25, -10, 300, 1],1,-20.66863513341252
[125, 50, 25, -5, 0, 1],0,4.479347882638451
[125, 50, 25, -5, 0, 1],1,0.7639901608589879
[125, 50, 25, -5, 50, 1],0,10.996275092507235
[125, 50, 25, -5, 50, 1],1,1.0982086624848684
[125, 50, 25, -5, 100, 1],0,0.0
[125, 50, 25, -5, 100, 1],1,0.0
[125, 50, 25, -5, 150, 1],0,0.0
[125, 50, 25, -5, 150, 1],1,0.0
[125, 50, 25, -5, 200, 1],0,0.0
[125, 50, 25, -5, 200, 1],1,0.0
[125, 50, 25, -5, 250, 1],0,0.0
[125, 50, 25, -5, 250, 1],1,0.0
[125, 50, 25, -5, 300, 1],0,-21.244500522223078
[125, 50, 25, -5, 300, 1],1,-23.21637316657348
[125, 50, 25, 0, 0, 1],0,7.603284623780914
[125, 50, 25, 0, 0, 1],1,11.166388924543359
[125, 50, 25, 0, 50, 1],0,8.738594815132249
[125, 50, 25, 0, 50, 1],1,7.6073178371460655
[125, 50, 25, 0, 100, 1],0,9.241632627322442
[125, 50, 25, 0, 100, 1],1,5.859417250921553
[125, 50, 25, 0, 150, 1],0,0.0
[125, 50, 25, 0, 150, 1],1,0.0
[125, 50, 25, 0, 200, 1],0,0.0
[125, 50, 25, 0, 200, 1],1,0.0
[125, 50, 25, 0, 250, 1],0,0.0
[125, 50, 25, 0, 250, 1],1,0.0
[125, 50, 25, 0, 300, 1],0,0.0
[125, 50, 25, 0, 300, 1],1,0.0
[125, 50, 25, 5, 0, 1],0,9.383084207048553
[125, 50, 25, 5, 0, 1],1,7.44103678825484
[125, 50, 25, 5, 50, 1],0,8.178931496283175
[125, 50, 25, 5, 50, 1],1,7.496732184385111
[125, 50, 25, 5, 100, 1],0,8.16338807811038
[125, 50, 25, 5, 100, 1],1,5.33818105372035
[125, 50, 25, 5, 150, 1],0,0.0
[125, 50, 25, 5, 150, 1],1,0.0
[125, 50, 25, 5, 200, 1],0,0.0
[125, 50, 25, 5, 200, 1],1,0.0
[125, 50, 25, 5, 250, 1],0,0.0
[125, 50, 25, 5, 250, 1],1,0.0
[125, 50, 25, 5, 300, 1],0,0.0
[125, 50, 25, 5, 300, 1],1,0.0
[125, 50, 25, 10, 0, 1],0,0.0
[125, 50, 25, 10, 0, 1],1,0.0
[125, 50, 25, 10, 50, 1],0,8.559352143127983
[125, 50, 25, 10, 50, 1],1,6.942334963298704
[125, 50, 25, 10, 100, 1],0,8.390893632659278
[125, 50, 25, 10, 100, 1],1,3.5411595718080577
[125, 50, 25, 10, 150, 1],0,0.0
[125, 50, 25, 10, 150, 1],1,0.0
[125, 50, 25, 10, 200, 1],0,0.0
[125, 50, 25, 10, 200, 1],1,0.0
[125, 50, 25, 10, 250, 1],0,0.0
[125, 50, 25, 10, 250, 1],1,0.0
[125, 50, 25, 10, 300, 1],0,0.0
[125, 50, 25, 10, 300, 1],1,0.0
[125, 100, 25, -10, 0, 1],0,4.154620888115123
[125, 100, 25, -10, 0, 1],1,2.597874987467588
[125, 100, 25, -10, 50, 1],0,4.339947668000143
[125, 100, 25, -10, 50, 1],1,3.6397104916385694
[125, 100, 25, -10, 100, 1],0,1.4962245749848435
[125, 100, 25, -10, 100, 1],1,2.4554924769314304
[125, 100, 25, -10, 150, 1],0,0.0
[125, 100, 25, -10, 150, 1],1,0.0
[125, 100, 25, -10, 200, 1],0,0.0
[125, 100, 25, -10, 200, 1],1,0.0
[125, 100, 25, -10, 250, 1],0,0.0
[125, 100, 25, -10, 250, 1],1,0.0
[125, 100, 25, -10, 300, 1],0,-12.977123177167526
[125, 100, 25, -10, 300, 1],1,-21.421059564904642
[125, 100, 25, -5, 0, 1],0,-0.8431640064970465
[125, 100, 25, -5, 0, 1],1,-4.32798966927366
[125, 100, 25, -5, 50, 1],0,3.606847327151155
[125, 100, 25, -5, 50, 1],1,1.0915871534116497
[125, 100, 25, -5, 100, 1],0,0.0
[125, 100, 25, -5, 100, 1],1,0.33098036514233586
[125, 100, 25, -5, 150, 1],0,0.0
[125, 100, 25, -5, 150, 1],1,0.0
[125, 100, 25, -5, 200, 1],0,0.0
[125, 100, 25, -5, 200, 1],1,0.0
[125, 100, 25, -5, 250, 1],0,0.0
[125, 100, 25, -5, 250, 1],1,0.0
[125, 100, 25, -5, 300, 1],0,-21.455413088969124
[125, 100, 25, -5, 300, 1],1,-31.315371932964936
[125, 100, 25, 0, 0, 1],0,3.5756834703360165
[125, 100, 25, 0, 0, 1],1,5.265239500148926
[125, 100, 25, 0, 50, 1],0,4.010415335840663
[125, 100, 25, 0, 50, 1],1,5.0988194171179195
[125, 100, 25, 0, 100, 1],0,3.644813493101635
[125, 100, 25, 0, 100, 1],1,2.296649540224116
[125, 100, 25, 0, 150, 1],0,0.0
[125, 100, 25, 0, 150, 1],1,0.0
[125, 100, 25, 0, 200, 1],0,0.0
[125, 100, 25, 0, 200, 1],1,0.0
[125, 100, 25, 0, 250, 1],0,0.0
[125, 100, 25, 0, 250, 1],1,0.0
[125, 100, 25, 0, 300, 1],0,0.0
[125, 100, 25, 0, 300, 1],1,0.0
[125, 100, 25, 5, 0, 1],0,3.894754351647127
[125, 100, 25, 5, 0, 1],1,3.803655948256815
[125, 100, 25, 5, 50, 1],0,4.160730228932168
[125, 100, 25, 5, 50, 1],1,3.7758654006580024
[125, 100, 25, 5, 100, 1],0,3.4000461811649663
[125, 100, 25, 5, 100, 1],1,1.8521352567378424
[125, 100, 25, 5, 150, 1],0,0.0
[125, 100, 25, 5, 150, 1],1,0.0
[125, 100, 25, 5, 200, 1],0,0.0
[125, 100, 25, 5, 200, 1],1,0.0
[125, 100, 25, 5, 250, 1],0,0.0
[125, 100, 25, 5, 250, 1],1,0.0
[125, 100, 25, 5, 300, 1],0,0.0
[125, 100, 25, 5, 300, 1],1,0.0
[125, 100, 25, 10, 0, 1],0,0.0
[125, 100, 25, 10, 0, 1],1,0.0
[125, 100, 25, 10, 50, 1],0,4.705223240291171
[125, 100, 25, 10, 50, 1],1,3.465778407844918
[125, 100, 25, 10, 100, 1],0,3.740396586384875
[125, 100, 25, 10, 100, 1],1,1.0701611016026649
[125, 100, 25, 10, 150, 1],0,0.3271577345262241
[125, 100, 25, 10, 150, 1],1,0.0
[125, 100, 25, 10, 200, 1],0,0.0
[125, 100, 25, 10, 200, 1],1,0.0
[125, 100, 25, 10, 250, 1],0,0.0
[125, 100, 25, 10, 250, 1],1,0.0
[125, 100, 25, 10, 300, 1],0,0.0
[125, 100, 25, 10, 300, 1],1,0.0
[125, 150, 25, -10, 0, 1],0,2.414104658059439
[125, 150, 25, -10, 0, 1],1,2.105356007881361
[125, 150, 25, -10, 50, 1],0,2.0832065334178216
[125, 150, 25, -10, 50, 1],1,1.9489768413420712
[125, 150, 25, -10, 100, 1],0,1.3756584816148352
[125, 150, 25, -10, 100, 1],1,1.1601712033783191
[125, 150, 25, -10, 150, 1],0,0.18179560441780668
[125, 150, 25, -10, 150, 1],1,0.3461173073860778
[125, 150, 25, -10, 200, 1],0,0.0
[125, 150, 25, -10, 200, 1],1,0.0
[125, 150, 25, -10, 250, 1],0,0.0
[125, 150, 25, -10, 250, 1],1,0.0
[125, 150, 25, -10, 300, 1],0,-12.117190574540079
[125, 150, 25, -10, 300, 1],1,-21.711934743026642
[125, 150, 25, -5, 0, 1],0,-0.039412435983077115
[125, 150, 25, -5, 0, 1],1,-4.527591727712544
[125, 150, 25, -5, 50, 1],0,1.877795348770994
[125, 150, 25, -5, 50, 1],1,0.8136909568472367
[125, 150, 25, -5, 100, 1],0,0.9030362433653665
[125, 150, 25, -5, 100, 1],1,0.27798657929108284
[125, 150, 25, -5, 150, 1],0,0.0
[125, 150, 25, -5, 150, 1],1,0.0
[125, 150, 25, -5, 200, 1],0,0.0
[125, 150, 25, -5, 200, 1],1,0.0
[125, 150, 25, -5, 250, 1],0,0.0
[125, 150, 25, -5, 250, 1],1,0.0
[125, 150, 25, -5, 300, 1],0,-21.137412100203083
[125, 150, 25, -5, 300, 1],1,-30.836282487849584
[125, 150, 25, 0, 0, 1],0,1.461404613681307
[125, 150, 25, 0, 0, 1],1,2.178104975704696
[125, 150, 25, 0, 50, 1],0,2.189306860657653
[125, 150, 25, 0, 50, 1],1,1.9760784323833422
[125, 150, 25, 0, 100, 1],0,1.4449755599556995
[125, 150, 25, 0, 100, 1],1,1.6221650320794256
[125, 150, 25, 0, 150, 1],0,0.24036181737862278
[125, 150, 25, 0, 150, 1],1,0.18339872518599026
[125, 150, 25, 0, 200, 1],0,0.0
[125, 150, 25, 0, 200, 1],1,0.0
[125, 150, 25, 0, 250, 1],0,0.0
[125, 150, 25, 0, 250, 1],1,0.0
[125, 150, 25, 0, 300, 1],0,0.0
[125, 150, 25, 0, 300, 1],1,0.0
[125, 150, 25, 5, 0, 1],0,2.4005565227318777
[125, 150, 25, 5, 0, 1],1,2.061633911711076
[125, 150, 25, 5, 50, 1],0,2.622614380333926
[125, 150, 25, 5, 50, 1],1,2.1788688980721385
[125, 150, 25, 5, 100, 1],0,1.4654939507874114
[125, 150, 25, 5, 100, 1],1,1.1023552875058975
[125, 150, 25, 5, 150, 1],0,0.17305357424499515
[125, 150, 25, 5, 150, 1],1,0.07348159293808817
[125, 150, 25, 5, 200, 1],0,0.0
[125, 150, 25, 5, 200, 1],1,0.0
[125, 150, 25, 5, 250, 1],0,0.0
[125, 150, 25, 5, 250, 1],1,0.0
[125, 150, 25, 5, 300, 1],0,0.0
[125, 150, 25, 5, 300, 1],1,0.0
[125, 150, 25, 10, 0, 1],0,0.0
[125, 150, 25, 10, 0, 1],1,0.0
[125, 150, 25, 10, 50, 1],0,2.20322491486696
[125, 150, 25, 10, 50, 1],1,1.737446326627611
[125, 150, 25, 10, 100, 1],0,1.8767606256263445
[125, 150, 25, 10, 100, 1],1,1.1021323477086198
[125, 150, 25, 10, 150, 1],0,0.17101553419406115
[125, 150, 25, 10, 150, 1],1,0.0
[125, 150, 25, 10, 200, 1],0,0.0
[125, 150, 25, 10, 200, 1],1,0.0
[125, 150, 25, 10, 250, 1],0,0.0
[125, 150, 25, 10, 250, 1],1,0.0
[125, 150, 25, 10, 300, 1],0,0.0
[125, 150, 25, 10, 300, 1],1,0.0
[125, 200, 25, -10, 0, 1],0,2.0113233844125635
[125, 200, 25, -10, 0, 1],1,1.7824263506570297
[125, 200, 25, -10, 50, 1],0,1.0674827058297802
[125, 200, 25, -10, 50, 1],1,1.3211351741615707
[125, 200, 25, -10, 100, 1],0,0.7768204784156079
[125, 200, 25, -10, 100, 1],1,0.8695739112767022
[125, 200, 25, -10, 150, 1],0,0.5214667947727034
[125, 200, 25, -10, 150, 1],1,0.35139313754908563
[125, 200, 25, -10, 200, 1],0,0.0
[125, 200, 25, -10, 200, 1],1,0.15356622281916765
[125, 200, 25, -10, 250, 1],0,0.0
[125, 200, 25, -10, 250, 1],1,0.0
[125, 200, 25, -10, 300, 1],0,-19.567129446336267
[125, 200, 25, -10, 300, 1],1,-23.109186499695245
[125, 200, 25, -5, 0, 1],0,1.790082524162336
[125, 200, 25, -5, 0, 1],1,1.3995262935335526
[125, 200, 25, -5, 50, 1],0,1.3628505777975755
[125, 200, 25, -5, 50, 1],1,1.1144328459865698
[125, 200, 25, -5, 100, 1],0,0.9093107760034713
[125, 200, 25, -5, 100, 1],1,0.6978222074858331
[125, 200, 25, -5, 150, 1],0,0.1816787657198872
[125, 200, 25, -5, 150, 1],1,0.0
[125, 200, 25, -5, 200, 1],0,0.0
[125, 200, 25, -5, 200, 1],1,0.0
[125, 200, 25, -5, 250, 1],0,0.0
[125, 200, 25, -5, 250, 1],1,0.0
[125, 200, 25, -5, 300, 1],0,0.0
[125, 200, 25, -5, 300, 1],1,-14.454047541005625
[125, 200, 25, 0, 0, 1],0,2.0465963115154078
[125, 200, 25, 0, 0, 1],1,1.7436924486965788
[125, 200, 25, 0, 50, 1],0,1.1954783191504554
[125, 200, 25, 0, 50, 1],1,1.0555173678420382
[125, 200, 25, 0, 100, 1],0,0.8231906292122979
[125, 200, 25, 0, 100, 1],1,0.7154835478295618
[125, 200, 25, 0, 150, 1],0,0.6859118095530785
[125, 200, 25, 0, 150, 1],1,0.4600117166076999
[125, 200, 25, 0, 200, 1],0,0.0
[125, 200, 25, 0, 200, 1],1,0.0
[125, 200, 25, 0, 250, 1],0,0.0
[125, 200, 25, 0, 250, 1],1,0.0
[125, 200, 25, 0, 300, 1],0,0.0
[125, 200, 25, 0, 300, 1],1,0.0
[125, 200, 25, 5, 0, 1],0,-0.8099967698764521
[125, 200, 25, 5, 0, 1],1,0.32181130955015697
[125, 200, 25, 5, 50, 1],0,1.2043257353574661
[125, 200, 25, 5, 50, 1],1,0.7974902888208476
[125, 200, 25, 5, 100, 1],0,0.9110146232504165
[125, 200, 25, 5, 100, 1],1,0.6324596749331782
[125, 200, 25, 5, 150, 1],0,0.6555337523826942
[125, 200, 25, 5, 150, 1],1,0.36272448760108417
[125, 200, 25, 5, 200, 1],0,0.0
[125, 200, 25, 5, 200, 1],1,0.0
[125, 200, 25, 5, 250, 1],0,0.0
[125, 200, 25, 5, 250, 1],1,0.0
[125, 200, 25, 5, 300, 1],0,0.0
[125, 200, 25, 5, 300, 1],1,0.0
[125, 200, 25, 10, 0, 1],0,0.0
[125, 200, 25, 10, 0, 1],1,0.0
[125, 200, 25, 10, 50, 1],0,0.0
[125, 200, 25, 10, 50, 1],1,0.0
[125, 200, 25, 10, 100, 1],0,0.0
[125, 200, 25, 10, 100, 1],1,0.0
[125, 200, 25, 10, 150, 1],0,0.27225700719418816
[125, 200, 25, 10, 150, 1],1,0.021336140519469325
[125, 200, 25, 10, 200, 1],0,0.16892737523742454
[125, 200, 25, 10, 200, 1],1,0.0
[125, 200, 25, 10, 250, 1],0,0.0
[125, 200, 25, 10, 250, 1],1,0.0
[125, 200, 25, 10, 300, 1],0,0.0
[125, 200, 25, 10, 300, 1],1,0.0
[125, 250, 25, -10, 0, 1],0,0.0
[125, 250, 25, -10, 0, 1],1,0.5141955284488013
[125, 250, 25, -10, 50, 1],0,0.9291150341571492
[125, 250, 25, -10, 50, 1],1,1.0377213962892862
[125, 250, 25, -10, 100, 1],0,0.4191151944344943
[125, 250, 25, -10, 100, 1],1,0.5012323003142207
[125, 250, 25, -10, 150, 1],0,0.4404291119092816
[125, 250, 25, -10, 150, 1],1,0.4685562799585447
[125, 250, 25, -10, 200, 1],0,0.0
[125, 250, 25, -10, 200, 1],1,0.0
[125, 250, 25, -10, 250, 1],0,0.0
[125, 250, 25, -10, 250, 1],1,0.0
[125, 250, 25, -10, 300, 1],0,0.0
[125, 250, 25, -10, 300, 1],1,0.0
[125, 250, 25, -5, 0, 1],0,0.0
[125, 250, 25, -5, 0, 1],1,0.0
[125, 250, 25, -5, 50, 1],0,1.0034985259352656
[125, 250, 25, -5, 50, 1],1,1.0410356164649288
[125, 250, 25, -5, 100, 1],0,0.5612886612893352
[125, 250, 25, -5, 100, 1],1,0.46234177587756264
[125, 250, 25, -5, 150, 1],0,0.43879900163434504
[125, 250, 25, -5, 150, 1],1,0.45035741748581354
[125, 250, 25, -5, 200, 1],0,0.0
[125, 250, 25, -5, 200, 1],1,0.0
[125, 250, 25, -5, 250, 1],0,0.0
[125, 250, 25, -5, 250, 1],1,0.0
[125, 250, 25, -5, 300, 1],0,0.0
[125, 250, 25, -5, 300, 1],1,0.0
[125, 250, 25, 0, 0, 1],0,0.0
[125, 250, 25, 0, 0, 1],1,0.0
[125, 250, 25, 0, 50, 1],0,0.6256569580331641
[125, 250, 25, 0, 50, 1],1,0.5048601196161661
[125, 250, 25, 0, 100, 1],0,0.42827898987845336
[125, 250, 25, 0, 100, 1],1,0.4299952832212452
[125, 250, 25, 0, 150, 1],0,0.42475220499919697
[125, 250, 25, 0, 150, 1],1,0.42255066215437725
[125, 250, 25, 0, 200, 1],0,0.0
[125, 250, 25, 0, 200, 1],1,0.0
[125, 250, 25, 0, 250, 1],0,0.0
[125, 250, 25, 0, 250, 1],1,0.0
[125, 250, 25, 0, 300, 1],0,0.0
[125, 250, 25, 0, 300, 1],1,0.0
[125, 250, 25, 5, 0, 1],0,0.0
[125, 250, 25, 5, 0, 1],1,0.0
[125, 250, 25, 5, 50, 1],0,0.0
[125, 250, 25, 5, 50, 1],1,0.0
[125, 250, 25, 5, 100, 1],0,0.0
[125, 250, 25, 5, 100, 1],1,0.0
[125, 250, 25, 5, 150, 1],0,0.4316702388851899
[125, 250, 25, 5, 150, 1],1,0.4307523017852447
[125, 250, 25, 5, 200, 1],0,0.0
[125, 250, 25, 5, 200, 1],1,0.0
[125, 250, 25, 5, 250, 1],0,0.0
[125, 250, 25, 5, 250, 1],1,0.0
[125, 250, 25, 5, 300, 1],0,0.0
[125, 250, 25, 5, 300, 1],1,0.0
[125, 250, 25, 10, 0, 1],0,0.0
[125, 250, 25, 10, 0, 1],1,0.0
[125, 250, 25, 10, 50, 1],0,0.49211319115488444
[125, 250, 25, 10, 50, 1],1,0.40000131272628037
[125, 250, 25, 10, 100, 1],0,0.4691616461181004
[125, 250, 25, 10, 100, 1],1,0.3808478388195808
[125, 250, 25, 10, 150, 1],0,0.47196055204164866
[125, 250, 25, 10, 150, 1],1,0.443315585732085
[125, 250, 25, 10, 200, 1],0,0.0
[125, 250, 25, 10, 200, 1],1,0.0
[125, 250, 25, 10, 250, 1],0,0.0
[125, 250, 25, 10, 250, 1],1,0.0
[125, 250, 25, 10, 300, 1],0,0.0
[125, 250, 25, 10, 300, 1],1,0.0
[250, 0, 150, -10, 0, 0],0,-462.0141142288574
[250, 0, 150, -10, 0, 0],1,-504.19939202063995
[250, 0, 150, -10, 0, 1],0,-23.383715233752554
[250, 0, 150, -10, 0, 1],1,-29.47063754619248
[250, 0, 150, -10, 50, 0],0,-19.532038765914635
[250, 0, 150, -10, 50, 0],1,-50.26450928405322
[250, 0, 150, -10, 50, 1],0,-11.056152057260569
[250, 0, 150, -10, 50, 1],1,-27.39137369432138
[250, 0, 150, -10, 100, 0],0,-4.731289442310302
[250, 0, 150, -10, 100, 0],1,-9.663123852297838
[250, 0, 150, -10, 100, 1],0,-5.742003027280299
[250, 0, 150, -10, 100, 1],1,-7.664469310206749
[250, 0, 150, -10, 150, 0],0,24.83929875590045
[250, 0, 150, -10, 150, 0],1,32.53619336558579
[250, 0, 150, -10, 150, 1],0,15.835713994778029
[250, 0, 150, -10, 150, 1],1,13.129772325170219
[250, 0, 150, -10, 200, 0],0,18.105641296469646
[250, 0, 150, -10, 200, 0],1,27.20605109944147
[250, 0, 150, -10, 200, 1],0,15.004313410368317
[250, 0, 150, -10, 200, 1],1,12.861040212393792
[250, 0, 150, -10, 250, 0],0,0.9285033181944522
[250, 0, 150, -10, 250, 0],1,-2.109809856685003
[250, 0, 150, -10, 250, 1],0,-1.0
[250, 0, 150, -10, 250, 1],1,3.0407328833625726
[250, 0, 150, -10, 300, 0],0,-123.65876746599851
[250, 0, 150, -10, 300, 0],1,-254.33639284706345
[250, 0, 150, -10, 300, 1],0,-26.371116010017875
[250, 0, 150, -10, 300, 1],1,-24.36160670285626
[250, 0, 150, -5, 0, 0],0,-457.69364388910486
[250, 0, 150, -5, 0, 0],1,-372.1059019771584
[250, 0, 150, -5, 0, 1],0,-14.717050690975475
[250, 0, 150, -5, 0, 1],1,-12.443240913553602
[250, 0, 150, -5, 50, 0],0,-44.81005827147871
[250, 0, 150, -5, 50, 0],1,-92.79835180512254
[250, 0, 150, -5, 50, 1],0,-19.042051154905934
[250, 0, 150, -5, 50, 1],1,-10.878465935082412
[250, 0, 150, -5, 100, 0],0,-5.907827954350181
[250, 0, 150, -5, 100, 0],1,-9.72006137151089
[250, 0, 150, -5, 100, 1],0,-10.926468167032828
[250, 0, 150, -5, 100, 1],1,-7.210970447190133
[250, 0, 150, -5, 150, 0],0,41.922601949632934
[250, 0, 150, -5, 150, 0],1,65.14230964925045
[250, 0, 150, -5, 150, 1],0,19.428829503350077
[250, 0, 150, -5, 150, 1],1,1.918916868158259
[250, 0, 150, -5, 200, 0],0,24.80002340308134
[250, 0, 150, -5, 200, 0],1,0.0
[250, 0, 150, -5, 200, 1],0,0.0
[250, 0, 150, -5, 200, 1],1,4.192618630159901
[250, 0, 150, -5, 250, 0],0,0.0
[250, 0, 150, -5, 250, 0],1,0.0
[250, 0, 150, -5, 250, 1],0,0.0
[250, 0, 150, -5, 250, 1],1,0.0
[250, 0, 150, -5, 300, 0],0,-100.4947968732874
[250, 0, 150, -5, 300, 0],1,-76.64603323626066
[250, 0, 150, -5, 300, 1],0,-5.43145514024482
[250, 0, 150, -5, 300, 1],1,0.0
[250, 0, 150, 0, 0, 0],0,-501.5449710320841
[250, 0, 150, 0, 0, 0],1,-539.096899166343
[250, 0, 150, 0, 0, 1],0,-26.657847760644422
[250, 0, 150, 0, 0, 1],1,-15.291387286634842
[250, 0, 150, 0, 50, 0],0,-31.720202606965323
[250, 0, 150, 0, 50, 0],1,-7.337200195374614
[250, 0, 150, 0, 50, 1],0,-18.430021060682108
[250, 0, 150, 0, 50, 1],1,-11.622969304535042
[250, 0, 150, 0, 100, 0],0,-7.92005419339493
[250, 0, 150, 0, 100, 0],1,-2.2479440895162517
[250, 0, 150, 0, 100, 1],0,-5.294346295759772
[250, 0, 150, 0, 100, 1],1,-1.9768917496604101
[250, 0, 150, 0, 150, 0],0,28.786121425783037
[250, 0, 150, 0, 150, 0],1,14.736484864783217
[250, 0, 150, 0, 150, 1],0,13.428151399742285
[250, 0, 150, 0, 150, 1],1,19.251742448699506
[250, 0, 150, 0, 200, 0],0,24.754247226283532
[250, 0, 150, 0, 200, 0],1,15.930309727584731
[250, 0, 150, 0, 200, 1],0,16.179154117084128
[250, 0, 150, 0, 200, 1],1,15.032398251558346
[250, 0, 150, 0, 250, 0],0,10.30464225549775
[250, 0, 150, 0, 250, 0],1,-2.9651396874377385
[250, 0, 150, 0, 250, 1],0,3.9043515167327465
[250, 0, 150, 0, 250, 1],1,0.0
[250, 0, 150, 0, 300, 0],0,-28.993614096157195
[250, 0, 150, 0, 300, 0],1,-2.8077483455113534
[250, 0, 150, 0, 300, 1],0,0.0
[250, 0, 150, 0, 300, 1],1,0.0
[250, 0, 150, 5, 0, 0],0,0.0
[250, 0, 150, 5, 0, 0],1,-2.488211191818661
[250, 0, 150, 5, 0, 1],0,-20.560577834555062
[250, 0, 150, 5, 0, 1],1,-13.363840513192564
[250, 0, 150, 5, 50, 0],0,-36.995951472719234
[250, 0, 150, 5, 50, 0],1,-2.828009440682464
[250, 0, 150, 5, 50, 1],0,-18.670545040034728
[250, 0, 150, 5, 50, 1],1,-4.939370983915451
[250, 0, 150, 5, 100, 0],0,-15.148698034764369
[250, 0, 150, 5, 100, 0],1,9.082705561731444
[250, 0, 150, 5, 100, 1],0,-5.146890992370746
[250, 0, 150, 5, 100, 1],1,2.8031246985560356
[250, 0, 150, 5, 150, 0],0,16.564646047275573
[250, 0, 150, 5, 150, 0],1,17.707736412925637
[250, 0, 150, 5, 150, 1],0,12.218718219606174
[250, 0, 150, 5, 150, 1],1,13.28506148936215
[250, 0, 150, 5, 200, 0],0,25.69869645327308
[250, 0, 150, 5, 200, 0],1,19.168236828026984
[250, 0, 150, 5, 200, 1],0,14.808322308313775
[250, 0, 150, 5, 200, 1],1,12.332931793730381
[250, 0, 150, 5, 250, 0],0,4.523442284328262
[250, 0, 150, 5, 250, 0],1,-0.9645159348006906
[250, 0, 150, 5, 250, 1],0,0.0
[250, 0, 150, 5, 250, 1],1,0.0
[250, 0, 150, 5, 300, 0],0,0.0
[250, 0, 150, 5, 300, 0],1,0.0
[250, 0, 150, 5, 300, 1],0,0.0
[250, 0, 150, 5, 300, 1],1,0.0
[250, 0, 150, 10, 0, 0],0,0.0
[250, 0, 150, 10, 0, 0],1,0.0
[250, 0, 150, 10, 0, 1],0,0.0
[250, 0, 150, 10, 0, 1],1,0.0
[250, 0, 150, 10, 50, 0],0,-12.322837759787975
[250, 0, 150, 10, 50, 0],1,-2.8447239999380236
[250, 0, 150, 10, 50, 1],0,-14.67399085190404
[250, 0, 150, 10, 50, 1],1,-1.6507930411038245
[250, 0, 150, 10, 100, 0],0,-21.752738494526817
[250, 0, 150, 10, 100, 0],1,8.828266306373473
[250, 0, 150, 10, 100, 1],0,-5.568874926405826
[250, 0, 150, 10, 100, 1],1,3.1622445104622106
[250, 0, 150, 10, 150, 0],0,20.312327034594855
[250, 0, 150, 10, 150, 0],1,15.558981612263935
[250, 0, 150, 10, 150, 1],0,12.068094793652671
[250, 0, 150, 10, 150, 1],1,13.901440057858958
[250, 0, 150, 10, 200, 0],0,20.114277336988785
[250, 0, 150, 10, 200, 0],1,13.943786255775846
[250, 0, 150, 10, 200, 1],0,13.902197486910342
[250, 0, 150, 10, 200, 1],1,13.605344649566392
[250, 0, 150, 10, 250, 0],0,5.702027486055833
[250, 0, 150, 10, 250, 0],1,-3.2081731721578435
[250, 0, 150, 10, 250, 1],0,1.3503275148116036
[250, 0, 150, 10, 250, 1],1,0.0
[250, 0, 150, 10, 300, 0],0,-12.340351761640658
[250, 0, 150, 10, 300, 0],1,-0.970299
[250, 0, 150, 10, 300, 1],0,0.0
[250, 0, 150, 10, 300, 1],1,0.0
[250, 50, 150, -10, 0, 0],0,-544.1120100809587
[250, 50, 150, -10, 0, 0],1,-439.5637362464217
[250, 50, 150, -10, 0, 1],0,-2.2421039949650243
[250, 50, 150, -10, 0, 1],1,-3.7380722593926183
[250, 50, 150, -10, 50, 0],0,0.736946963052069
[250, 50, 150, -10, 50, 0],1,-85.3832908885744
[250, 50, 150, -10, 50, 1],0,1.766173552249236
[250, 50, 150, -10, 50, 1],1,0.01758436738036448
[250, 50, 150, -10, 100, 0],0,5.312075639711258
[250, 50, 150, -10, 100, 0],1,3.7457314172065037
[250, 50, 150, -10, 100, 1],0,3.1639780579114394
[250, 50, 150, -10, 100, 1],1,2.0518874917150187
[250, 50, 150, -10, 150, 0],0,10.913048529230661
[250, 50, 150, -10, 150, 0],1,7.646812010476733
[250, 50, 150, -10, 150, 1],0,9.894740501250112
[250, 50, 150, -10, 150, 1],1,8.13182846125586
[250, 50, 150, -10, 200, 0],0,7.197867708627088
[250, 50, 150, -10, 200, 0],1,8.61204942694701
[250, 50, 150, -10, 200, 1],0,10.570466458954957
[250, 50, 150, -10, 200, 1],1,7.78563376622825
[250, 50, 150, -10, 250, 0],0,0.6458192622124406
[250, 50, 150, -10, 250, 0],1,3.621432252830884
[250, 50, 150, -10, 250, 1],0,0.0
[250, 50, 150, -10, 250, 1],1,0.0
[250, 50, 150, -10, 300, 0],0,-154.80533562314264
[250, 50, 150, -10, 300, 0],1,-272.63998763025575
[250, 50, 150, -10, 300, 1],0,-12.583577370202379
[250, 50, 150, -10, 300, 1],1,-22.309663624923683
[250, 50, 150, -5, 0, 0],0,-412.25157410412396
[250, 50, 150, -5, 0, 0],1,-522.8320401408535
[250, 50, 150, -5, 0, 1],0,-9.004696908544432
[250, 50, 150, -5, 0, 1],1,-13.241607491612099
[250, 50, 150, -5, 50, 0],0,-61.40497383835998
[250, 50, 150, -5, 50, 0],1,-152.0535636619248
[250, 50, 150, -5, 50, 1],0,-8.510633357798703
[250, 50, 150, -5, 50, 1],1,-3.8803937920893485
[250, 50, 150, -5, 100, 0],0,-3.157564793889853
[250, 50, 150, -5, 100, 0],1,0.3674535282582728
[250, 50, 150, -5, 100, 1],0,1.2061872271431529
[250, 50, 150, -5, 100, 1],1,-4.311330468367422
[250, 50, 150, -5, 150, 0],0,7.54680184866268
[250, 50, 150, -5, 150, 0],1,3.461301243754794
[250, 50, 150, -5, 150, 1],0,5.8589486482288295
[250, 50, 150, -5, 150, 1],1,1.3933220373606743
[250, 50, 150, -5, 200, 0],0,6.622788863667478
[250, 50, 150, -5, 200, 0],1,2.379762128922624
[250, 50, 150, -5, 200, 1],0,0.0
[250, 50, 150, -5, 200, 1],1,0.5529961858775224
[250, 50, 150, -5, 250, 0],0,0.0
[250, 50, 150, -5, 250, 0],1,0.0
[250, 50, 150, -5, 250, 1],0,0.0
[250, 50, 150, -5, 250, 1],1,0.0
[250, 50, 150, -5, 300, 0],0,-292.6399965980187
[250, 50, 150, -5, 300, 0],1,-346.176509785651
[250, 50, 150, -5, 300, 1],0,-22.469834042483576
[250, 50, 150, -5, 300, 1],1,-20.125140561733424
[250, 50, 150, 0, 0, 0],0,-551.6685186207739
[250, 50, 150, 0, 0, 0],1,-568.3881722218852
[250, 50, 150, 0, 0, 1],0,-3.811050796120604
[250, 50, 150, 0, 0, 1],1,-0.08162795403567491
[250, 50, 150, 0, 50, 0],0,-9.29130740352582
[250, 50, 150, 0, 50, 0],1,3.5320709825302026
[250, 50, 150, 0, 50, 1],0,0.2784005058890816
[250, 50, 150, 0, 50, 1],1,2.5151582863553066
[250, 50, 150, 0, 100, 0],0,3.393415588631878
[250, 50, 150, 0, 100, 0],1,6.726645049613773
[250, 50, 150, 0, 100, 1],0,2.531357424577381
[250, 50, 150, 0, 100, 1],1,3.4477655089194075
[250, 50, 150, 0, 150, 0],0,7.978339952864699
[250, 50, 150, 0, 150, 0],1,9.316175496537829
[250, 50, 150, 0, 150, 1],0,7.09342069662417
[250, 50, 150, 0, 150, 1],1,10.358208955137318
[250, 50, 150, 0, 200, 0],0,12.085149577639163
[250, 50, 150, 0, 200, 0],1,7.403451778059291
[250, 50, 150, 0, 200, 1],0,8.808945839363725
[250, 50, 150, 0, 200, 1],1,12.156983817587612
[250, 50, 150, 0, 250, 0],0,8.73165624613412
[250, 50, 150, 0, 250, 0],1,1.3073483943003403
[250, 50, 150, 0, 250, 1],0,0.996387088670508
[250, 50, 150, 0, 250, 1],1,0.0
[250, 50, 150, 0, 300, 0],0,-26.786756558120977
[250, 50, 150, 0, 300, 0],1,0.08293200374341977
[250, 50, 150, 0, 300, 1],0,0.0
[250, 50, 150, 0, 300, 1],1,0.0
[250, 50, 150, 5, 0, 0],0,-455.32487010643007
[250, 50, 150, 5, 0, 0],1,-102.59741788104458
[250, 50, 150, 5, 0, 1],0,-3.9051316382962122
[250, 50, 150, 5, 0, 1],1,2.835270603298885
[250, 50, 150, 5, 50, 0],0,-18.038638860882045
[250, 50, 150, 5, 50, 0],1,3.257402217772904
[250, 50, 150, 5, 50, 1],0,0.29225195470160076
[250, 50, 150, 5, 50, 1],1,3.511266834995553
[250, 50, 150, 5, 100, 0],0,3.741678770680859
[250, 50, 150, 5, 100, 0],1,6.963980855028323
[250, 50, 150, 5, 100, 1],0,2.5833527793248763
[250, 50, 150, 5, 100, 1],1,4.391613787612301
[250, 50, 150, 5, 150, 0],0,7.6973989674319645
[250, 50, 150, 5, 150, 0],1,8.753609264804481
[250, 50, 150, 5, 150, 1],0,6.652375200589557
[250, 50, 150, 5, 150, 1],1,9.240175781497317
[250, 50, 150, 5, 200, 0],0,8.242559594302094
[250, 50, 150, 5, 200, 0],1,13.884853082114207
[250, 50, 150, 5, 200, 1],0,8.659648227254866
[250, 50, 150, 5, 200, 1],1,10.416108529814718
[250, 50, 150, 5, 250, 0],0,7.580962358405333
[250, 50, 150, 5, 250, 0],1,0.7232366174118399
[250, 50, 150, 5, 250, 1],0,0.0
[250, 50, 150, 5, 250, 1],1,0.0
[250, 50, 150, 5, 300, 0],0,-21.81176242298145
[250, 50, 150, 5, 300, 0],1,0.033654315976734635
[250, 50, 150, 5, 300, 1],0,0.0
[250, 50, 150, 5, 300, 1],1,0.0
[250, 50, 150, 10, 0, 0],0,0.0
[250, 50, 150, 10, 0, 0],1,0.0
[250, 50, 150, 10, 0, 1],0,0.0
[250, 50, 150, 10, 0, 1],1,0.0
[250, 50, 150, 10, 50, 0],0,0.0
[250, 50, 150, 10, 50, 0],1,0.0
[250, 50, 150, 10, 50, 1],0,-1.1406654080429877
[250, 50, 150, 10, 50, 1],1,4.110293555420732
[250, 50, 150, 10, 100, 0],0,0.11537312571044117
[250, 50, 150, 10, 100, 0],1,7.882399635203782
[250, 50, 150, 10, 100, 1],0,2.146770548643455
[250, 50, 150, 10, 100, 1],1,5.606020986430332
[250, 50, 150, 10, 150, 0],0,6.993176128928831
[250, 50, 150, 10, 150, 0],1,11.368778735729553
[250, 50, 150, 10, 150, 1],0,5.3451273327969195
[250, 50, 150, 10, 150, 1],1,8.007878870849765
[250, 50, 150, 10, 200, 0],0,8.515935660313728
[250, 50, 150, 10, 200, 0],1,7.2470720813991285
[250, 50, 150, 10, 200, 1],0,9.463368577631657
[250, 50, 150, 10, 200, 1],1,8.121821320695213
[250, 50, 150, 10, 250, 0],0,6.209333848385131
[250, 50, 150, 10, 250, 0],1,1.2068257961917013
[250, 50, 150, 10, 250, 1],0,6.216534944097908
[250, 50, 150, 10, 250, 1],1,0.36809140803839646
[250, 50, 150, 10, 300, 0],0,-32.894333090126125
[250, 50, 150, 10, 300, 0],1,-0.8184232024866155
[250, 50, 150, 10, 300, 1],0,0.0
[250, 50, 150, 10, 300, 1],1,0.0
[250, 100, 150, -10, 0, 0],0,-583.6951927881269
[250, 100, 150, -10, 0, 0],1,-517.3636897219891
[250, 100, 150, -10, 0, 1],0,1.5383769763365516
[250, 100, 150, -10, 0, 1],1,0.3060521538815366
[250, 100, 150, -10, 50, 0],0,1.825154928918782
[250, 100, 150, -10, 50, 0],1,-75.31333302520721
[250, 100, 150, -10, 50, 1],0,1.7357717713327185
[250, 100, 150, -10, 50, 1],1,1.1517873260147737
[250, 100, 150, -10, 100, 0],0,3.141822271364778
[250, 100, 150, -10, 100, 0],1,-1.1870777053963728
[250, 100, 150, -10, 100, 1],0,2.8512933159856377
[250, 100, 150, -10, 100, 1],1,2.224548734590456
[250, 100, 150, -10, 150, 0],0,5.849333765468132
[250, 100, 150, -10, 150, 0],1,3.8185982866305714
[250, 100, 150, -10, 150, 1],0,5.39800446152949
[250, 100, 150, -10, 150, 1],1,2.969496735926005
[250, 100, 150, -10, 200, 0],0,3.9526995234362596
[250, 100, 150, -10, 200, 0],1,3.74895233645055
[250, 100, 150, -10, 200, 1],0,5.748941850482222
[250, 100, 150, -10, 200, 1],1,1.9893543922387007
[250, 100, 150, -10, 250, 0],0,2.483420816548231
[250, 100, 150, -10, 250, 0],1,3.3763343882815824
[250, 100, 150, -10, 250, 1],0,0.0
[250, 100, 150, -10, 250, 1],1,0.0
[250, 100, 150, -10, 300, 0],0,-131.86582625982442
[250, 100, 150, -10, 300, 0],1,-325.2956278816464
[250, 100, 150, -10, 300, 1],0,-12.38023661224367
[250, 100, 150, -10, 300, 1],1,-22.080790534101112
[250, 100, 150, -5, 0, 0],0,-522.6053238559558
[250, 100, 150, -5, 0, 0],1,-539.312227773206
[250, 100, 150, -5, 0, 1],0,-4.211727064611433
[250, 100, 150, -5, 0, 1],1,-5.173015315268625
[250, 100, 150, -5, 50, 0],0,-132.55138907470317
[250, 100, 150, -5, 50, 0],1,-48.00143958639683
[250, 100, 150, -5, 50, 1],0,-0.9603015804787044
[250, 100, 150, -5, 50, 1],1,-3.001219295363533
[250, 100, 150, -5, 100, 0],0,2.3887939855457505
[250, 100, 150, -5, 100, 0],1,-11.379126177197037
[250, 100, 150, -5, 100, 1],0,1.0628891536635645
[250, 100, 150, -5, 100, 1],1,-0.8026309998769856
[250, 100, 150, -5, 150, 0],0,4.064794508087603
[250, 100, 150, -5, 150, 0],1,2.7601025098531706
[250, 100, 150, -5, 150, 1],0,0.5703490518367403
[250, 100, 150, -5, 150, 1],1,0.0
[250, 100, 150, -5, 200, 0],0,3.236946777234735
[250, 100, 150, -5, 200, 0],1,2.3245445896853636
[250, 100, 150, -5, 200, 1],0,0.0
[250, 100, 150, -5, 200, 1],1,0.0
[250, 100, 150, -5, 250, 0],0,0.0
[250, 100, 150, -5, 250, 0],1,0.285771843899212
[250, 100, 150, -5, 250, 1],0,0.0
[250, 100, 150, -5, 250, 1],1,0.0
[250, 100, 150, -5, 300, 0],0,-308.93217252029615
[250, 100, 150, -5, 300, 0],1,-317.9339394626231
[250, 100, 150, -5, 300, 1],0,-21.621468765935884
[250, 100, 150, -5, 300, 1],1,-30.181400930184484
[250, 100, 150, 0, 0, 0],0,-561.4187613715275
[250, 100, 150, 0, 0, 0],1,-568.0420505357112
[250, 100, 150, 0, 0, 1],0,1.1627904337568191
[250, 100, 150, 0, 0, 1],1,1.7994717338441022
[250, 100, 150, 0, 50, 0],0,-14.04061985811405
[250, 100, 150, 0, 50, 0],1,2.31574551471542
[250, 100, 150, 0, 50, 1],0,1.2442170958232062
[250, 100, 150, 0, 50, 1],1,2.145714325391048
[250, 100, 150, 0, 100, 0],0,2.7377939970178224
[250, 100, 150, 0, 100, 0],1,3.0995423615013764
[250, 100, 150, 0, 100, 1],0,1.7098250871238048
[250, 100, 150, 0, 100, 1],1,3.062323060373687
[250, 100, 150, 0, 150, 0],0,3.735103321081252
[250, 100, 150, 0, 150, 0],1,5.716450420988709
[250, 100, 150, 0, 150, 1],0,3.1281158747797457
[250, 100, 150, 0, 150, 1],1,5.90807725440025
[250, 100, 150, 0, 200, 0],0,4.350345099123598
[250, 100, 150, 0, 200, 0],1,3.7296419684683375
[250, 100, 150, 0, 200, 1],0,4.917389881275853
[250, 100, 150, 0, 200, 1],1,5.7281317300804755
[250, 100, 150, 0, 250, 0],0,4.384797815921927
[250, 100, 150, 0, 250, 0],1,3.7235546434462448
[250, 100, 150, 0, 250, 1],0,0.0
[250, 100, 150, 0, 250, 1],1,0.0
[250, 100, 150, 0, 300, 0],0,-19.574619843825058
[250, 100, 150, 0, 300, 0],1,0.1287882997343316
[250, 100, 150, 0, 300, 1],0,0.0
[250, 100, 150, 0, 300, 1],1,0.0
[250, 100, 150, 5, 0, 0],0,-552.3310324552077
[250, 100, 150, 5, 0, 0],1,-116.55547567488298
[250, 100, 150, 5, 0, 1],0,1.1074147263796978
[250, 100, 150, 5, 0, 1],1,2.039340085464894
[250, 100, 150, 5, 50, 0],0,-20.89306783734891
[250, 100, 150, 5, 50, 0],1,2.51406165853475
[250, 100, 150, 5, 50, 1],0,1.379181970309787
[250, 100, 150, 5, 50, 1],1,2.5145266403671593
[250, 100, 150, 5, 100, 0],0,2.2724022262406276
[250, 100, 150, 5, 100, 0],1,3.4732661804453633
[250, 100, 150, 5, 100, 1],0,2.4330146799998165
[250, 100, 150, 5, 100, 1],1,3.0345008986112245
[250, 100, 150, 5, 150, 0],0,4.168118513315691
[250, 100, 150, 5, 150, 0],1,3.5771795997439697
[250, 100, 150, 5, 150, 1],0,3.562152238031182
[250, 100, 150, 5, 150, 1],1,4.4588561863814595
[250, 100, 150, 5, 200, 0],0,4.28933779386711
[250, 100, 150, 5, 200, 0],1,4.169946018118623
[250, 100, 150, 5, 200, 1],0,4.313861410159514
[250, 100, 150, 5, 200, 1],1,4.330589534000514
[250, 100, 150, 5, 250, 0],0,4.020048391468116
[250, 100, 150, 5, 250, 0],1,2.437529853507054
[250, 100, 150, 5, 250, 1],0,0.0
[250, 100, 150, 5, 250, 1],1,0.0
[250, 100, 150, 5, 300, 0],0,0.0
[250, 100, 150, 5, 300, 0],1,-0.9420032884112371
[250, 100, 150, 5, 300, 1],0,0.0
[250, 100, 150, 5, 300, 1],1,0.0
[250, 100, 150, 10, 0, 0],0,0.0
[250, 100, 150, 10, 0, 0],1,0.0
[250, 100, 150, 10, 0, 1],0,0.0
[250, 100, 150, 10, 0, 1],1,0.0
[250, 100, 150, 10, 50, 0],0,-11.338347744927356
[250, 100, 150, 10, 50, 0],1,0.6118083101233185
[250, 100, 150, 10, 50, 1],0,1.3033489217160392
[250, 100, 150, 10, 50, 1],1,3.5351793401330456
[250, 100, 150, 10, 100, 0],0,-0.5988924151816597
[250, 100, 150, 10, 100, 0],1,4.3058108882632045
[250, 100, 150, 10, 100, 1],0,2.0912090021396255
[250, 100, 150, 10, 100, 1],1,3.998562909178454
[250, 100, 150, 10, 150, 0],0,3.337503529775056
[250, 100, 150, 10, 150, 0],1,4.414927937244746
[250, 100, 150, 10, 150, 1],0,4.293261909614618
[250, 100, 150, 10, 150, 1],1,2.7867982529751893
[250, 100, 150, 10, 200, 0],0,4.103169326009218
[250, 100, 150, 10, 200, 0],1,2.8101903885425785
[250, 100, 150, 10, 200, 1],0,4.250524175579454
[250, 100, 150, 10, 200, 1],1,3.8332610281130934
[250, 100, 150, 10, 250, 0],0,3.04621910179102
[250, 100, 150, 10, 250, 0],1,1.1119032770771078
[250, 100, 150, 10, 250, 1],0,0.0
[250, 100, 150, 10, 250, 1],1,0.0
[250, 100, 150, 10, 300, 0],0,-12.200491323122726
[250, 100, 150, 10, 300, 0],1,0.0
[250, 100, 150, 10, 300, 1],0,0.0
[250, 100, 150, 10, 300, 1],1,0.0
[250, 150, 150, -10, 0, 0],0,-629.6242015411937
[250, 150, 150, -10, 0, 0],1,-657.9070963849629
[250, 150, 150, -10, 0, 1],0,1.280181466247625
[250, 150, 150, -10, 0, 1],1,1.0154028356182732
[250, 150, 150, -10, 50, 0],0,-2.42481124364406
[250, 150, 150, -10, 50, 0],1,-11.28029339080807
[250, 150, 150, -10, 50, 1],0,1.0852414663703158
[250, 150, 150, -10, 50, 1],1,0.8093341038974788
[250, 150, 150, -10, 100, 0],0,1.4541067533526815
[250, 150, 150, -10, 100, 0],1,1.345665229995184
[250, 150, 150, -10, 100, 1],0,1.6934711564883953
[250, 150, 150, -10, 100, 1],1,1.0227269438455842
[250, 150, 150, -10, 150, 0],0,2.168626403099879
[250, 150, 150, -10, 150, 0],1,1.5931311580519738
[250, 150, 150, -10, 150, 1],0,1.8830908002674027
[250, 150, 150, -10, 150, 1],1,1.2976676901405917
[250, 150, 150, -10, 200, 0],0,2.341753082851888
[250, 150, 150, -10, 200, 0],1,2.2842273236467583
[250, 150, 150, -10, 200, 1],0,0.10958134595497389
[250, 150, 150, -10, 200, 1],1,0.5851570538284976
[250, 150, 150, -10, 250, 0],0,2.7183903382044554
[250, 150, 150, -10, 250, 0],1,1.8531755689180363
[250, 150, 150, -10, 250, 1],0,0.0
[250, 150, 150, -10, 250, 1],1,0.0001411841624501144
[250, 150, 150, -10, 300, 0],0,-82.32470193780686
[250, 150, 150, -10, 300, 0],1,-343.0186241574738
[250, 150, 150, -10, 300, 1],0,-11.481346596676815
[250, 150, 150, -10, 300, 1],1,-22.156211411738532
[250, 150, 150, -5, 0, 0],0,-571.0997134132227
[250, 150, 150, -5, 0, 0],1,-606.6647663764729
[250, 150, 150, -5, 0, 1],0,-2.5957222328963327
[250, 150, 150, -5, 0, 1],1,-6.568829718530759
[250, 150, 150, -5, 50, 0],0,-194.35731930322964
[250, 150, 150, -5, 50, 0],1,-117.65080550229062
[250, 150, 150, -5, 50, 1],0,0.9291133878857155
[250, 150, 150, -5, 50, 1],1,0.039400512336884755
[250, 150, 150, -5, 100, 0],0,0.13110191840092983
[250, 150, 150, -5, 100, 0],1,-46.89210945454447
[250, 150, 150, -5, 100, 1],0,0.634082878803687
[250, 150, 150, -5, 100, 1],1,0.21672023334116344
[250, 150, 150, -5, 150, 0],0,1.467575128250761
[250, 150, 150, -5, 150, 0],1,0.17832605219255962
[250, 150, 150, -5, 150, 1],0,0.24590384862458997
[250, 150, 150, -5, 150, 1],1,0.006219218705107376
[250, 150, 150, -5, 200, 0],0,1.8981371145768076
[250, 150, 150, -5, 200, 0],1,0.06776899776072566
[250, 150, 150, -5, 200, 1],0,0.0
[250, 150, 150, -5, 200, 1],1,0.0
[250, 150, 150, -5, 250, 0],0,0.0
[250, 150, 150, -5, 250, 0],1,0.03673090000000003
[250, 150, 150, -5, 250, 1],0,0.0
[250, 150, 150, -5, 250, 1],1,0.0
[250, 150, 150, -5, 300, 0],0,-303.22146482591774
[250, 150, 150, -5, 300, 0],1,-356.329249173244
[250, 150, 150, -5, 300, 1],0,-21.462214253005026
[250, 150, 150, -5, 300, 1],1,-30.286991019799636
[250, 150, 150, 0, 0, 0],0,-651.4868020946625
[250, 150, 150, 0, 0, 0],1,-460.527884759984
[250, 150, 150, 0, 0, 1],0,0.2410225471933266
[250, 150, 150, 0, 0, 1],1,1.1827988706319326
[250, 150, 150, 0, 50, 0],0,-60.0374130904485
[250, 150, 150, 0, 50, 0],1,1.2199347506225011
[250, 150, 150, 0, 50, 1],0,1.2120012732322745
[250, 150, 150, 0, 50, 1],1,0.9263092020882188
[250, 150, 150, 0, 100, 0],0,1.3444024547476399
[250, 150, 150, 0, 100, 0],1,1.7380489443207676
[250, 150, 150, 0, 100, 1],0,1.106866887855194
[250, 150, 150, 0, 100, 1],1,1.973800465361252
[250, 150, 150, 0, 150, 0],0,1.67143386966443
[250, 150, 150, 0, 150, 0],1,2.1823009528619215
[250, 150, 150, 0, 150, 1],0,1.3623885594305312
[250, 150, 150, 0, 150, 1],1,1.7244269779207533
[250, 150, 150, 0, 200, 0],0,2.1201710865030674
[250, 150, 150, 0, 200, 0],1,2.5016519262789645
[250, 150, 150, 0, 200, 1],0,3.1244540362955404
[250, 150, 150, 0, 200, 1],1,0.2672813745604954
[250, 150, 150, 0, 250, 0],0,2.7154426476509417
[250, 150, 150, 0, 250, 0],1,2.4761923356892046
[250, 150, 150, 0, 250, 1],0,0.0
[250, 150, 150, 0, 250, 1],1,0.0
[250, 150, 150, 0, 300, 0],0,-37.77075641567172
[250, 150, 150, 0, 300, 0],1,0.07215240402886103
[250, 150, 150, 0, 300, 1],0,0.0
[250, 150, 150, 0, 300, 1],1,0.0
[250, 150, 150, 5, 0, 0],0,-542.7890692758286
[250, 150, 150, 5, 0, 0],1,-166.38229446330456
[250, 150, 150, 5, 0, 1],0,0.8720434194572889
[250, 150, 150, 5, 0, 1],1,1.0983010634023267
[250, 150, 150, 5, 50, 0],0,-3.2943618348536803
[250, 150, 150, 5, 50, 0],1,1.1382871916003388
[250, 150, 150, 5, 50, 1],0,1.166127944653222
[250, 150, 150, 5, 50, 1],1,0.95197474860335
[250, 150, 150, 5, 100, 0],0,1.1556705256886697
[250, 150, 150, 5, 100, 0],1,1.8887976373013817
[250, 150, 150, 5, 100, 1],0,1.231985263361892
[250, 150, 150, 5, 100, 1],1,1.3478801432031995
[250, 150, 150, 5, 150, 0],0,2.029055219545163
[250, 150, 150, 5, 150, 0],1,1.9794693669127454
[250, 150, 150, 5, 150, 1],0,1.5615512171776569
[250, 150, 150, 5, 150, 1],1,1.8394728195579664
[250, 150, 150, 5, 200, 0],0,2.3771750392451936
[250, 150, 150, 5, 200, 0],1,2.538295559115354
[250, 150, 150, 5, 200, 1],0,0.04599943785972277
[250, 150, 150, 5, 200, 1],1,0.2172726373590448
[250, 150, 150, 5, 250, 0],0,2.6121040049972954
[250, 150, 150, 5, 250, 0],1,1.9214065806739875
[250, 150, 150, 5, 250, 1],0,0.0
[250, 150, 150, 5, 250, 1],1,0.0
[250, 150, 150, 5, 300, 0],0,0.0
[250, 150, 150, 5, 300, 0],1,0.0
[250, 150, 150, 5, 300, 1],0,0.0
[250, 150, 150, 5, 300, 1],1,0.0
[250, 150, 150, 10, 0, 0],0,0.0
[250, 150, 150, 10, 0, 0],1,0.0
[250, 150, 150, 10, 0, 1],0,0.0
[250, 150, 150, 10, 0, 1],1,0.0
[250, 150, 150, 10, 50, 0],0,-14.272051155282867
[250, 150, 150, 10, 50, 0],1,0.0
[250, 150, 150, 10, 50, 1],0,1.0977343142418012
[250, 150, 150, 10, 50, 1],1,1.3646520432084854
[250, 150, 150, 10, 100, 0],0,1.0547375829059016
[250, 150, 150, 10, 100, 0],1,1.5661843647601987
[250, 150, 150, 10, 100, 1],0,1.3676395149904927
[250, 150, 150, 10, 100, 1],1,1.363573282533069
[250, 150, 150, 10, 150, 0],0,1.746917345678592
[250, 150, 150, 10, 150, 0],1,2.0146155462094817
[250, 150, 150, 10, 150, 1],0,1.7908841861335811
[250, 150, 150, 10, 150, 1],1,1.53390119141661
[250, 150, 150, 10, 200, 0],0,2.163981801135086
[250, 150, 150, 10, 200, 0],1,2.233211059399003
[250, 150, 150, 10, 200, 1],0,1.9013670661296762
[250, 150, 150, 10, 200, 1],1,0.0
[250, 150, 150, 10, 250, 0],0,2.5837005944474525
[250, 150, 150, 10, 250, 0],1,2.015142305955553
[250, 150, 150, 10, 250, 1],0,0.0
[250, 150, 150, 10, 250, 1],1,0.0
[250, 150, 150, 10, 300, 0],0,-20.473353058881045
[250, 150, 150, 10, 300, 0],1,-1.1065261015502577
[250, 150, 150, 10, 300, 1],0,0.0
[250, 150, 150, 10, 300, 1],1,0.0
[250, 200, 150, -10, 0, 0],0,-500.35273389164485
[250, 200, 150, -10, 0, 0],1,-576.4620515152695
[250, 200, 150, -10, 0, 1],0,1.039750501941632
[250, 200, 150, -10, 0, 1],1,0.9760891328973158
[250, 200, 150, -10, 50, 0],0,0.5552959677446808
[250, 200, 150, -10, 50, 0],1,-0.6352680189077873
[250, 200, 150, -10, 50, 1],0,0.6146464856831241
[250, 200, 150, -10, 50, 1],1,0.6612505663466374
[250, 200, 150, -10, 100, 0],0,0.7527787582310533
[250, 200, 150, -10, 100, 0],1,0.2974079693079588
[250, 200, 150, -10, 100, 1],0,0.4992693395950386
[250, 200, 150, -10, 100, 1],1,0.5556638941584386
[250, 200, 150, -10, 150, 0],0,1.1463440408848689
[250, 200, 150, -10, 150, 0],1,1.1302794787611865
[250, 200, 150, -10, 150, 1],0,0.5403666023347258
[250, 200, 150, -10, 150, 1],1,0.46399343425981443
[250, 200, 150, -10, 200, 0],0,2.3486478411410174
[250, 200, 150, -10, 200, 0],1,1.164991020867999
[250, 200, 150, -10, 200, 1],0,0.0
[250, 200, 150, -10, 200, 1],1,0.19784109675403877
[250, 200, 150, -10, 250, 0],0,0.6846129822980144
[250, 200, 150, -10, 250, 0],1,1.1959585903914989
[250, 200, 150, -10, 250, 1],0,0.0
[250, 200, 150, -10, 250, 1],1,0.0
[250, 200, 150, -10, 300, 0],0,-154.79503868319784
[250, 200, 150, -10, 300, 0],1,-238.3458355541751
[250, 200, 150, -10, 300, 1],0,-17.01108072717495
[250, 200, 150, -10, 300, 1],1,-26.470329730198596
[250, 200, 150, -5, 0, 0],0,-589.8315522029313
[250, 200, 150, -5, 0, 0],1,-612.0250024574641
[250, 200, 150, -5, 0, 1],0,0.9649775030681355
[250, 200, 150, -5, 0, 1],1,0.592351990570109
[250, 200, 150, -5, 50, 0],0,-43.7339619146892
[250, 200, 150, -5, 50, 0],1,-207.0754270637906
[250, 200, 150, -5, 50, 1],0,0.6518637942393107
[250, 200, 150, -5, 50, 1],1,0.5608602718161924
[250, 200, 150, -5, 100, 0],0,-19.528705562096114
[250, 200, 150, -5, 100, 0],1,-16.49948635297329
[250, 200, 150, -5, 100, 1],0,0.5569621775050467
[250, 200, 150, -5, 100, 1],1,0.2895613214802181
[250, 200, 150, -5, 150, 0],0,0.0
[250, 200, 150, -5, 150, 0],1,-1.7202918387254578
[250, 200, 150, -5, 150, 1],0,0.0
[250, 200, 150, -5, 150, 1],1,0.0
[250, 200, 150, -5, 200, 0],0,0.0
[250, 200, 150, -5, 200, 0],1,0.0
[250, 200, 150, -5, 200, 1],0,0.0
[250, 200, 150, -5, 200, 1],1,0.0
[250, 200, 150, -5, 250, 0],0,0.0
[250, 200, 150, -5, 250, 0],1,0.0
[250, 200, 150, -5, 250, 1],0,0.0
[250, 200, 150, -5, 250, 1],1,0.0
[250, 200, 150, -5, 300, 0],0,-142.3500695208862
[250, 200, 150, -5, 300, 0],1,0.0
[250, 200, 150, -5, 300, 1],0,-19.684830531191135
[250, 200, 150, -5, 300, 1],1,-2.811556439938508
[250, 200, 150, 0, 0, 0],0,-563.3752665738203
[250, 200, 150, 0, 0, 0],1,-496.2169120880524
[250, 200, 150, 0, 0, 1],0,0.9339758212112717
[250, 200, 150, 0, 0, 1],1,1.0562497236845658
[250, 200, 150, 0, 50, 0],0,-7.663583267925449
[250, 200, 150, 0, 50, 0],1,0.6454099133196671
[250, 200, 150, 0, 50, 1],0,0.6535959784406885
[250, 200, 150, 0, 50, 1],1,0.5961309097562828
[250, 200, 150, 0, 100, 0],0,0.7816020551107041
[250, 200, 150, 0, 100, 0],1,0.9801052185282448
[250, 200, 150, 0, 100, 1],0,0.5142115920078197
[250, 200, 150, 0, 100, 1],1,0.4455452491566054
[250, 200, 150, 0, 150, 0],0,1.043268651610125
[250, 200, 150, 0, 150, 0],1,1.1701041696268246
[250, 200, 150, 0, 150, 1],0,0.6361352393149242
[250, 200, 150, 0, 150, 1],1,0.6417328217525641
[250, 200, 150, 0, 200, 0],0,1.4281986898882877
[250, 200, 150, 0, 200, 0],1,2.32274660694794
[250, 200, 150, 0, 200, 1],0,0.0
[250, 200, 150, 0, 200, 1],1,0.0
[250, 200, 150, 0, 250, 0],0,0.4531039075325287
[250, 200, 150, 0, 250, 0],1,0.05818064029397939
[250, 200, 150, 0, 250, 1],0,0.0
[250, 200, 150, 0, 250, 1],1,0.0
[250, 200, 150, 0, 300, 0],0,0.0
[250, 200, 150, 0, 300, 0],1,0.0
[250, 200, 150, 0, 300, 1],0,0.0
[250, 200, 150, 0, 300, 1],1,0.0
[250, 200, 150, 5, 0, 0],0,-196.67062421242915
[250, 200, 150, 5, 0, 0],1,0.0
[250, 200, 150, 5, 0, 1],0,-0.29468268991755103
[250, 200, 150, 5, 0, 1],1,0.09817656901152075
[250, 200, 150, 5, 50, 0],0,-13.475983325050171
[250, 200, 150, 5, 50, 0],1,0.8666042620387336
[250, 200, 150, 5, 50, 1],0,0.16517049206503304
[250, 200, 150, 5, 50, 1],1,0.8987964934690287
[250, 200, 150, 5, 100, 0],0,0.73728840204521
[250, 200, 150, 5, 100, 0],1,1.1562375608267037
[250, 200, 150, 5, 100, 1],0,0.6643297919657926
[250, 200, 150, 5, 100, 1],1,0.854356287944318
[250, 200, 150, 5, 150, 0],0,1.0400643549128228
[250, 200, 150, 5, 150, 0],1,1.330229904229091
[250, 200, 150, 5, 150, 1],0,0.6043005360378555
[250, 200, 150, 5, 150, 1],1,0.4318788558211011
[250, 200, 150, 5, 200, 0],0,0.8513065405599081
[250, 200, 150, 5, 200, 0],1,1.7421147215380641
[250, 200, 150, 5, 200, 1],0,0.030561494526011968
[250, 200, 150, 5, 200, 1],1,0.0
[250, 200, 150, 5, 250, 0],0,0.0
[250, 200, 150, 5, 250, 0],1,0.0
[250, 200, 150, 5, 250, 1],0,0.0
[250, 200, 150, 5, 250, 1],1,0.0
[250, 200, 150, 5, 300, 0],0,0.0
[250, 200, 150, 5, 300, 0],1,0.0
[250, 200, 150, 5, 300, 1],0,0.0
[250, 200, 150, 5, 300, 1],1,0.0
[250, 200, 150, 10, 0, 0],0,0.0
[250, 200, 150, 10, 0, 0],1,0.0
[250, 200, 150, 10, 0, 1],0,0.0
[250, 200, 150, 10, 0, 1],1,0.0
[250, 200, 150, 10, 50, 0],0,0.0
[250, 200, 150, 10, 50, 0],1,0.0
[250, 200, 150, 10, 50, 1],0,0.0
[250, 200, 150, 10, 50, 1],1,0.0007265003287990736
[250, 200, 150, 10, 100, 0],0,-0.760288694837502
[250, 200, 150, 10, 100, 0],1,1.325455352329966
[250, 200, 150, 10, 100, 1],0,0.09303777468484334
[250, 200, 150, 10, 100, 1],1,0.28007154927595124
[250, 200, 150, 10, 150, 0],0,1.1697849346163047
[250, 200, 150, 10, 150, 0],1,1.8157666653478841
[250, 200, 150, 10, 150, 1],0,0.1041089719110809
[250, 200, 150, 10, 150, 1],1,0.21436429261496706
[250, 200, 150, 10, 200, 0],0,1.853408556613866
[250, 200, 150, 10, 200, 0],1,1.9039000749954094
[250, 200, 150, 10, 200, 1],0,0.20379294842360907
[250, 200, 150, 10, 200, 1],1,0.0031626895283002857
[250, 200, 150, 10, 250, 0],0,1.7964356184754606
[250, 200, 150, 10, 250, 0],1,1.2876331919666266
[250, 200, 150, 10, 250, 1],0,0.0
[250, 200, 150, 10, 250, 1],1,0.0
[250, 200, 150, 10, 300, 0],0,0.462726244494749
[250, 200, 150, 10, 300, 0],1,0.0
[250, 200, 150, 10, 300, 1],0,0.0
[250, 200, 150, 10, 300, 1],1,0.0
[250, 250, 150, -10, 0, 0],0,-271.8675285298684
[250, 250, 150, -10, 0, 0],1,-364.4361127051104
[250, 250, 150, -10, 0, 1],0,-0.5805153823783034
[250, 250, 150, -10, 0, 1],1,-0.7223967597262376
[250, 250, 150, -10, 50, 0],0,0.5343990778986578
[250, 250, 150, -10, 50, 0],1,-12.914564904998645
[250, 250, 150, -10, 50, 1],0,0.622198663660863
[250, 250, 150, -10, 50, 1],1,0.5786752080212433
[250, 250, 150, -10, 100, 0],0,0.5027308220878419
[250, 250, 150, -10, 100, 0],1,0.46775262780927723
[250, 250, 150, -10, 100, 1],0,0.30997714444160257
[250, 250, 150, -10, 100, 1],1,0.3709842836782806
[250, 250, 150, -10, 150, 0],0,0.5097266206453288
[250, 250, 150, -10, 150, 0],1,0.4147531830933922
[250, 250, 150, -10, 150, 1],0,0.31754265141208937
[250, 250, 150, -10, 150, 1],1,0.2716619400390299
[250, 250, 150, -10, 200, 0],0,0.0
[250, 250, 150, -10, 200, 0],1,0.0
[250, 250, 150, -10, 200, 1],0,0.0
[250, 250, 150, -10, 200, 1],1,0.0
[250, 250, 150, -10, 250, 0],0,0.0
[250, 250, 150, -10, 250, 0],1,0.0
[250, 250, 150, -10, 250, 1],0,0.0
[250, 250, 150, -10, 250, 1],1,0.0
[250, 250, 150, -10, 300, 0],0,0.0
[250, 250, 150, -10, 300, 0],1,0.0
[250, 250, 150, -10, 300, 1],0,0.0
[250, 250, 150, -10, 300, 1],1,0.0
[250, 250, 150, -5, 0, 0],0,0.0
[250, 250, 150, -5, 0, 0],1,0.0
[250, 250, 150, -5, 0, 1],0,0.0
[250, 250, 150, -5, 0, 1],1,0.0
[250, 250, 150, -5, 50, 0],0,-3.3410205077957364
[250, 250, 150, -5, 50, 0],1,-44.6901346998023
[250, 250, 150, -5, 50, 1],0,0.6107654890995572
[250, 250, 150, -5, 50, 1],1,0.37336074014694387
[250, 250, 150, -5, 100, 0],0,0.36602811779403094
[250, 250, 150, -5, 100, 0],1,-0.20756186456777315
[250, 250, 150, -5, 100, 1],0,0.316084087304892
[250, 250, 150, -5, 100, 1],1,0.28558648789665675
[250, 250, 150, -5, 150, 0],0,0.5037766931771006
[250, 250, 150, -5, 150, 0],1,0.2882378370649567
[250, 250, 150, -5, 150, 1],0,0.3144671341613985
[250, 250, 150, -5, 150, 1],1,0.23361774226894108
[250, 250, 150, -5, 200, 0],0,0.0
[250, 250, 150, -5, 200, 0],1,0.0
[250, 250, 150, -5, 200, 1],0,0.0
[250, 250, 150, -5, 200, 1],1,0.0
[250, 250, 150, -5, 250, 0],0,0.0
[250, 250, 150, -5, 250, 0],1,0.0
[250, 250, 150, -5, 250, 1],0,0.0
[250, 250, 150, -5, 250, 1],1,0.0
[250, 250, 150, -5, 300, 0],0,0.0
[250, 250, 150, -5, 300, 0],1,0.0
[250, 250, 150, -5, 300, 1],0,0.0
[250, 250, 150, -5, 300, 1],1,0.0
[250, 250, 150, 0, 0, 0],0,0.0
[250, 250, 150, 0, 0, 0],1,0.0
[250, 250, 150, 0, 0, 1],0,0.0
[250, 250, 150, 0, 0, 1],1,0.0
[250, 250, 150, 0, 50, 0],0,-16.07535022120621
[250, 250, 150, 0, 50, 0],1,0.14841901195544654
[250, 250, 150, 0, 50, 1],0,-0.0010414892402647318
[250, 250, 150, 0, 50, 1],1,0.2077168526915438
[250, 250, 150, 0, 100, 0],0,0.5135870556109079
[250, 250, 150, 0, 100, 0],1,0.5907782571487958
[250, 250, 150, 0, 100, 1],0,0.31227672068486606
[250, 250, 150, 0, 100, 1],1,0.2999074102606233
[250, 250, 150, 0, 150, 0],0,0.4954170121848087
[250, 250, 150, 0, 150, 0],1,0.48752021603250717
[250, 250, 150, 0, 150, 1],0,0.3161002637918539
[250, 250, 150, 0, 150, 1],1,0.2837271956743873
[250, 250, 150, 0, 200, 0],0,0.0
[250, 250, 150, 0, 200, 0],1,0.0
[250, 250, 150, 0, 200, 1],0,0.0
[250, 250, 150, 0, 200, 1],1,0.0
[250, 250, 150, 0, 250, 0],0,0.0
[250, 250, 150, 0, 250, 0],1,0.0
[250, 250, 150, 0, 250, 1],0,0.0
[250, 250, 150, 0, 250, 1],1,0.0
[250, 250, 150, 0, 300, 0],0,0.0
[250, 250, 150, 0, 300, 0],1,0.0
[250, 250, 150, 0, 300, 1],0,0.0
[250, 250, 150, 0, 300, 1],1,0.0
[250, 250, 150, 5, 0, 0],0,0.0
[250, 250, 150, 5, 0, 0],1,0.0
[250, 250, 150, 5, 0, 1],0,0.0
[250, 250, 150, 5, 0, 1],1,0.0
[250, 250, 150, 5, 50, 0],0,0.0
[250, 250, 150, 5, 50, 0],1,0.0
[250, 250, 150, 5, 50, 1],0,0.0
[250, 250, 150, 5, 50, 1],1,0.0
[250, 250, 150, 5, 100, 0],0,0.0
[250, 250, 150, 5, 100, 0],1,0.0
[250, 250, 150, 5, 100, 1],0,0.0
[250, 250, 150, 5, 100, 1],1,0.0
[250, 250, 150, 5, 150, 0],0,0.47945638752299335
[250, 250, 150, 5, 150, 0],1,0.3751810829350625
[250, 250, 150, 5, 150, 1],0,0.3170469197526564
[250, 250, 150, 5, 150, 1],1,0.28753899550791234
[250, 250, 150, 5, 200, 0],0,0.0
[250, 250, 150, 5, 200, 0],1,0.0
[250, 250, 150, 5, 200, 1],0,0.0
[250, 250, 150, 5, 200, 1],1,0.0
[250, 250, 150, 5, 250, 0],0,0.0
[250, 250, 150, 5, 250, 0],1,0.0
[250, 250, 150, 5, 250, 1],0,0.0
[250, 250, 150, 5, 250, 1],1,0.0
[250, 250, 150, 5, 300, 0],0,0.0
[250, 250, 150, 5, 300, 0],1,0.0
[250, 250, 150, 5, 300, 1],0,0.0
[250, 250, 150, 5, 300, 1],1,0.0
[250, 250, 150, 10, 0, 0],0,0.0
[250, 250, 150, 10, 0, 0],1,0.0
[250, 250, 150, 10, 0, 1],0,0.0
[250, 250, 150, 10, 0, 1],1,0.0
[250, 250, 150, 10, 50, 0],0,-0.4541942286372794
[250, 250, 150, 10, 50, 0],1,-20.721713454634944
[250, 250, 150, 10, 50, 1],0,0.0041570724462203865
[250, 250, 150, 10, 50, 1],1,-0.017740878154093857
[250, 250, 150, 10, 100, 0],0,0.5217933644761757
[250, 250, 150, 10, 100, 0],1,0.3585916497766695
[250, 250, 150, 10, 100, 1],0,0.2972921122673728
[250, 250, 150, 10, 100, 1],1,0.2338450355909961
[250, 250, 150, 10, 150, 0],0,0.30430493640999035
[250, 250, 150, 10, 150, 0],1,0.4712810821088059
[250, 250, 150, 10, 150, 1],0,0.3180375885675527
[250, 250, 150, 10, 150, 1],1,0.23343282143829966
[250, 250, 150, 10, 200, 0],0,0.0
[250, 250, 150, 10, 200, 0],1,0.0
[250, 250, 150, 10, 200, 1],0,0.0
[250, 250, 150, 10, 200, 1],1,0.0
[250, 250, 150, 10, 250, 0],0,0.0
[250, 250, 150, 10, 250, 0],1,0.0
[250, 250, 150, 10, 250, 1],0,0.0
[250, 250, 150, 10, 250, 1],1,0.0
[250, 250, 150, 10, 300, 0],0,0.0
[250, 250, 150, 10, 300, 0],1,0.0
[250, 250, 150, 10, 300, 1],0,0.0
[250, 250, 150, 10, 300, 1],1,0.0
