[0, 0, 0],0,55.132155989999966
[0, 0, 0],1,54.132155989999966
[0, 0, 0],2,55.132155989999966
[0, 0, 50],0,51.25795109999997
[0, 0, 50],1,50.25795109999997
[0, 0, 50],2,51.25795109999997
[0, 0, 100],0,46.953278999999974
[0, 0, 100],1,45.953278999999974
[0, 0, 100],2,46.953278999999974
[0, 0, 150],0,42.17030999999998
[0, 0, 150],1,41.17030999999998
[0, 0, 150],2,42.17030999999998
[0, 0, 200],0,36.855899999999984
[0, 0, 200],1,35.855899999999984
[0, 0, 200],2,36.855899999999984
[0, 0, 250],0,30.950999999999986
[0, 0, 250],1,29.950999999999986
[0, 0, 250],2,30.950999999999986
[0, 0, 300],0,24.38999999999999
[0, 0, 300],1,23.38999999999999
[0, 0, 300],2,24.38999999999999
[0, 0, 350],0,17.099999999999994
[0, 0, 350],1,16.099999999999994
[0, 0, 350],2,17.099999999999994
[0, 0, 400],0,8.999999999999998
[0, 0, 400],1,7.999999999999999
[0, 0, 400],2,8.999999999999998
[0, 50, 0],0,54.132155989999966
[0, 50, 0],1,55.132155989999966
[0, 50, 0],2,54.132155989999966
[0, 50, 50],0,50.25795109999997
[0, 50, 50],1,51.25795109999997
[0, 50, 50],2,50.25795109999997
[0, 50, 100],0,45.953278999999974
[0, 50, 100],1,46.953278999999974
[0, 50, 100],2,45.953278999999974
[0, 50, 150],0,41.17030999999998
[0, 50, 150],1,42.17030999999998
[0, 50, 150],2,41.17030999999998
[0, 50, 200],0,35.855899999999984
[0, 50, 200],1,36.855899999999984
[0, 50, 200],2,35.855899999999984
[0, 50, 250],0,29.950999999999986
[0, 50, 250],1,30.950999999999986
[0, 50, 250],2,29.950999999999986
[0, 50, 300],0,23.38999999999999
[0, 50, 300],1,24.38999999999999
[0, 50, 300],2,23.38999999999999
[0, 50, 350],0,16.099999999999994
[0, 50, 350],1,17.099999999999994
[0, 50, 350],2,16.099999999999994
[0, 50, 400],0,7.999999999999999
[0, 50, 400],1,8.999999999999998
[0, 50, 400],2,7.999999999999999
[0, 100, 0],0,52.23215598999997
[0, 100, 0],1,54.132155989999966
[0, 100, 0],2,52.23215598999997
[0, 100, 50],0,48.35795109999997
[0, 100, 50],1,50.25795109999997
[0, 100, 50],2,48.35795109999997
[0, 100, 100],0,44.053278999999975
[0, 100, 100],1,45.953278999999974
[0, 100, 100],2,44.053278999999975
[0, 100, 150],0,39.27030999999998
[0, 100, 150],1,41.17030999999998
[0, 100, 150],2,39.27030999999998
[0, 100, 200],0,33.95589999999998
[0, 100, 200],1,35.855899999999984
[0, 100, 200],2,33.95589999999998
[0, 100, 250],0,28.050999999999988
[0, 100, 250],1,29.950999999999986
[0, 100, 250],2,28.050999999999988
[0, 100, 300],0,21.48999999999999
[0, 100, 300],1,23.38999999999999
[0, 100, 300],2,21.48999999999999
[0, 100, 350],0,14.199999999999998
[0, 100, 350],1,16.099999999999994
[0, 100, 350],2,14.199999999999998
[0, 100, 400],0,6.999999999999999
[0, 100, 400],1,7.999999999999999
[0, 100, 400],2,6.999999999999999
[0, 150, 0],0,49.522155989999966
[0, 150, 0],1,52.23215598999997
[0, 150, 0],2,49.522155989999966
[0, 150, 50],0,45.64795109999997
[0, 150, 50],1,48.35795109999997
[0, 150, 50],2,45.64795109999997
[0, 150, 100],0,41.343278999999974
[0, 150, 100],1,44.053278999999975
[0, 150, 100],2,41.343278999999974
[0, 150, 150],0,36.56030999999997
[0, 150, 150],1,39.27030999999998
[0, 150, 150],2,36.560309999999966
[0, 150, 200],0,31.24589999999998
[0, 150, 200],1,33.95589999999998
[0, 150, 200],2,31.245899999999413
[0, 150, 250],0,25.34099999999999
[0, 150, 250],1,28.050999999999988
[0, 150, 250],2,25.340999999999962
[0, 150, 300],0,18.779999999999994
[0, 150, 300],1,21.48999999999999
[0, 150, 300],2,18.779999999999955
[0, 150, 350],0,12.299999999999995
[0, 150, 350],1,14.199999999999998
[0, 150, 350],2,12.299999999999997
[0, 150, 400],0,5.999999999999999
[0, 150, 400],1,6.999999999999999
[0, 150, 400],2,5.999999999999999
[0, 200, 0],0,46.083155989999966
[0, 200, 0],1,49.522155989999966
[0, 200, 0],2,46.083155989999966
[0, 200, 50],0,42.20895109999997
[0, 200, 50],1,45.64795109999997
[0, 200, 50],2,42.20895109999997
[0, 200, 100],0,37.90427899999997
[0, 200, 100],1,41.343278999999974
[0, 200, 100],2,37.90427899999997
[0, 200, 150],0,33.12130999999998
[0, 200, 150],1,36.56030999999997
[0, 200, 150],2,33.12130999999998
[0, 200, 200],0,27.806899999999988
[0, 200, 200],1,31.245899999999985
[0, 200, 200],2,27.806899999999988
[0, 200, 250],0,21.90199999999999
[0, 200, 250],1,25.34099999999999
[0, 200, 250],2,21.90199999999999
[0, 200, 300],0,16.069999999999997
[0, 200, 300],1,18.779999999999994
[0, 200, 300],2,16.069999999999144
[0, 200, 350],0,10.399999999999997
[0, 200, 350],1,12.299999999999997
[0, 200, 350],2,10.399999999999997
[0, 200, 400],0,4.999999999999993
[0, 200, 400],1,5.999999999999999
[0, 200, 400],2,4.999999999999999
[0, 250, 0],0,41.98805598999997
[0, 250, 0],1,46.083155989999966
[0, 250, 0],2,41.98805598999997
[0, 250, 50],0,38.11385109999996
[0, 250, 50],1,42.20895109999997
[0, 250, 50],2,38.11385109999996
[0, 250, 100],0,33.80917899999998
[0, 250, 100],1,37.90427899999997
[0, 250, 100],2,33.80917899999998
[0, 250, 150],0,29.026209999999985
[0, 250, 150],1,33.12130999999998
[0, 250, 150],2,29.026209999999985
[0, 250, 200],0,23.71179999999999
[0, 250, 200],1,27.806899999999988
[0, 250, 200],2,23.71179999999999
[0, 250, 250],0,18.462999999999994
[0, 250, 250],1,21.90199999999999
[0, 250, 250],2,18.462999999999994
[0, 250, 300],0,13.359999999999996
[0, 250, 300],1,16.069999999999997
[0, 250, 300],2,13.359999999999996
[0, 250, 350],0,8.499999999999993
[0, 250, 350],1,10.399999999999997
[0, 250, 350],2,8.499999999999998
[0, 250, 400],0,3.9999999999999964
[0, 250, 400],1,4.999999999999999
[0, 250, 400],2,3.9999999999999996
[0, 300, 0],0,37.30246598999996
[0, 300, 0],1,41.98805598999997
[0, 300, 0],2,37.30246598999996
[0, 300, 50],0,33.42826109999998
[0, 300, 50],1,38.11385109999996
[0, 300, 50],2,33.42826109999998
[0, 300, 100],0,29.123588999999985
[0, 300, 100],1,33.80917899999998
[0, 300, 100],2,29.123588999999985
[0, 300, 150],0,24.340619999999987
[0, 300, 150],1,29.026209999999985
[0, 300, 150],2,24.340619999999937
[0, 300, 200],0,19.61669999999999
[0, 300, 200],1,23.71179999999999
[0, 300, 200],2,19.61669999999999
[0, 300, 250],0,15.023999999999996
[0, 300, 250],1,18.462999999999994
[0, 300, 250],2,15.02399999999999
[0, 300, 300],0,10.649999999999995
[0, 300, 300],1,13.359999999999996
[0, 300, 300],2,10.649999999998512
[0, 300, 350],0,6.599999999999987
[0, 300, 350],1,8.499999999999998
[0, 300, 350],2,6.599999999999604
[0, 300, 400],0,2.999999999999996
[0, 300, 400],1,3.9999999999999996
[0, 300, 400],2,2.9999999999999996
[0, 350, 0],0,32.085434989999975
[0, 350, 0],1,37.30246598999996
[0, 350, 0],2,32.085434989999975
[0, 350, 50],0,28.211230099999984
[0, 350, 50],1,33.42826109999998
[0, 350, 50],2,28.211230099999984
[0, 350, 100],0,23.906557999999986
[0, 350, 100],1,29.123588999999985
[0, 350, 100],2,23.906557999999986
[0, 350, 150],0,19.65502999999999
[0, 350, 150],1,24.340619999999987
[0, 350, 150],2,19.65502999999999
[0, 350, 200],0,15.521599999999994
[0, 350, 200],1,19.61669999999999
[0, 350, 200],2,15.521599999999994
[0, 350, 250],0,11.58499999999351
[0, 350, 250],1,15.023999999999996
[0, 350, 250],2,11.584999999999996
[0, 350, 300],0,7.939999999999978
[0, 350, 300],1,10.649999999999997
[0, 350, 300],2,7.939999999999535
[0, 350, 350],0,4.699999999999996
[0, 350, 350],1,6.599999999999999
[0, 350, 350],2,4.699999999992767
[0, 350, 400],0,1.9999999999999998
[0, 350, 400],1,2.9999999999999996
[0, 350, 400],2,1.999999999999987
[0, 400, 0],0,26.390107089999983
[0, 400, 0],1,32.085434989999975
[0, 400, 0],2,26.390107089999983
[0, 400, 50],0,22.515902199999985
[0, 400, 50],1,28.211230099999984
[0, 400, 50],2,22.515902199999985
[0, 400, 100],0,18.689526999999988
[0, 400, 100],1,23.906557999999986
[0, 400, 100],2,18.689526999999988
[0, 400, 150],0,14.969439999999993
[0, 400, 150],1,19.65502999999999
[0, 400, 150],2,14.969439999999993
[0, 400, 200],0,11.426499999999994
[0, 400, 200],1,15.521599999999994
[0, 400, 200],2,11.426499999999994
[0, 400, 250],0,8.145999999999995
[0, 400, 250],1,11.584999999999996
[0, 400, 250],2,8.145999999999995
[0, 400, 300],0,5.229999999999998
[0, 400, 300],1,7.939999999999998
[0, 400, 300],2,5.229999999999998
[0, 400, 350],0,2.7999999999999994
[0, 400, 350],1,4.699999999999998
[0, 400, 350],2,2.7999999999999994
[0, 400, 400],0,0.9999999999992663
[0, 400, 400],1,1.9999999999999998
[0, 400, 400],2,0.9999999999999999
[0, 450, 0],0,20.264311979999984
[0, 450, 0],1,26.390107089999983
[0, 450, 0],2,20.264311979999984
[0, 450, 50],0,16.820574299999986
[0, 450, 50],1,22.515902199999985
[0, 450, 50],2,16.820574299999986
[0, 450, 100],0,13.472495999999992
[0, 450, 100],1,18.689526999999988
[0, 450, 100],2,13.47249599999999
[0, 450, 150],0,10.283849999999992
[0, 450, 150],1,14.969439999999993
[0, 450, 150],2,10.283849999999992
[0, 450, 200],0,7.331399999999995
[0, 450, 200],1,11.426499999999994
[0, 450, 200],2,7.331399999999995
[0, 450, 250],0,4.706999999999071
[0, 450, 250],1,8.145999999999995
[0, 450, 250],2,4.706999999999997
[0, 450, 300],0,2.5199999999999374
[0, 450, 300],1,5.229999999999998
[0, 450, 300],2,2.519999999999999
[0, 450, 350],0,0.8999999999999989
[0, 450, 350],1,2.7999999999999994
[0, 450, 350],2,0.8999999999997786
[0, 450, 400],0,0.0
[0, 450, 400],1,0.9999999999999999
[0, 450, 400],2,0.0
[50, 0, 0],0,55.132155989999966
[50, 0, 0],1,52.23215598999997
[50, 0, 0],2,54.132155989999966
[50, 0, 50],0,51.25795109999997
[50, 0, 50],1,48.35795109999997
[50, 0, 50],2,50.25795109999997
[50, 0, 100],0,46.953278999999974
[50, 0, 100],1,44.053278999999975
[50, 0, 100],2,45.953278999999974
[50, 0, 150],0,42.17030999999998
[50, 0, 150],1,39.27030999999998
[50, 0, 150],2,41.17030999999998
[50, 0, 200],0,36.855899999999984
[50, 0, 200],1,33.95589999999998
[50, 0, 200],2,35.855899999999984
[50, 0, 250],0,30.950999999999986
[50, 0, 250],1,28.050999999999988
[50, 0, 250],2,29.950999999999986
[50, 0, 300],0,24.38999999999999
[50, 0, 300],1,21.48999999999999
[50, 0, 300],2,23.38999999999999
[50, 0, 350],0,17.099999999999994
[50, 0, 350],1,14.199999999999998
[50, 0, 350],2,16.099999999999994
[50, 0, 400],0,8.999999999999998
[50, 0, 400],1,6.999999999999999
[50, 0, 400],2,7.999999999999999
[50, 50, 0],0,54.132155989999966
[50, 50, 0],1,54.132155989999966
[50, 50, 0],2,55.132155989999966
[50, 50, 50],0,50.25795109999997
[50, 50, 50],1,50.25795109999997
[50, 50, 50],2,51.25795109999997
[50, 50, 100],0,45.953278999999974
[50, 50, 100],1,45.953278999999974
[50, 50, 100],2,46.953278999999974
[50, 50, 150],0,41.17030999999998
[50, 50, 150],1,41.17030999999998
[50, 50, 150],2,42.17030999999998
[50, 50, 200],0,35.855899999999984
[50, 50, 200],1,35.855899999999984
[50, 50, 200],2,36.855899999999984
[50, 50, 250],0,29.950999999999986
[50, 50, 250],1,29.950999999999986
[50, 50, 250],2,30.950999999999986
[50, 50, 300],0,23.38999999999999
[50, 50, 300],1,23.38999999999999
[50, 50, 300],2,24.38999999999999
[50, 50, 350],0,16.099999999999994
[50, 50, 350],1,16.099999999999994
[50, 50, 350],2,17.099999999999994
[50, 50, 400],0,7.999999999999999
[50, 50, 400],1,7.999999999999999
[50, 50, 400],2,8.999999999999998
[50, 100, 0],0,52.23215598999997
[50, 100, 0],1,55.132155989999966
[50, 100, 0],2,54.132155989999966
[50, 100, 50],0,48.35795109999997
[50, 100, 50],1,51.25795109999997
[50, 100, 50],2,50.25795109999997
[50, 100, 100],0,44.053278999999975
[50, 100, 100],1,46.953278999999974
[50, 100, 100],2,45.953278999999974
[50, 100, 150],0,39.27030999999998
[50, 100, 150],1,42.17030999999998
[50, 100, 150],2,41.17030999999998
[50, 100, 200],0,33.95589999999998
[50, 100, 200],1,36.855899999999984
[50, 100, 200],2,35.855899999999984
[50, 100, 250],0,28.050999999999988
[50, 100, 250],1,30.950999999999986
[50, 100, 250],2,29.950999999999986
[50, 100, 300],0,21.48999999999999
[50, 100, 300],1,24.38999999999999
[50, 100, 300],2,23.38999999999999
[50, 100, 350],0,14.199999999999998
[50, 100, 350],1,17.099999999999994
[50, 100, 350],2,16.099999999999994
[50, 100, 400],0,6.999999999999999
[50, 100, 400],1,8.999999999999998
[50, 100, 400],2,7.999999999999999
[50, 150, 0],0,49.522155989999966
[50, 150, 0],1,54.132155989999966
[50, 150, 0],2,52.23215598999997
[50, 150, 50],0,45.64795109999997
[50, 150, 50],1,50.25795109999997
[50, 150, 50],2,48.35795109999997
[50, 150, 100],0,41.343278999999974
[50, 150, 100],1,45.953278999999974
[50, 150, 100],2,44.053278999999975
[50, 150, 150],0,36.56030999999997
[50, 150, 150],1,41.17030999999998
[50, 150, 150],2,39.27030999999998
[50, 150, 200],0,31.245899999999985
[50, 150, 200],1,35.855899999999984
[50, 150, 200],2,33.95589999999998
[50, 150, 250],0,25.34099999999999
[50, 150, 250],1,29.950999999999986
[50, 150, 250],2,28.050999999999988
[50, 150, 300],0,18.779999999999994
[50, 150, 300],1,23.38999999999999
[50, 150, 300],2,21.48999999999999
[50, 150, 350],0,12.299999999999997
[50, 150, 350],1,16.099999999999994
[50, 150, 350],2,14.199999999999998
[50, 150, 400],0,5.999999999999999
[50, 150, 400],1,7.999999999999999
[50, 150, 400],2,6.999999999999999
[50, 200, 0],0,46.083155989999966
[50, 200, 0],1,52.23215598999997
[50, 200, 0],2,49.522155989999966
[50, 200, 50],0,42.20895109999997
[50, 200, 50],1,48.35795109999997
[50, 200, 50],2,45.64795109999997
[50, 200, 100],0,37.90427899999997
[50, 200, 100],1,44.053278999999975
[50, 200, 100],2,41.343278999999974
[50, 200, 150],0,33.12130999999998
[50, 200, 150],1,39.27030999999998
[50, 200, 150],2,36.56030999999997
[50, 200, 200],0,27.806899999999988
[50, 200, 200],1,33.95589999999998
[50, 200, 200],2,31.245899999999985
[50, 200, 250],0,21.90199999999999
[50, 200, 250],1,28.050999999999988
[50, 200, 250],2,25.34099999999999
[50, 200, 300],0,16.069999999999997
[50, 200, 300],1,21.48999999999999
[50, 200, 300],2,18.779999999999994
[50, 200, 350],0,10.399999999999997
[50, 200, 350],1,14.199999999999998
[50, 200, 350],2,12.299999999999997
[50, 200, 400],0,4.999999999999999
[50, 200, 400],1,6.999999999999999
[50, 200, 400],2,5.999999999999999
[50, 250, 0],0,41.98805598999997
[50, 250, 0],1,49.522155989999966
[50, 250, 0],2,46.083155989999966
[50, 250, 50],0,38.11385109999996
[50, 250, 50],1,45.64795109999997
[50, 250, 50],2,42.20895109999997
[50, 250, 100],0,33.80917899999998
[50, 250, 100],1,41.343278999999974
[50, 250, 100],2,37.90427899999997
[50, 250, 150],0,29.026209999999985
[50, 250, 150],1,36.56030999999997
[50, 250, 150],2,33.12130999999998
[50, 250, 200],0,23.71179999999999
[50, 250, 200],1,31.245899999999985
[50, 250, 200],2,27.806899999999988
[50, 250, 250],0,18.462999999999994
[50, 250, 250],1,25.34099999999999
[50, 250, 250],2,21.90199999999999
[50, 250, 300],0,13.359999999999996
[50, 250, 300],1,18.779999999999994
[50, 250, 300],2,16.069999999999997
[50, 250, 350],0,8.499999999999998
[50, 250, 350],1,12.299999999999997
[50, 250, 350],2,10.399999999999997
[50, 250, 400],0,3.9999999999999996
[50, 250, 400],1,5.999999999999999
[50, 250, 400],2,4.999999999999999
[50, 300, 0],0,37.30246598999996
[50, 300, 0],1,46.083155989999966
[50, 300, 0],2,41.98805598999997
[50, 300, 50],0,33.42826109999998
[50, 300, 50],1,42.20895109999997
[50, 300, 50],2,38.11385109999996
[50, 300, 100],0,29.123588999999985
[50, 300, 100],1,37.90427899999997
[50, 300, 100],2,33.80917899999998
[50, 300, 150],0,24.340619999999987
[50, 300, 150],1,33.12130999999998
[50, 300, 150],2,29.026209999999985
[50, 300, 200],0,19.61669999999999
[50, 300, 200],1,27.806899999999988
[50, 300, 200],2,23.71179999999999
[50, 300, 250],0,15.023999999999996
[50, 300, 250],1,21.90199999999999
[50, 300, 250],2,18.462999999999994
[50, 300, 300],0,10.649999999999997
[50, 300, 300],1,16.069999999999997
[50, 300, 300],2,13.359999999999996
[50, 300, 350],0,6.599999999999999
[50, 300, 350],1,10.399999999999997
[50, 300, 350],2,8.499999999999998
[50, 300, 400],0,2.9999999999999996
[50, 300, 400],1,4.999999999999999
[50, 300, 400],2,3.9999999999999996
[50, 350, 0],0,32.085434989999975
[50, 350, 0],1,41.98805598999997
[50, 350, 0],2,37.30246598999996
[50, 350, 50],0,28.211230099999984
[50, 350, 50],1,38.11385109999996
[50, 350, 50],2,33.42826109999998
[50, 350, 100],0,23.906557999999986
[50, 350, 100],1,33.80917899999998
[50, 350, 100],2,29.123588999999985
[50, 350, 150],0,19.65502999999999
[50, 350, 150],1,29.026209999999985
[50, 350, 150],2,24.340619999999987
[50, 350, 200],0,15.521599999999994
[50, 350, 200],1,23.71179999999999
[50, 350, 200],2,19.61669999999999
[50, 350, 250],0,11.584999999999996
[50, 350, 250],1,18.462999999999994
[50, 350, 250],2,15.023999999999996
[50, 350, 300],0,7.939999999999998
[50, 350, 300],1,13.359999999999996
[50, 350, 300],2,10.649999999999997
[50, 350, 350],0,4.699999999999998
[50, 350, 350],1,8.499999999999998
[50, 350, 350],2,6.599999999999999
[50, 350, 400],0,1.9999999999999998
[50, 350, 400],1,3.9999999999999996
[50, 350, 400],2,2.9999999999999996
[50, 400, 0],0,26.390107089999983
[50, 400, 0],1,37.30246598999996
[50, 400, 0],2,32.085434989999975
[50, 400, 50],0,22.515902199999985
[50, 400, 50],1,33.42826109999998
[50, 400, 50],2,28.211230099999984
[50, 400, 100],0,18.689526999999988
[50, 400, 100],1,29.123588999999985
[50, 400, 100],2,23.906557999999986
[50, 400, 150],0,14.969439999999993
[50, 400, 150],1,24.340619999999987
[50, 400, 150],2,19.65502999999999
[50, 400, 200],0,11.426499999999994
[50, 400, 200],1,19.61669999999999
[50, 400, 200],2,15.521599999999994
[50, 400, 250],0,8.145999999999995
[50, 400, 250],1,15.023999999999996
[50, 400, 250],2,11.584999999999996
[50, 400, 300],0,5.229999999999998
[50, 400, 300],1,10.649999999999997
[50, 400, 300],2,7.939999999999998
[50, 400, 350],0,2.7999999999999994
[50, 400, 350],1,6.599999999999999
[50, 400, 350],2,4.699999999999998
[50, 400, 400],0,0.9999999999999999
[50, 400, 400],1,2.9999999999999996
[50, 400, 400],2,1.9999999999999998
[50, 450, 0],0,20.264311979999984
[50, 450, 0],1,32.085434989999975
[50, 450, 0],2,26.390107089999983
[50, 450, 50],0,16.820574299999986
[50, 450, 50],1,28.211230099999984
[50, 450, 50],2,22.515902199999985
[50, 450, 100],0,13.472495999999992
[50, 450, 100],1,23.906557999999986
[50, 450, 100],2,18.689526999999988
[50, 450, 150],0,10.283849999999992
[50, 450, 150],1,19.65502999999999
[50, 450, 150],2,14.969439999999993
[50, 450, 200],0,7.331399999999995
[50, 450, 200],1,15.521599999999994
[50, 450, 200],2,11.426499999999994
[50, 450, 250],0,4.706999999999997
[50, 450, 250],1,11.584999999999996
[50, 450, 250],2,8.145999999999995
[50, 450, 300],0,2.519999999999999
[50, 450, 300],1,7.939999999999998
[50, 450, 300],2,5.229999999999998
[50, 450, 350],0,0.8999999999999998
[50, 450, 350],1,4.699999999999998
[50, 450, 350],2,2.7999999999999994
[50, 450, 400],0,0.0
[50, 450, 400],1,1.9999999999999998
[50, 450, 400],2,0.9999999999999999
[100, 0, 0],0,54.132155989999966
[100, 0, 0],1,49.522155989999966
[100, 0, 0],2,52.23215598999997
[100, 0, 50],0,50.25795109999997
[100, 0, 50],1,45.64795109999997
[100, 0, 50],2,48.35795109999997
[100, 0, 100],0,45.953278999999974
[100, 0, 100],1,41.343278999999974
[100, 0, 100],2,44.053278999999975
[100, 0, 150],0,41.17030999999998
[100, 0, 150],1,36.56030999999997
[100, 0, 150],2,39.27030999999998
[100, 0, 200],0,35.855899999999984
[100, 0, 200],1,31.245899999999985
[100, 0, 200],2,33.95589999999998
[100, 0, 250],0,29.950999999999986
[100, 0, 250],1,25.34099999999999
[100, 0, 250],2,28.050999999999988
[100, 0, 300],0,23.38999999999999
[100, 0, 300],1,18.779999999999994
[100, 0, 300],2,21.48999999999999
[100, 0, 350],0,16.099999999999994
[100, 0, 350],1,12.299999999999997
[100, 0, 350],2,14.199999999999998
[100, 0, 400],0,7.999999999999999
[100, 0, 400],1,5.999999999999999
[100, 0, 400],2,6.999999999999999
[100, 50, 0],0,55.132155989999966
[100, 50, 0],1,52.23215598999997
[100, 50, 0],2,54.132155989999966
[100, 50, 50],0,51.25795109999997
[100, 50, 50],1,48.35795109999997
[100, 50, 50],2,50.25795109999997
[100, 50, 100],0,46.953278999999974
[100, 50, 100],1,44.053278999999975
[100, 50, 100],2,45.953278999999974
[100, 50, 150],0,42.17030999999998
[100, 50, 150],1,39.27030999999998
[100, 50, 150],2,41.17030999999998
[100, 50, 200],0,36.855899999999984
[100, 50, 200],1,33.95589999999998
[100, 50, 200],2,35.855899999999984
[100, 50, 250],0,30.950999999999986
[100, 50, 250],1,28.050999999999988
[100, 50, 250],2,29.950999999999986
[100, 50, 300],0,24.38999999999999
[100, 50, 300],1,21.48999999999999
[100, 50, 300],2,23.38999999999999
[100, 50, 350],0,17.099999999999994
[100, 50, 350],1,14.199999999999998
[100, 50, 350],2,16.099999999999994
[100, 50, 400],0,8.999999999999998
[100, 50, 400],1,6.999999999999999
[100, 50, 400],2,7.999999999999999
[100, 100, 0],0,54.132155989999966
[100, 100, 0],1,54.132155989999966
[100, 100, 0],2,55.132155989999966
[100, 100, 50],0,50.25795109999997
[100, 100, 50],1,50.25795109999997
[100, 100, 50],2,51.25795109999997
[100, 100, 100],0,45.953278999999974
[100, 100, 100],1,45.953278999999974
[100, 100, 100],2,46.953278999999974
[100, 100, 150],0,41.17030999999998
[100, 100, 150],1,41.17030999999998
[100, 100, 150],2,42.17030999999998
[100, 100, 200],0,35.855899999999984
[100, 100, 200],1,35.855899999999984
[100, 100, 200],2,36.855899999999984
[100, 100, 250],0,29.950999999999986
[100, 100, 250],1,29.950999999999986
[100, 100, 250],2,30.950999999999986
[100, 100, 300],0,23.38999999999999
[100, 100, 300],1,23.38999999999999
[100, 100, 300],2,24.38999999999999
[100, 100, 350],0,16.099999999999994
[100, 100, 350],1,16.099999999999994
[100, 100, 350],2,17.099999999999994
[100, 100, 400],0,7.999999999999999
[100, 100, 400],1,7.999999999999999
[100, 100, 400],2,8.999999999999998
[100, 150, 0],0,52.23215598999997
[100, 150, 0],1,55.132155989999966
[100, 150, 0],2,54.132155989999966
[100, 150, 50],0,48.35795109999997
[100, 150, 50],1,51.25795109999997
[100, 150, 50],2,50.25795109999997
[100, 150, 100],0,44.053278999999975
[100, 150, 100],1,46.953278999999974
[100, 150, 100],2,45.953278999999974
[100, 150, 150],0,39.27030999999998
[100, 150, 150],1,42.17030999999998
[100, 150, 150],2,41.17030999999998
[100, 150, 200],0,33.95589999999998
[100, 150, 200],1,36.855899999999984
[100, 150, 200],2,35.855899999999984
[100, 150, 250],0,28.050999999999988
[100, 150, 250],1,30.950999999999986
[100, 150, 250],2,29.950999999999986
[100, 150, 300],0,21.48999999999999
[100, 150, 300],1,24.38999999999999
[100, 150, 300],2,23.38999999999999
[100, 150, 350],0,14.199999999999998
[100, 150, 350],1,17.099999999999994
[100, 150, 350],2,16.099999999999994
[100, 150, 400],0,6.999999999999999
[100, 150, 400],1,8.999999999999998
[100, 150, 400],2,7.999999999999999
[100, 200, 0],0,49.522155989999966
[100, 200, 0],1,54.132155989999966
[100, 200, 0],2,52.23215598999997
[100, 200, 50],0,45.64795109999997
[100, 200, 50],1,50.25795109999997
[100, 200, 50],2,48.35795109999997
[100, 200, 100],0,41.343278999999974
[100, 200, 100],1,45.953278999999974
[100, 200, 100],2,44.053278999999975
[100, 200, 150],0,36.56030999999997
[100, 200, 150],1,41.17030999999998
[100, 200, 150],2,39.27030999999998
[100, 200, 200],0,31.245899999999985
[100, 200, 200],1,35.855899999999984
[100, 200, 200],2,33.95589999999998
[100, 200, 250],0,25.34099999999999
[100, 200, 250],1,29.950999999999986
[100, 200, 250],2,28.050999999999988
[100, 200, 300],0,18.779999999999994
[100, 200, 300],1,23.38999999999999
[100, 200, 300],2,21.48999999999999
[100, 200, 350],0,12.299999999999997
[100, 200, 350],1,16.099999999999994
[100, 200, 350],2,14.199999999999998
[100, 200, 400],0,5.999999999999999
[100, 200, 400],1,7.999999999999999
[100, 200, 400],2,6.999999999999999
[100, 250, 0],0,46.083155989999966
[100, 250, 0],1,52.23215598999997
[100, 250, 0],2,49.522155989999966
[100, 250, 50],0,42.20895109999997
[100, 250, 50],1,48.35795109999997
[100, 250, 50],2,45.64795109999997
[100, 250, 100],0,37.90427899999997
[100, 250, 100],1,44.053278999999975
[100, 250, 100],2,41.343278999999974
[100, 250, 150],0,33.12130999999998
[100, 250, 150],1,39.27030999999998
[100, 250, 150],2,36.56030999999997
[100, 250, 200],0,27.806899999999988
[100, 250, 200],1,33.95589999999998
[100, 250, 200],2,31.245899999999985
[100, 250, 250],0,21.90199999999999
[100, 250, 250],1,28.050999999999988
[100, 250, 250],2,25.34099999999999
[100, 250, 300],0,16.069999999999997
[100, 250, 300],1,21.48999999999999
[100, 250, 300],2,18.779999999999994
[100, 250, 350],0,10.399999999999997
[100, 250, 350],1,14.199999999999998
[100, 250, 350],2,12.299999999999997
[100, 250, 400],0,4.999999999999999
[100, 250, 400],1,6.999999999999999
[100, 250, 400],2,5.999999999999999
[100, 300, 0],0,41.98805598999997
[100, 300, 0],1,49.522155989999966
[100, 300, 0],2,46.083155989999966
[100, 300, 50],0,38.11385109999996
[100, 300, 50],1,45.64795109999997
[100, 300, 50],2,42.20895109999997
[100, 300, 100],0,33.80917899999998
[100, 300, 100],1,41.343278999999974
[100, 300, 100],2,37.90427899999997
[100, 300, 150],0,29.026209999999985
[100, 300, 150],1,36.56030999999997
[100, 300, 150],2,33.12130999999998
[100, 300, 200],0,23.71179999999999
[100, 300, 200],1,31.245899999999985
[100, 300, 200],2,27.806899999999988
[100, 300, 250],0,18.462999999999994
[100, 300, 250],1,25.34099999999999
[100, 300, 250],2,21.90199999999999
[100, 300, 300],0,13.359999999999996
[100, 300, 300],1,18.779999999999994
[100, 300, 300],2,16.069999999999997
[100, 300, 350],0,8.499999999999998
[100, 300, 350],1,12.299999999999997
[100, 300, 350],2,10.399999999999997
[100, 300, 400],0,3.9999999999999996
[100, 300, 400],1,5.999999999999999
[100, 300, 400],2,4.999999999999999
[100, 350, 0],0,37.30246598999996
[100, 350, 0],1,46.083155989999966
[100, 350, 0],2,41.98805598999997
[100, 350, 50],0,33.42826109999998
[100, 350, 50],1,42.20895109999997
[100, 350, 50],2,38.11385109999996
[100, 350, 100],0,29.123588999999985
[100, 350, 100],1,37.90427899999997
[100, 350, 100],2,33.80917899999998
[100, 350, 150],0,24.340619999999987
[100, 350, 150],1,33.12130999999998
[100, 350, 150],2,29.026209999999985
[100, 350, 200],0,19.61669999999999
[100, 350, 200],1,27.806899999999988
[100, 350, 200],2,23.71179999999999
[100, 350, 250],0,15.023999999999996
[100, 350, 250],1,21.90199999999999
[100, 350, 250],2,18.462999999999994
[100, 350, 300],0,10.649999999999997
[100, 350, 300],1,16.069999999999997
[100, 350, 300],2,13.359999999999996
[100, 350, 350],0,6.599999999999999
[100, 350, 350],1,10.399999999999997
[100, 350, 350],2,8.499999999999998
[100, 350, 400],0,2.9999999999999996
[100, 350, 400],1,4.999999999999999
[100, 350, 400],2,3.9999999999999996
[100, 400, 0],0,32.085434989999975
[100, 400, 0],1,41.98805598999997
[100, 400, 0],2,37.30246598999996
[100, 400, 50],0,28.211230099999984
[100, 400, 50],1,38.11385109999996
[100, 400, 50],2,33.42826109999998
[100, 400, 100],0,23.906557999999986
[100, 400, 100],1,33.80917899999998
[100, 400, 100],2,29.123588999999985
[100, 400, 150],0,19.65502999999999
[100, 400, 150],1,29.026209999999985
[100, 400, 150],2,24.340619999999987
[100, 400, 200],0,15.521599999999994
[100, 400, 200],1,23.71179999999999
[100, 400, 200],2,19.61669999999999
[100, 400, 250],0,11.584999999999996
[100, 400, 250],1,18.462999999999994
[100, 400, 250],2,15.023999999999996
[100, 400, 300],0,7.939999999999998
[100, 400, 300],1,13.359999999999996
[100, 400, 300],2,10.649999999999997
[100, 400, 350],0,4.699999999999998
[100, 400, 350],1,8.499999999999998
[100, 400, 350],2,6.599999999999999
[100, 400, 400],0,1.9999999999999998
[100, 400, 400],1,3.9999999999999996
[100, 400, 400],2,2.9999999999999996
[100, 450, 0],0,26.390107089999983
[100, 450, 0],1,37.30246598999996
[100, 450, 0],2,32.085434989999975
[100, 450, 50],0,22.515902199999985
[100, 450, 50],1,33.42826109999998
[100, 450, 50],2,28.211230099999984
[100, 450, 100],0,18.689526999999988
[100, 450, 100],1,29.123588999999985
[100, 450, 100],2,23.906557999999986
[100, 450, 150],0,14.969439999999993
[100, 450, 150],1,24.340619999999987
[100, 450, 150],2,19.65502999999999
[100, 450, 200],0,11.426499999999994
[100, 450, 200],1,19.61669999999999
[100, 450, 200],2,15.521599999999994
[100, 450, 250],0,8.145999999999995
[100, 450, 250],1,15.023999999999996
[100, 450, 250],2,11.584999999999996
[100, 450, 300],0,5.229999999999998
[100, 450, 300],1,10.649999999999997
[100, 450, 300],2,7.939999999999998
[100, 450, 350],0,2.7999999999999994
[100, 450, 350],1,6.599999999999999
[100, 450, 350],2,4.699999999999998
[100, 450, 400],0,0.9999999999999999
[100, 450, 400],1,2.9999999999999996
[100, 450, 400],2,1.9999999999999998
[150, 0, 0],0,52.23215598999997
[150, 0, 0],1,46.083155989999966
[150, 0, 0],2,49.522155989999966
[150, 0, 50],0,48.35795109999997
[150, 0, 50],1,42.20895109999997
[150, 0, 50],2,45.64795109999997
[150, 0, 100],0,44.053278999999975
[150, 0, 100],1,37.90427899999997
[150, 0, 100],2,41.343278999999974
[150, 0, 150],0,39.27030999999998
[150, 0, 150],1,33.12130999999998
[150, 0, 150],2,36.56030999999997
[150, 0, 200],0,33.95589999999998
[150, 0, 200],1,27.806899999999988
[150, 0, 200],2,31.245899999999985
[150, 0, 250],0,28.050999999999988
[150, 0, 250],1,21.90199999999999
[150, 0, 250],2,25.34099999999999
[150, 0, 300],0,21.48999999999999
[150, 0, 300],1,16.069999999999997
[150, 0, 300],2,18.779999999999994
[150, 0, 350],0,14.199999999999998
[150, 0, 350],1,10.399999999999997
[150, 0, 350],2,12.299999999999997
[150, 0, 400],0,6.999999999999999
[150, 0, 400],1,4.999999999999999
[150, 0, 400],2,5.999999999999999
[150, 50, 0],0,54.132155989999966
[150, 50, 0],1,49.522155989999966
[150, 50, 0],2,52.23215598999997
[150, 50, 50],0,50.25795109999997
[150, 50, 50],1,45.64795109999997
[150, 50, 50],2,48.35795109999997
[150, 50, 100],0,45.953278999999974
[150, 50, 100],1,41.343278999999974
[150, 50, 100],2,44.053278999999975
[150, 50, 150],0,41.17030999999998
[150, 50, 150],1,36.56030999999997
[150, 50, 150],2,39.27030999999998
[150, 50, 200],0,35.855899999999984
[150, 50, 200],1,31.245899999999985
[150, 50, 200],2,33.95589999999998
[150, 50, 250],0,29.950999999999986
[150, 50, 250],1,25.34099999999999
[150, 50, 250],2,28.050999999999988
[150, 50, 300],0,23.38999999999999
[150, 50, 300],1,18.779999999999994
[150, 50, 300],2,21.48999999999999
[150, 50, 350],0,16.099999999999994
[150, 50, 350],1,12.299999999999997
[150, 50, 350],2,14.199999999999998
[150, 50, 400],0,7.999999999999999
[150, 50, 400],1,5.999999999999999
[150, 50, 400],2,6.999999999999999
[150, 100, 0],0,55.132155989999966
[150, 100, 0],1,52.23215598999997
[150, 100, 0],2,54.132155989999966
[150, 100, 50],0,51.25795109999997
[150, 100, 50],1,48.35795109999997
[150, 100, 50],2,50.25795109999997
[150, 100, 100],0,46.953278999999974
[150, 100, 100],1,44.053278999999975
[150, 100, 100],2,45.953278999999974
[150, 100, 150],0,42.17030999999998
[150, 100, 150],1,39.27030999999998
[150, 100, 150],2,41.17030999999998
[150, 100, 200],0,36.855899999999984
[150, 100, 200],1,33.95589999999998
[150, 100, 200],2,35.855899999999984
[150, 100, 250],0,30.950999999999986
[150, 100, 250],1,28.050999999999988
[150, 100, 250],2,29.950999999999986
[150, 100, 300],0,24.38999999999999
[150, 100, 300],1,21.48999999999999
[150, 100, 300],2,23.38999999999999
[150, 100, 350],0,17.099999999999994
[150, 100, 350],1,14.199999999999998
[150, 100, 350],2,16.099999999999994
[150, 100, 400],0,8.999999999999998
[150, 100, 400],1,6.999999999999999
[150, 100, 400],2,7.999999999999999
[150, 150, 0],0,54.132155989999966
[150, 150, 0],1,54.132155989999966
[150, 150, 0],2,55.132155989999966
[150, 150, 50],0,50.25795109999997
[150, 150, 50],1,50.25795109999997
[150, 150, 50],2,51.25795109999997
[150, 150, 100],0,45.953278999999974
[150, 150, 100],1,45.953278999999974
[150, 150, 100],2,46.953278999999974
[150, 150, 150],0,41.17030999999998
[150, 150, 150],1,41.17030999999998
[150, 150, 150],2,42.17030999999998
[150, 150, 200],0,35.855899999999984
[150, 150, 200],1,35.855899999999984
[150, 150, 200],2,36.855899999999984
[150, 150, 250],0,29.950999999999986
[150, 150, 250],1,29.950999999999986
[150, 150, 250],2,30.950999999999986
[150, 150, 300],0,23.38999999999999
[150, 150, 300],1,23.38999999999999
[150, 150, 300],2,24.38999999999999
[150, 150, 350],0,16.099999999999994
[150, 150, 350],1,16.099999999999994
[150, 150, 350],2,17.099999999999994
[150, 150, 400],0,7.999999999999999
[150, 150, 400],1,7.999999999999999
[150, 150, 400],2,8.999999999999998
[150, 200, 0],0,52.23215598999997
[150, 200, 0],1,55.132155989999966
[150, 200, 0],2,54.132155989999966
[150, 200, 50],0,48.35795109999997
[150, 200, 50],1,51.25795109999997
[150, 200, 50],2,50.25795109999997
[150, 200, 100],0,44.053278999999975
[150, 200, 100],1,46.953278999999974
[150, 200, 100],2,45.953278999999974
[150, 200, 150],0,39.27030999999998
[150, 200, 150],1,42.17030999999998
[150, 200, 150],2,41.17030999999998
[150, 200, 200],0,33.95589999999998
[150, 200, 200],1,36.855899999999984
[150, 200, 200],2,35.855899999999984
[150, 200, 250],0,28.050999999999988
[150, 200, 250],1,30.950999999999986
[150, 200, 250],2,29.950999999999986
[150, 200, 300],0,21.48999999999999
[150, 200, 300],1,24.38999999999999
[150, 200, 300],2,23.38999999999999
[150, 200, 350],0,14.199999999999998
[150, 200, 350],1,17.099999999999994
[150, 200, 350],2,16.099999999999994
[150, 200, 400],0,6.999999999999999
[150, 200, 400],1,8.999999999999998
[150, 200, 400],2,7.999999999999999
[150, 250, 0],0,49.522155989999966
[150, 250, 0],1,54.132155989999966
[150, 250, 0],2,52.23215598999997
[150, 250, 50],0,45.64795109999997
[150, 250, 50],1,50.25795109999997
[150, 250, 50],2,48.35795109999997
[150, 250, 100],0,41.343278999999974
[150, 250, 100],1,45.953278999999974
[150, 250, 100],2,44.053278999999975
[150, 250, 150],0,36.56030999999997
[150, 250, 150],1,41.17030999999998
[150, 250, 150],2,39.27030999999998
[150, 250, 200],0,31.245899999999985
[150, 250, 200],1,35.855899999999984
[150, 250, 200],2,33.95589999999998
[150, 250, 250],0,25.34099999999999
[150, 250, 250],1,29.950999999999986
[150, 250, 250],2,28.050999999999988
[150, 250, 300],0,18.779999999999994
[150, 250, 300],1,23.38999999999999
[150, 250, 300],2,21.48999999999999
[150, 250, 350],0,12.299999999999997
[150, 250, 350],1,16.099999999999994
[150, 250, 350],2,14.199999999999998
[150, 250, 400],0,5.999999999999999
[150, 250, 400],1,7.999999999999999
[150, 250, 400],2,6.999999999999999
[150, 300, 0],0,46.083155989999966
[150, 300, 0],1,52.23215598999997
[150, 300, 0],2,49.522155989999966
[150, 300, 50],0,42.20895109999997
[150, 300, 50],1,48.35795109999997
[150, 300, 50],2,45.64795109999997
[150, 300, 100],0,37.90427899999997
[150, 300, 100],1,44.053278999999975
[150, 300, 100],2,41.343278999999974
[150, 300, 150],0,33.12130999999998
[150, 300, 150],1,39.27030999999998
[150, 300, 150],2,36.56030999999997
[150, 300, 200],0,27.806899999999988
[150, 300, 200],1,33.95589999999998
[150, 300, 200],2,31.245899999999985
[150, 300, 250],0,21.90199999999999
[150, 300, 250],1,28.050999999999988
[150, 300, 250],2,25.34099999999999
[150, 300, 300],0,16.069999999999997
[150, 300, 300],1,21.48999999999999
[150, 300, 300],2,18.779999999999994
[150, 300, 350],0,10.399999999999997
[150, 300, 350],1,14.199999999999998
[150, 300, 350],2,12.299999999999997
[150, 300, 400],0,4.999999999999999
[150, 300, 400],1,6.999999999999999
[150, 300, 400],2,5.999999999999999
[150, 350, 0],0,41.98805598999997
[150, 350, 0],1,49.522155989999966
[150, 350, 0],2,46.083155989999966
[150, 350, 50],0,38.11385109999996
[150, 350, 50],1,45.64795109999997
[150, 350, 50],2,42.20895109999997
[150, 350, 100],0,33.80917899999998
[150, 350, 100],1,41.343278999999974
[150, 350, 100],2,37.90427899999997
[150, 350, 150],0,29.026209999999985
[150, 350, 150],1,36.56030999999997
[150, 350, 150],2,33.12130999999998
[150, 350, 200],0,23.71179999999999
[150, 350, 200],1,31.245899999999985
[150, 350, 200],2,27.806899999999988
[150, 350, 250],0,18.462999999999994
[150, 350, 250],1,25.34099999999999
[150, 350, 250],2,21.90199999999999
[150, 350, 300],0,13.359999999999996
[150, 350, 300],1,18.779999999999994
[150, 350, 300],2,16.069999999999997
[150, 350, 350],0,8.499999999999998
[150, 350, 350],1,12.299999999999997
[150, 350, 350],2,10.399999999999997
[150, 350, 400],0,3.9999999999999996
[150, 350, 400],1,5.999999999999999
[150, 350, 400],2,4.999999999999999
[150, 400, 0],0,37.30246598999996
[150, 400, 0],1,46.083155989999966
[150, 400, 0],2,41.98805598999997
[150, 400, 50],0,33.42826109999998
[150, 400, 50],1,42.20895109999997
[150, 400, 50],2,38.11385109999996
[150, 400, 100],0,29.123588999999985
[150, 400, 100],1,37.90427899999997
[150, 400, 100],2,33.80917899999998
[150, 400, 150],0,24.340619999999987
[150, 400, 150],1,33.12130999999998
[150, 400, 150],2,29.026209999999985
[150, 400, 200],0,19.61669999999999
[150, 400, 200],1,27.806899999999988
[150, 400, 200],2,23.71179999999999
[150, 400, 250],0,15.023999999999996
[150, 400, 250],1,21.90199999999999
[150, 400, 250],2,18.462999999999994
[150, 400, 300],0,10.649999999999997
[150, 400, 300],1,16.069999999999997
[150, 400, 300],2,13.359999999999996
[150, 400, 350],0,6.599999999999999
[150, 400, 350],1,10.399999999999997
[150, 400, 350],2,8.499999999999998
[150, 400, 400],0,2.9999999999999996
[150, 400, 400],1,4.999999999999999
[150, 400, 400],2,3.9999999999999996
[150, 450, 0],0,32.085434989999975
[150, 450, 0],1,41.98805598999997
[150, 450, 0],2,37.30246598999996
[150, 450, 50],0,28.211230099999984
[150, 450, 50],1,38.11385109999996
[150, 450, 50],2,33.42826109999998
[150, 450, 100],0,23.906557999999986
[150, 450, 100],1,33.80917899999998
[150, 450, 100],2,29.123588999999985
[150, 450, 150],0,19.65502999999999
[150, 450, 150],1,29.026209999999985
[150, 450, 150],2,24.340619999999987
[150, 450, 200],0,15.521599999999994
[150, 450, 200],1,23.71179999999999
[150, 450, 200],2,19.61669999999999
[150, 450, 250],0,11.584999999999996
[150, 450, 250],1,18.462999999999994
[150, 450, 250],2,15.023999999999996
[150, 450, 300],0,7.939999999999998
[150, 450, 300],1,13.359999999999996
[150, 450, 300],2,10.649999999999997
[150, 450, 350],0,4.699999999999998
[150, 450, 350],1,8.499999999999998
[150, 450, 350],2,6.599999999999999
[150, 450, 400],0,1.9999999999999998
[150, 450, 400],1,3.9999999999999996
[150, 450, 400],2,2.9999999999999996
[200, 0, 0],0,49.522155989999966
[200, 0, 0],1,41.98805598999997
[200, 0, 0],2,46.083155989999966
[200, 0, 50],0,45.64795109999997
[200, 0, 50],1,38.11385109999996
[200, 0, 50],2,42.20895109999997
[200, 0, 100],0,41.343278999999974
[200, 0, 100],1,33.80917899999998
[200, 0, 100],2,37.90427899999997
[200, 0, 150],0,36.56030999999997
[200, 0, 150],1,29.026209999999985
[200, 0, 150],2,33.12130999999998
[200, 0, 200],0,31.245899999999985
[200, 0, 200],1,23.71179999999999
[200, 0, 200],2,27.806899999999988
[200, 0, 250],0,25.34099999999999
[200, 0, 250],1,18.462999999999994
[200, 0, 250],2,21.90199999999999
[200, 0, 300],0,18.779999999999994
[200, 0, 300],1,13.359999999999996
[200, 0, 300],2,16.069999999999997
[200, 0, 350],0,12.299999999999997
[200, 0, 350],1,8.499999999999998
[200, 0, 350],2,10.399999999999997
[200, 0, 400],0,5.999999999999999
[200, 0, 400],1,3.9999999999999996
[200, 0, 400],2,4.999999999999999
[200, 50, 0],0,52.23215598999997
[200, 50, 0],1,46.083155989999966
[200, 50, 0],2,49.522155989999966
[200, 50, 50],0,48.35795109999997
[200, 50, 50],1,42.20895109999997
[200, 50, 50],2,45.64795109999997
[200, 50, 100],0,44.053278999999975
[200, 50, 100],1,37.90427899999997
[200, 50, 100],2,41.343278999999974
[200, 50, 150],0,39.27030999999998
[200, 50, 150],1,33.12130999999998
[200, 50, 150],2,36.56030999999997
[200, 50, 200],0,33.95589999999998
[200, 50, 200],1,27.806899999999988
[200, 50, 200],2,31.245899999999985
[200, 50, 250],0,28.050999999999988
[200, 50, 250],1,21.90199999999999
[200, 50, 250],2,25.34099999999999
[200, 50, 300],0,21.48999999999999
[200, 50, 300],1,16.069999999999997
[200, 50, 300],2,18.779999999999994
[200, 50, 350],0,14.199999999999998
[200, 50, 350],1,10.399999999999997
[200, 50, 350],2,12.299999999999997
[200, 50, 400],0,6.999999999999999
[200, 50, 400],1,4.999999999999999
[200, 50, 400],2,5.999999999999999
[200, 100, 0],0,54.132155989999966
[200, 100, 0],1,49.522155989999966
[200, 100, 0],2,52.23215598999997
[200, 100, 50],0,50.25795109999997
[200, 100, 50],1,45.64795109999997
[200, 100, 50],2,48.35795109999997
[200, 100, 100],0,45.953278999999974
[200, 100, 100],1,41.343278999999974
[200, 100, 100],2,44.053278999999975
[200, 100, 150],0,41.17030999999998
[200, 100, 150],1,36.56030999999997
[200, 100, 150],2,39.27030999999998
[200, 100, 200],0,35.855899999999984
[200, 100, 200],1,31.245899999999985
[200, 100, 200],2,33.95589999999998
[200, 100, 250],0,29.950999999999986
[200, 100, 250],1,25.34099999999999
[200, 100, 250],2,28.050999999999988
[200, 100, 300],0,23.38999999999999
[200, 100, 300],1,18.779999999999994
[200, 100, 300],2,21.48999999999999
[200, 100, 350],0,16.099999999999994
[200, 100, 350],1,12.299999999999997
[200, 100, 350],2,14.199999999999998
[200, 100, 400],0,7.999999999999999
[200, 100, 400],1,5.999999999999999
[200, 100, 400],2,6.999999999999999
[200, 150, 0],0,55.132155989999966
[200, 150, 0],1,52.23215598999997
[200, 150, 0],2,54.132155989999966
[200, 150, 50],0,51.25795109999997
[200, 150, 50],1,48.35795109999997
[200, 150, 50],2,50.25795109999997
[200, 150, 100],0,46.953278999999974
[200, 150, 100],1,44.053278999999975
[200, 150, 100],2,45.953278999999974
[200, 150, 150],0,42.17030999999998
[200, 150, 150],1,39.27030999999998
[200, 150, 150],2,41.17030999999998
[200, 150, 200],0,36.855899999999984
[200, 150, 200],1,33.95589999999998
[200, 150, 200],2,35.855899999999984
[200, 150, 250],0,30.950999999999986
[200, 150, 250],1,28.050999999999988
[200, 150, 250],2,29.950999999999986
[200, 150, 300],0,24.38999999999999
[200, 150, 300],1,21.48999999999999
[200, 150, 300],2,23.38999999999999
[200, 150, 350],0,17.099999999999994
[200, 150, 350],1,14.199999999999998
[200, 150, 350],2,16.099999999999994
[200, 150, 400],0,8.999999999999998
[200, 150, 400],1,6.999999999999999
[200, 150, 400],2,7.999999999999999
[200, 200, 0],0,54.132155989999966
[200, 200, 0],1,54.132155989999966
[200, 200, 0],2,55.132155989999966
[200, 200, 50],0,50.25795109999997
[200, 200, 50],1,50.25795109999997
[200, 200, 50],2,51.25795109999997
[200, 200, 100],0,45.953278999999974
[200, 200, 100],1,45.953278999999974
[200, 200, 100],2,46.953278999999974
[200, 200, 150],0,41.17030999999998
[200, 200, 150],1,41.17030999999998
[200, 200, 150],2,42.17030999999998
[200, 200, 200],0,35.855899999999984
[200, 200, 200],1,35.855899999999984
[200, 200, 200],2,36.855899999999984
[200, 200, 250],0,29.950999999999986
[200, 200, 250],1,29.950999999999986
[200, 200, 250],2,30.950999999999986
[200, 200, 300],0,23.38999999999999
[200, 200, 300],1,23.38999999999999
[200, 200, 300],2,24.38999999999999
[200, 200, 350],0,16.099999999999994
[200, 200, 350],1,16.099999999999994
[200, 200, 350],2,17.099999999999994
[200, 200, 400],0,7.999999999999999
[200, 200, 400],1,7.999999999999999
[200, 200, 400],2,8.999999999999998
[200, 250, 0],0,52.23215598999997
[200, 250, 0],1,55.132155989999966
[200, 250, 0],2,54.132155989999966
[200, 250, 50],0,48.35795109999997
[200, 250, 50],1,51.25795109999997
[200, 250, 50],2,50.25795109999997
[200, 250, 100],0,44.053278999999975
[200, 250, 100],1,46.953278999999974
[200, 250, 100],2,45.953278999999974
[200, 250, 150],0,39.27030999999998
[200, 250, 150],1,42.17030999999998
[200, 250, 150],2,41.17030999999998
[200, 250, 200],0,33.95589999999998
[200, 250, 200],1,36.855899999999984
[200, 250, 200],2,35.855899999999984
[200, 250, 250],0,28.050999999999988
[200, 250, 250],1,30.950999999999986
[200, 250, 250],2,29.950999999999986
[200, 250, 300],0,21.48999999999999
[200, 250, 300],1,24.38999999999999
[200, 250, 300],2,23.38999999999999
[200, 250, 350],0,14.199999999999998
[200, 250, 350],1,17.099999999999994
[200, 250, 350],2,16.099999999999994
[200, 250, 400],0,6.999999999999999
[200, 250, 400],1,8.999999999999998
[200, 250, 400],2,7.999999999999999
[200, 300, 0],0,49.522155989999966
[200, 300, 0],1,54.132155989999966
[200, 300, 0],2,52.23215598999997
[200, 300, 50],0,45.64795109999997
[200, 300, 50],1,50.25795109999997
[200, 300, 50],2,48.35795109999997
[200, 300, 100],0,41.343278999999974
[200, 300, 100],1,45.953278999999974
[200, 300, 100],2,44.053278999999975
[200, 300, 150],0,36.56030999999997
[200, 300, 150],1,41.17030999999998
[200, 300, 150],2,39.27030999999998
[200, 300, 200],0,31.245899999999985
[200, 300, 200],1,35.855899999999984
[200, 300, 200],2,33.95589999999998
[200, 300, 250],0,25.34099999999999
[200, 300, 250],1,29.950999999999986
[200, 300, 250],2,28.050999999999988
[200, 300, 300],0,18.779999999999994
[200, 300, 300],1,23.38999999999999
[200, 300, 300],2,21.48999999999999
[200, 300, 350],0,12.299999999999997
[200, 300, 350],1,16.099999999999994
[200, 300, 350],2,14.199999999999998
[200, 300, 400],0,5.999999999999999
[200, 300, 400],1,7.999999999999999
[200, 300, 400],2,6.999999999999999
[200, 350, 0],0,46.083155989999966
[200, 350, 0],1,52.23215598999997
[200, 350, 0],2,49.522155989999966
[200, 350, 50],0,42.20895109999997
[200, 350, 50],1,48.35795109999997
[200, 350, 50],2,45.64795109999997
[200, 350, 100],0,37.90427899999997
[200, 350, 100],1,44.053278999999975
[200, 350, 100],2,41.343278999999974
[200, 350, 150],0,33.12130999999998
[200, 350, 150],1,39.27030999999998
[200, 350, 150],2,36.56030999999997
[200, 350, 200],0,27.806899999999988
[200, 350, 200],1,33.95589999999998
[200, 350, 200],2,31.245899999999985
[200, 350, 250],0,21.90199999999999
[200, 350, 250],1,28.050999999999988
[200, 350, 250],2,25.34099999999999
[200, 350, 300],0,16.069999999999997
[200, 350, 300],1,21.48999999999999
[200, 350, 300],2,18.779999999999994
[200, 350, 350],0,10.399999999999997
[200, 350, 350],1,14.199999999999998
[200, 350, 350],2,12.299999999999997
[200, 350, 400],0,4.999999999999999
[200, 350, 400],1,6.999999999999999
[200, 350, 400],2,5.999999999999999
[200, 400, 0],0,41.98805598999997
[200, 400, 0],1,49.522155989999966
[200, 400, 0],2,46.083155989999966
[200, 400, 50],0,38.11385109999996
[200, 400, 50],1,45.64795109999997
[200, 400, 50],2,42.20895109999997
[200, 400, 100],0,33.80917899999998
[200, 400, 100],1,41.343278999999974
[200, 400, 100],2,37.90427899999997
[200, 400, 150],0,29.026209999999985
[200, 400, 150],1,36.56030999999997
[200, 400, 150],2,33.12130999999998
[200, 400, 200],0,23.71179999999999
[200, 400, 200],1,31.245899999999985
[200, 400, 200],2,27.806899999999988
[200, 400, 250],0,18.462999999999994
[200, 400, 250],1,25.34099999999999
[200, 400, 250],2,21.90199999999999
[200, 400, 300],0,13.359999999999996
[200, 400, 300],1,18.779999999999994
[200, 400, 300],2,16.069999999999997
[200, 400, 350],0,8.499999999999998
[200, 400, 350],1,12.299999999999997
[200, 400, 350],2,10.399999999999997
[200, 400, 400],0,3.9999999999999996
[200, 400, 400],1,5.999999999999999
[200, 400, 400],2,4.999999999999999
[200, 450, 0],0,37.30246598999996
[200, 450, 0],1,46.083155989999966
[200, 450, 0],2,41.98805598999997
[200, 450, 50],0,33.42826109999998
[200, 450, 50],1,42.20895109999997
[200, 450, 50],2,38.11385109999996
[200, 450, 100],0,29.123588999999985
[200, 450, 100],1,37.90427899999997
[200, 450, 100],2,33.80917899999998
[200, 450, 150],0,24.340619999999987
[200, 450, 150],1,33.12130999999998
[200, 450, 150],2,29.026209999999985
[200, 450, 200],0,19.61669999999999
[200, 450, 200],1,27.806899999999988
[200, 450, 200],2,23.71179999999999
[200, 450, 250],0,15.023999999999996
[200, 450, 250],1,21.90199999999999
[200, 450, 250],2,18.462999999999994
[200, 450, 300],0,10.649999999999997
[200, 450, 300],1,16.069999999999997
[200, 450, 300],2,13.359999999999996
[200, 450, 350],0,6.599999999999999
[200, 450, 350],1,10.399999999999997
[200, 450, 350],2,8.499999999999998
[200, 450, 400],0,2.9999999999999996
[200, 450, 400],1,4.999999999999999
[200, 450, 400],2,3.9999999999999996
[250, 0, 0],0,46.083155989999966
[250, 0, 0],1,37.30246598999996
[250, 0, 0],2,41.98805598999997
[250, 0, 50],0,42.20895109999997
[250, 0, 50],1,33.42826109999998
[250, 0, 50],2,38.11385109999996
[250, 0, 100],0,37.90427899999997
[250, 0, 100],1,29.123588999999985
[250, 0, 100],2,33.80917899999998
[250, 0, 150],0,33.12130999999998
[250, 0, 150],1,24.340619999999987
[250, 0, 150],2,29.026209999999985
[250, 0, 200],0,27.806899999999988
[250, 0, 200],1,19.61669999999999
[250, 0, 200],2,23.71179999999999
[250, 0, 250],0,21.90199999999999
[250, 0, 250],1,15.023999999999996
[250, 0, 250],2,18.462999999999994
[250, 0, 300],0,16.069999999999997
[250, 0, 300],1,10.649999999999997
[250, 0, 300],2,13.359999999999996
[250, 0, 350],0,10.399999999999997
[250, 0, 350],1,6.599999999999999
[250, 0, 350],2,8.499999999999998
[250, 0, 400],0,4.999999999999999
[250, 0, 400],1,2.9999999999999996
[250, 0, 400],2,3.9999999999999996
[250, 50, 0],0,49.522155989999966
[250, 50, 0],1,41.98805598999997
[250, 50, 0],2,46.083155989999966
[250, 50, 50],0,45.64795109999997
[250, 50, 50],1,38.11385109999996
[250, 50, 50],2,42.20895109999997
[250, 50, 100],0,41.343278999999974
[250, 50, 100],1,33.80917899999998
[250, 50, 100],2,37.90427899999997
[250, 50, 150],0,36.56030999999997
[250, 50, 150],1,29.026209999999985
[250, 50, 150],2,33.12130999999998
[250, 50, 200],0,31.245899999999985
[250, 50, 200],1,23.71179999999999
[250, 50, 200],2,27.806899999999988
[250, 50, 250],0,25.34099999999999
[250, 50, 250],1,18.462999999999994
[250, 50, 250],2,21.90199999999999
[250, 50, 300],0,18.779999999999994
[250, 50, 300],1,13.359999999999996
[250, 50, 300],2,16.069999999999997
[250, 50, 350],0,12.299999999999997
[250, 50, 350],1,8.499999999999998
[250, 50, 350],2,10.399999999999997
[250, 50, 400],0,5.999999999999999
[250, 50, 400],1,3.9999999999999996
[250, 50, 400],2,4.999999999999999
[250, 100, 0],0,52.23215598999997
[250, 100, 0],1,46.083155989999966
[250, 100, 0],2,49.522155989999966
[250, 100, 50],0,48.35795109999997
[250, 100, 50],1,42.20895109999997
[250, 100, 50],2,45.64795109999997
[250, 100, 100],0,44.053278999999975
[250, 100, 100],1,37.90427899999997
[250, 100, 100],2,41.343278999999974
[250, 100, 150],0,39.27030999999998
[250, 100, 150],1,33.12130999999998
[250, 100, 150],2,36.56030999999997
[250, 100, 200],0,33.95589999999998
[250, 100, 200],1,27.806899999999988
[250, 100, 200],2,31.245899999999985
[250, 100, 250],0,28.050999999999988
[250, 100, 250],1,21.90199999999999
[250, 100, 250],2,25.34099999999999
[250, 100, 300],0,21.48999999999999
[250, 100, 300],1,16.069999999999997
[250, 100, 300],2,18.779999999999994
[250, 100, 350],0,14.199999999999998
[250, 100, 350],1,10.399999999999997
[250, 100, 350],2,12.299999999999997
[250, 100, 400],0,6.999999999999999
[250, 100, 400],1,4.999999999999999
[250, 100, 400],2,5.999999999999999
[250, 150, 0],0,54.132155989999966
[250, 150, 0],1,49.522155989999966
[250, 150, 0],2,52.23215598999997
[250, 150, 50],0,50.25795109999997
[250, 150, 50],1,45.64795109999997
[250, 150, 50],2,48.35795109999997
[250, 150, 100],0,45.953278999999974
[250, 150, 100],1,41.343278999999974
[250, 150, 100],2,44.053278999999975
[250, 150, 150],0,41.17030999999998
[250, 150, 150],1,36.56030999999997
[250, 150, 150],2,39.27030999999998
[250, 150, 200],0,35.855899999999984
[250, 150, 200],1,31.245899999999985
[250, 150, 200],2,33.95589999999998
[250, 150, 250],0,29.950999999999986
[250, 150, 250],1,25.34099999999999
[250, 150, 250],2,28.050999999999988
[250, 150, 300],0,23.38999999999999
[250, 150, 300],1,18.779999999999994
[250, 150, 300],2,21.48999999999999
[250, 150, 350],0,16.099999999999994
[250, 150, 350],1,12.299999999999997
[250, 150, 350],2,14.199999999999998
[250, 150, 400],0,7.999999999999999
[250, 150, 400],1,5.999999999999999
[250, 150, 400],2,6.999999999999999
[250, 200, 0],0,55.132155989999966
[250, 200, 0],1,52.23215598999997
[250, 200, 0],2,54.132155989999966
[250, 200, 50],0,51.25795109999997
[250, 200, 50],1,48.35795109999997
[250, 200, 50],2,50.25795109999997
[250, 200, 100],0,46.953278999999974
[250, 200, 100],1,44.053278999999975
[250, 200, 100],2,45.953278999999974
[250, 200, 150],0,42.17030999999998
[250, 200, 150],1,39.27030999999998
[250, 200, 150],2,41.17030999999998
[250, 200, 200],0,36.855899999999984
[250, 200, 200],1,33.95589999999998
[250, 200, 200],2,35.855899999999984
[250, 200, 250],0,30.950999999999986
[250, 200, 250],1,28.050999999999988
[250, 200, 250],2,29.950999999999986
[250, 200, 300],0,24.38999999999999
[250, 200, 300],1,21.48999999999999
[250, 200, 300],2,23.38999999999999
[250, 200, 350],0,17.099999999999994
[250, 200, 350],1,14.199999999999998
[250, 200, 350],2,16.099999999999994
[250, 200, 400],0,8.999999999999998
[250, 200, 400],1,6.999999999999999
[250, 200, 400],2,7.999999999999999
[250, 250, 0],0,54.132155989999966
[250, 250, 0],1,54.132155989999966
[250, 250, 0],2,55.132155989999966
[250, 250, 50],0,50.25795109999997
[250, 250, 50],1,50.25795109999997
[250, 250, 50],2,51.25795109999997
[250, 250, 100],0,45.953278999999974
[250, 250, 100],1,45.953278999999974
[250, 250, 100],2,46.953278999999974
[250, 250, 150],0,41.17030999999998
[250, 250, 150],1,41.17030999999998
[250, 250, 150],2,42.17030999999998
[250, 250, 200],0,35.855899999999984
[250, 250, 200],1,35.855899999999984
[250, 250, 200],2,36.855899999999984
[250, 250, 250],0,29.950999999999986
[250, 250, 250],1,29.950999999999986
[250, 250, 250],2,30.950999999999986
[250, 250, 300],0,23.38999999999999
[250, 250, 300],1,23.38999999999999
[250, 250, 300],2,24.38999999999999
[250, 250, 350],0,16.099999999999994
[250, 250, 350],1,16.099999999999994
[250, 250, 350],2,17.099999999999994
[250, 250, 400],0,7.999999999999999
[250, 250, 400],1,7.999999999999999
[250, 250, 400],2,8.999999999999998
[250, 300, 0],0,52.23215598999997
[250, 300, 0],1,55.132155989999966
[250, 300, 0],2,54.132155989999966
[250, 300, 50],0,48.35795109999997
[250, 300, 50],1,51.25795109999997
[250, 300, 50],2,50.25795109999997
[250, 300, 100],0,44.053278999999975
[250, 300, 100],1,46.953278999999974
[250, 300, 100],2,45.953278999999974
[250, 300, 150],0,39.27030999999998
[250, 300, 150],1,42.17030999999998
[250, 300, 150],2,41.17030999999998
[250, 300, 200],0,33.95589999999998
[250, 300, 200],1,36.855899999999984
[250, 300, 200],2,35.855899999999984
[250, 300, 250],0,28.050999999999988
[250, 300, 250],1,30.950999999999986
[250, 300, 250],2,29.950999999999986
[250, 300, 300],0,21.48999999999999
[250, 300, 300],1,24.38999999999999
[250, 300, 300],2,23.38999999999999
[250, 300, 350],0,14.199999999999998
[250, 300, 350],1,17.099999999999994
[250, 300, 350],2,16.099999999999994
[250, 300, 400],0,6.999999999999999
[250, 300, 400],1,8.999999999999998
[250, 300, 400],2,7.999999999999999
[250, 350, 0],0,49.522155989999966
[250, 350, 0],1,54.132155989999966
[250, 350, 0],2,52.23215598999997
[250, 350, 50],0,45.64795109999997
[250, 350, 50],1,50.25795109999997
[250, 350, 50],2,48.35795109999997
[250, 350, 100],0,41.343278999999974
[250, 350, 100],1,45.953278999999974
[250, 350, 100],2,44.053278999999975
[250, 350, 150],0,36.56030999999997
[250, 350, 150],1,41.17030999999998
[250, 350, 150],2,39.27030999999998
[250, 350, 200],0,31.245899999999985
[250, 350, 200],1,35.855899999999984
[250, 350, 200],2,33.95589999999998
[250, 350, 250],0,25.34099999999999
[250, 350, 250],1,29.950999999999986
[250, 350, 250],2,28.050999999999988
[250, 350, 300],0,18.779999999999994
[250, 350, 300],1,23.38999999999999
[250, 350, 300],2,21.48999999999999
[250, 350, 350],0,12.299999999999997
[250, 350, 350],1,16.099999999999994
[250, 350, 350],2,14.199999999999998
[250, 350, 400],0,5.999999999999999
[250, 350, 400],1,7.999999999999999
[250, 350, 400],2,6.999999999999999
[250, 400, 0],0,46.083155989999966
[250, 400, 0],1,52.23215598999997
[250, 400, 0],2,49.522155989999966
[250, 400, 50],0,42.20895109999997
[250, 400, 50],1,48.35795109999997
[250, 400, 50],2,45.64795109999997
[250, 400, 100],0,37.90427899999997
[250, 400, 100],1,44.053278999999975
[250, 400, 100],2,41.343278999999974
[250, 400, 150],0,33.12130999999998
[250, 400, 150],1,39.27030999999998
[250, 400, 150],2,36.56030999999997
[250, 400, 200],0,27.806899999999988
[250, 400, 200],1,33.95589999999998
[250, 400, 200],2,31.245899999999985
[250, 400, 250],0,21.90199999999999
[250, 400, 250],1,28.050999999999988
[250, 400, 250],2,25.34099999999999
[250, 400, 300],0,16.069999999999997
[250, 400, 300],1,21.48999999999999
[250, 400, 300],2,18.779999999999994
[250, 400, 350],0,10.399999999999997
[250, 400, 350],1,14.199999999999998
[250, 400, 350],2,12.299999999999997
[250, 400, 400],0,4.999999999999999
[250, 400, 400],1,6.999999999999999
[250, 400, 400],2,5.999999999999999
[250, 450, 0],0,41.98805598999997
[250, 450, 0],1,49.522155989999966
[250, 450, 0],2,46.083155989999966
[250, 450, 50],0,38.11385109999996
[250, 450, 50],1,45.64795109999997
[250, 450, 50],2,42.20895109999997
[250, 450, 100],0,33.80917899999998
[250, 450, 100],1,41.343278999999974
[250, 450, 100],2,37.90427899999997
[250, 450, 150],0,29.026209999999985
[250, 450, 150],1,36.56030999999997
[250, 450, 150],2,33.12130999999998
[250, 450, 200],0,23.71179999999999
[250, 450, 200],1,31.245899999999985
[250, 450, 200],2,27.806899999999988
[250, 450, 250],0,18.462999999999994
[250, 450, 250],1,25.34099999999999
[250, 450, 250],2,21.90199999999999
[250, 450, 300],0,13.359999999999996
[250, 450, 300],1,18.779999999999994
[250, 450, 300],2,16.069999999999997
[250, 450, 350],0,8.499999999999998
[250, 450, 350],1,12.299999999999997
[250, 450, 350],2,10.399999999999997
[250, 450, 400],0,3.9999999999999996
[250, 450, 400],1,5.999999999999999
[250, 450, 400],2,4.999999999999999
[300, 0, 0],0,41.98805598999997
[300, 0, 0],1,32.085434989999975
[300, 0, 0],2,37.30246598999996
[300, 0, 50],0,38.11385109999996
[300, 0, 50],1,28.211230099999984
[300, 0, 50],2,33.42826109999998
[300, 0, 100],0,33.80917899999998
[300, 0, 100],1,23.906557999999986
[300, 0, 100],2,29.123588999999985
[300, 0, 150],0,29.026209999999985
[300, 0, 150],1,19.65502999999999
[300, 0, 150],2,24.340619999999987
[300, 0, 200],0,23.71179999999999
[300, 0, 200],1,15.521599999999994
[300, 0, 200],2,19.61669999999999
[300, 0, 250],0,18.462999999999994
[300, 0, 250],1,11.584999999999996
[300, 0, 250],2,15.023999999999996
[300, 0, 300],0,13.359999999999996
[300, 0, 300],1,7.939999999999998
[300, 0, 300],2,10.649999999999997
[300, 0, 350],0,8.499999999999998
[300, 0, 350],1,4.699999999999998
[300, 0, 350],2,6.599999999999999
[300, 0, 400],0,3.9999999999999996
[300, 0, 400],1,1.9999999999999998
[300, 0, 400],2,2.9999999999999996
[300, 50, 0],0,46.083155989999966
[300, 50, 0],1,37.30246598999996
[300, 50, 0],2,41.98805598999997
[300, 50, 50],0,42.20895109999997
[300, 50, 50],1,33.42826109999998
[300, 50, 50],2,38.11385109999996
[300, 50, 100],0,37.90427899999997
[300, 50, 100],1,29.123588999999985
[300, 50, 100],2,33.80917899999998
[300, 50, 150],0,33.12130999999998
[300, 50, 150],1,24.340619999999987
[300, 50, 150],2,29.026209999999985
[300, 50, 200],0,27.806899999999988
[300, 50, 200],1,19.61669999999999
[300, 50, 200],2,23.71179999999999
[300, 50, 250],0,21.90199999999999
[300, 50, 250],1,15.023999999999996
[300, 50, 250],2,18.462999999999994
[300, 50, 300],0,16.069999999999997
[300, 50, 300],1,10.649999999999997
[300, 50, 300],2,13.359999999999996
[300, 50, 350],0,10.399999999999997
[300, 50, 350],1,6.599999999999999
[300, 50, 350],2,8.499999999999998
[300, 50, 400],0,4.999999999999999
[300, 50, 400],1,2.9999999999999996
[300, 50, 400],2,3.9999999999999996
[300, 100, 0],0,49.522155989999966
[300, 100, 0],1,41.98805598999997
[300, 100, 0],2,46.083155989999966
[300, 100, 50],0,45.64795109999997
[300, 100, 50],1,38.11385109999996
[300, 100, 50],2,42.20895109999997
[300, 100, 100],0,41.343278999999974
[300, 100, 100],1,33.80917899999998
[300, 100, 100],2,37.90427899999997
[300, 100, 150],0,36.56030999999997
[300, 100, 150],1,29.026209999999985
[300, 100, 150],2,33.12130999999998
[300, 100, 200],0,31.245899999999985
[300, 100, 200],1,23.71179999999999
[300, 100, 200],2,27.806899999999988
[300, 100, 250],0,25.34099999999999
[300, 100, 250],1,18.462999999999994
[300, 100, 250],2,21.90199999999999
[300, 100, 300],0,18.779999999999994
[300, 100, 300],1,13.359999999999996
[300, 100, 300],2,16.069999999999997
[300, 100, 350],0,12.299999999999997
[300, 100, 350],1,8.499999999999998
[300, 100, 350],2,10.399999999999997
[300, 100, 400],0,5.999999999999999
[300, 100, 400],1,3.9999999999999996
[300, 100, 400],2,4.999999999999999
[300, 150, 0],0,52.23215598999997
[300, 150, 0],1,46.083155989999966
[300, 150, 0],2,49.522155989999966
[300, 150, 50],0,48.35795109999997
[300, 150, 50],1,42.20895109999997
[300, 150, 50],2,45.64795109999997
[300, 150, 100],0,44.053278999999975
[300, 150, 100],1,37.90427899999997
[300, 150, 100],2,41.343278999999974
[300, 150, 150],0,39.27030999999998
[300, 150, 150],1,33.12130999999998
[300, 150, 150],2,36.56030999999997
[300, 150, 200],0,33.95589999999998
[300, 150, 200],1,27.806899999999988
[300, 150, 200],2,31.245899999999985
[300, 150, 250],0,28.050999999999988
[300, 150, 250],1,21.90199999999999
[300, 150, 250],2,25.34099999999999
[300, 150, 300],0,21.48999999999999
[300, 150, 300],1,16.069999999999997
[300, 150, 300],2,18.779999999999994
[300, 150, 350],0,14.199999999999998
[300, 150, 350],1,10.399999999999997
[300, 150, 350],2,12.299999999999997
[300, 150, 400],0,6.999999999999999
[300, 150, 400],1,4.999999999999999
[300, 150, 400],2,5.999999999999999
[300, 200, 0],0,54.132155989999966
[300, 200, 0],1,49.522155989999966
[300, 200, 0],2,52.23215598999997
[300, 200, 50],0,50.25795109999997
[300, 200, 50],1,45.64795109999997
[300, 200, 50],2,48.35795109999997
[300, 200, 100],0,45.953278999999974
[300, 200, 100],1,41.343278999999974
[300, 200, 100],2,44.053278999999975
[300, 200, 150],0,41.17030999999998
[300, 200, 150],1,36.56030999999997
[300, 200, 150],2,39.27030999999998
[300, 200, 200],0,35.855899999999984
[300, 200, 200],1,31.245899999999985
[300, 200, 200],2,33.95589999999998
[300, 200, 250],0,29.950999999999986
[300, 200, 250],1,25.34099999999999
[300, 200, 250],2,28.050999999999988
[300, 200, 300],0,23.38999999999999
[300, 200, 300],1,18.779999999999994
[300, 200, 300],2,21.48999999999999
[300, 200, 350],0,16.099999999999994
[300, 200, 350],1,12.299999999999997
[300, 200, 350],2,14.199999999999998
[300, 200, 400],0,7.999999999999999
[300, 200, 400],1,5.999999999999999
[300, 200, 400],2,6.999999999999999
[300, 250, 0],0,55.132155989999966
[300, 250, 0],1,52.23215598999997
[300, 250, 0],2,54.132155989999966
[300, 250, 50],0,51.25795109999997
[300, 250, 50],1,48.35795109999997
[300, 250, 50],2,50.25795109999997
[300, 250, 100],0,46.953278999999974
[300, 250, 100],1,44.053278999999975
[300, 250, 100],2,45.953278999999974
[300, 250, 150],0,42.17030999999998
[300, 250, 150],1,39.27030999999998
[300, 250, 150],2,41.17030999999998
[300, 250, 200],0,36.855899999999984
[300, 250, 200],1,33.95589999999998
[300, 250, 200],2,35.855899999999984
[300, 250, 250],0,30.950999999999986
[300, 250, 250],1,28.050999999999988
[300, 250, 250],2,29.950999999999986
[300, 250, 300],0,24.38999999999999
[300, 250, 300],1,21.48999999999999
[300, 250, 300],2,23.38999999999999
[300, 250, 350],0,17.099999999999994
[300, 250, 350],1,14.199999999999998
[300, 250, 350],2,16.099999999999994
[300, 250, 400],0,8.999999999999998
[300, 250, 400],1,6.999999999999999
[300, 250, 400],2,7.999999999999999
[300, 300, 0],0,54.132155989999966
[300, 300, 0],1,54.132155989999966
[300, 300, 0],2,55.132155989999966
[300, 300, 50],0,50.25795109999997
[300, 300, 50],1,50.25795109999997
[300, 300, 50],2,51.25795109999997
[300, 300, 100],0,45.953278999999974
[300, 300, 100],1,45.953278999999974
[300, 300, 100],2,46.953278999999974
[300, 300, 150],0,41.17030999999998
[300, 300, 150],1,41.17030999999998
[300, 300, 150],2,42.17030999999998
[300, 300, 200],0,35.855899999999984
[300, 300, 200],1,35.855899999999984
[300, 300, 200],2,36.855899999999984
[300, 300, 250],0,29.950999999999986
[300, 300, 250],1,29.950999999999986
[300, 300, 250],2,30.950999999999986
[300, 300, 300],0,23.38999999999999
[300, 300, 300],1,23.38999999999999
[300, 300, 300],2,24.38999999999999
[300, 300, 350],0,16.099999999999994
[300, 300, 350],1,16.099999999999994
[300, 300, 350],2,17.099999999999994
[300, 300, 400],0,7.999999999999999
[300, 300, 400],1,7.999999999999999
[300, 300, 400],2,8.999999999999998
[300, 350, 0],0,52.23215598999997
[300, 350, 0],1,55.132155989999966
[300, 350, 0],2,54.132155989999966
[300, 350, 50],0,48.35795109999997
[300, 350, 50],1,51.25795109999997
[300, 350, 50],2,50.25795109999997
[300, 350, 100],0,44.053278999999975
[300, 350, 100],1,46.953278999999974
[300, 350, 100],2,45.953278999999974
[300, 350, 150],0,39.27030999999998
[300, 350, 150],1,42.17030999999998
[300, 350, 150],2,41.17030999999998
[300, 350, 200],0,33.95589999999998
[300, 350, 200],1,36.855899999999984
[300, 350, 200],2,35.855899999999984
[300, 350, 250],0,28.050999999999988
[300, 350, 250],1,30.950999999999986
[300, 350, 250],2,29.950999999999986
[300, 350, 300],0,21.48999999999999
[300, 350, 300],1,24.38999999999999
[300, 350, 300],2,23.38999999999999
[300, 350, 350],0,14.199999999999998
[300, 350, 350],1,17.099999999999994
[300, 350, 350],2,16.099999999999994
[300, 350, 400],0,6.999999999999999
[300, 350, 400],1,8.999999999999998
[300, 350, 400],2,7.999999999999999
[300, 400, 0],0,49.522155989999966
[300, 400, 0],1,54.132155989999966
[300, 400, 0],2,52.23215598999997
[300, 400, 50],0,45.64795109999997
[300, 400, 50],1,50.25795109999997
[300, 400, 50],2,48.35795109999997
[300, 400, 100],0,41.343278999999974
[300, 400, 100],1,45.953278999999974
[300, 400, 100],2,44.053278999999975
[300, 400, 150],0,36.56030999999997
[300, 400, 150],1,41.17030999999998
[300, 400, 150],2,39.27030999999998
[300, 400, 200],0,31.245899999999985
[300, 400, 200],1,35.855899999999984
[300, 400, 200],2,33.95589999999998
[300, 400, 250],0,25.34099999999999
[300, 400, 250],1,29.950999999999986
[300, 400, 250],2,28.050999999999988
[300, 400, 300],0,18.779999999999994
[300, 400, 300],1,23.38999999999999
[300, 400, 300],2,21.48999999999999
[300, 400, 350],0,12.299999999999997
[300, 400, 350],1,16.099999999999994
[300, 400, 350],2,14.199999999999998
[300, 400, 400],0,5.999999999999999
[300, 400, 400],1,7.999999999999999
[300, 400, 400],2,6.999999999999999
[300, 450, 0],0,46.083155989999966
[300, 450, 0],1,52.23215598999997
[300, 450, 0],2,49.522155989999966
[300, 450, 50],0,42.20895109999997
[300, 450, 50],1,48.35795109999997
[300, 450, 50],2,45.64795109999997
[300, 450, 100],0,37.90427899999997
[300, 450, 100],1,44.053278999999975
[300, 450, 100],2,41.343278999999974
[300, 450, 150],0,33.12130999999998
[300, 450, 150],1,39.27030999999998
[300, 450, 150],2,36.56030999999997
[300, 450, 200],0,27.806899999999988
[300, 450, 200],1,33.95589999999998
[300, 450, 200],2,31.245899999999985
[300, 450, 250],0,21.90199999999999
[300, 450, 250],1,28.050999999999988
[300, 450, 250],2,25.34099999999999
[300, 450, 300],0,16.069999999999997
[300, 450, 300],1,21.48999999999999
[300, 450, 300],2,18.779999999999994
[300, 450, 350],0,10.399999999999997
[300, 450, 350],1,14.199999999999998
[300, 450, 350],2,12.299999999999997
[300, 450, 400],0,4.999999999999999
[300, 450, 400],1,6.999999999999999
[300, 450, 400],2,5.999999999999999
[350, 0, 0],0,37.30246598999996
[350, 0, 0],1,26.390107089999983
[350, 0, 0],2,32.085434989999975
[350, 0, 50],0,33.42826109999998
[350, 0, 50],1,22.515902199999985
[350, 0, 50],2,28.211230099999984
[350, 0, 100],0,29.123588999999985
[350, 0, 100],1,18.689526999999988
[350, 0, 100],2,23.906557999999986
[350, 0, 150],0,24.340619999999987
[350, 0, 150],1,14.969439999999993
[350, 0, 150],2,19.65502999999999
[350, 0, 200],0,19.61669999999999
[350, 0, 200],1,11.426499999999994
[350, 0, 200],2,15.521599999999994
[350, 0, 250],0,15.023999999999996
[350, 0, 250],1,8.145999999999995
[350, 0, 250],2,11.584999999999996
[350, 0, 300],0,10.649999999999997
[350, 0, 300],1,5.229999999999998
[350, 0, 300],2,7.939999999999998
[350, 0, 350],0,6.599999999999999
[350, 0, 350],1,2.7999999999999994
[350, 0, 350],2,4.699999999999998
[350, 0, 400],0,2.9999999999999996
[350, 0, 400],1,0.9999999999999999
[350, 0, 400],2,1.9999999999999998
[350, 50, 0],0,41.98805598999997
[350, 50, 0],1,32.085434989999975
[350, 50, 0],2,37.30246598999996
[350, 50, 50],0,38.11385109999996
[350, 50, 50],1,28.211230099999984
[350, 50, 50],2,33.42826109999998
[350, 50, 100],0,33.80917899999998
[350, 50, 100],1,23.906557999999986
[350, 50, 100],2,29.123588999999985
[350, 50, 150],0,29.026209999999985
[350, 50, 150],1,19.65502999999999
[350, 50, 150],2,24.340619999999987
[350, 50, 200],0,23.71179999999999
[350, 50, 200],1,15.521599999999994
[350, 50, 200],2,19.61669999999999
[350, 50, 250],0,18.462999999999994
[350, 50, 250],1,11.584999999999996
[350, 50, 250],2,15.023999999999996
[350, 50, 300],0,13.359999999999996
[350, 50, 300],1,7.939999999999998
[350, 50, 300],2,10.649999999999997
[350, 50, 350],0,8.499999999999998
[350, 50, 350],1,4.699999999999998
[350, 50, 350],2,6.599999999999999
[350, 50, 400],0,3.9999999999999996
[350, 50, 400],1,1.9999999999999998
[350, 50, 400],2,2.9999999999999996
[350, 100, 0],0,46.083155989999966
[350, 100, 0],1,37.30246598999996
[350, 100, 0],2,41.98805598999997
[350, 100, 50],0,42.20895109999997
[350, 100, 50],1,33.42826109999998
[350, 100, 50],2,38.11385109999996
[350, 100, 100],0,37.90427899999997
[350, 100, 100],1,29.123588999999985
[350, 100, 100],2,33.80917899999998
[350, 100, 150],0,33.12130999999998
[350, 100, 150],1,24.340619999999987
[350, 100, 150],2,29.026209999999985
[350, 100, 200],0,27.806899999999988
[350, 100, 200],1,19.61669999999999
[350, 100, 200],2,23.71179999999999
[350, 100, 250],0,21.90199999999999
[350, 100, 250],1,15.023999999999996
[350, 100, 250],2,18.462999999999994
[350, 100, 300],0,16.069999999999997
[350, 100, 300],1,10.649999999999997
[350, 100, 300],2,13.359999999999996
[350, 100, 350],0,10.399999999999997
[350, 100, 350],1,6.599999999999999
[350, 100, 350],2,8.499999999999998
[350, 100, 400],0,4.999999999999999
[350, 100, 400],1,2.9999999999999996
[350, 100, 400],2,3.9999999999999996
[350, 150, 0],0,49.522155989999966
[350, 150, 0],1,41.98805598999997
[350, 150, 0],2,46.083155989999966
[350, 150, 50],0,45.64795109999997
[350, 150, 50],1,38.11385109999996
[350, 150, 50],2,42.20895109999997
[350, 150, 100],0,41.343278999999974
[350, 150, 100],1,33.80917899999998
[350, 150, 100],2,37.90427899999997
[350, 150, 150],0,36.56030999999997
[350, 150, 150],1,29.026209999999985
[350, 150, 150],2,33.12130999999998
[350, 150, 200],0,31.245899999999985
[350, 150, 200],1,23.71179999999999
[350, 150, 200],2,27.806899999999988
[350, 150, 250],0,25.34099999999999
[350, 150, 250],1,18.462999999999994
[350, 150, 250],2,21.90199999999999
[350, 150, 300],0,18.779999999999994
[350, 150, 300],1,13.359999999999996
[350, 150, 300],2,16.069999999999997
[350, 150, 350],0,12.299999999999997
[350, 150, 350],1,8.499999999999998
[350, 150, 350],2,10.399999999999997
[350, 150, 400],0,5.999999999999999
[350, 150, 400],1,3.9999999999999996
[350, 150, 400],2,4.999999999999999
[350, 200, 0],0,52.23215598999997
[350, 200, 0],1,46.083155989999966
[350, 200, 0],2,49.522155989999966
[350, 200, 50],0,48.35795109999997
[350, 200, 50],1,42.20895109999997
[350, 200, 50],2,45.64795109999997
[350, 200, 100],0,44.053278999999975
[350, 200, 100],1,37.90427899999997
[350, 200, 100],2,41.343278999999974
[350, 200, 150],0,39.27030999999998
[350, 200, 150],1,33.12130999999998
[350, 200, 150],2,36.56030999999997
[350, 200, 200],0,33.95589999999998
[350, 200, 200],1,27.806899999999988
[350, 200, 200],2,31.245899999999985
[350, 200, 250],0,28.050999999999988
[350, 200, 250],1,21.90199999999999
[350, 200, 250],2,25.34099999999999
[350, 200, 300],0,21.48999999999999
[350, 200, 300],1,16.069999999999997
[350, 200, 300],2,18.779999999999994
[350, 200, 350],0,14.199999999999998
[350, 200, 350],1,10.399999999999997
[350, 200, 350],2,12.299999999999997
[350, 200, 400],0,6.999999999999999
[350, 200, 400],1,4.999999999999999
[350, 200, 400],2,5.999999999999999
[350, 250, 0],0,54.132155989999966
[350, 250, 0],1,49.522155989999966
[350, 250, 0],2,52.23215598999997
[350, 250, 50],0,50.25795109999997
[350, 250, 50],1,45.64795109999997
[350, 250, 50],2,48.35795109999997
[350, 250, 100],0,45.953278999999974
[350, 250, 100],1,41.343278999999974
[350, 250, 100],2,44.053278999999975
[350, 250, 150],0,41.17030999999998
[350, 250, 150],1,36.56030999999997
[350, 250, 150],2,39.27030999999998
[350, 250, 200],0,35.855899999999984
[350, 250, 200],1,31.245899999999985
[350, 250, 200],2,33.95589999999998
[350, 250, 250],0,29.950999999999986
[350, 250, 250],1,25.34099999999999
[350, 250, 250],2,28.050999999999988
[350, 250, 300],0,23.38999999999999
[350, 250, 300],1,18.779999999999994
[350, 250, 300],2,21.48999999999999
[350, 250, 350],0,16.099999999999994
[350, 250, 350],1,12.299999999999997
[350, 250, 350],2,14.199999999999998
[350, 250, 400],0,7.999999999999999
[350, 250, 400],1,5.999999999999999
[350, 250, 400],2,6.999999999999999
[350, 300, 0],0,55.132155989999966
[350, 300, 0],1,52.23215598999997
[350, 300, 0],2,54.132155989999966
[350, 300, 50],0,51.25795109999997
[350, 300, 50],1,48.35795109999997
[350, 300, 50],2,50.25795109999997
[350, 300, 100],0,46.953278999999974
[350, 300, 100],1,44.053278999999975
[350, 300, 100],2,45.953278999999974
[350, 300, 150],0,42.17030999999998
[350, 300, 150],1,39.27030999999998
[350, 300, 150],2,41.17030999999998
[350, 300, 200],0,36.855899999999984
[350, 300, 200],1,33.95589999999998
[350, 300, 200],2,35.855899999999984
[350, 300, 250],0,30.950999999999986
[350, 300, 250],1,28.050999999999988
[350, 300, 250],2,29.950999999999986
[350, 300, 300],0,24.38999999999999
[350, 300, 300],1,21.48999999999999
[350, 300, 300],2,23.38999999999999
[350, 300, 350],0,17.099999999999994
[350, 300, 350],1,14.199999999999998
[350, 300, 350],2,16.099999999999994
[350, 300, 400],0,8.999999999999998
[350, 300, 400],1,6.999999999999999
[350, 300, 400],2,7.999999999999999
[350, 350, 0],0,54.132155989999966
[350, 350, 0],1,54.132155989999966
[350, 350, 0],2,55.132155989999966
[350, 350, 50],0,50.25795109999997
[350, 350, 50],1,50.25795109999997
[350, 350, 50],2,51.25795109999997
[350, 350, 100],0,45.953278999999974
[350, 350, 100],1,45.953278999999974
[350, 350, 100],2,46.953278999999974
[350, 350, 150],0,41.17030999999998
[350, 350, 150],1,41.17030999999998
[350, 350, 150],2,42.17030999999998
[350, 350, 200],0,35.855899999999984
[350, 350, 200],1,35.855899999999984
[350, 350, 200],2,36.855899999999984
[350, 350, 250],0,29.950999999999986
[350, 350, 250],1,29.950999999999986
[350, 350, 250],2,30.950999999999986
[350, 350, 300],0,23.38999999999999
[350, 350, 300],1,23.38999999999999
[350, 350, 300],2,24.38999999999999
[350, 350, 350],0,16.099999999999994
[350, 350, 350],1,16.099999999999994
[350, 350, 350],2,17.099999999999994
[350, 350, 400],0,7.999999999999999
[350, 350, 400],1,7.999999999999999
[350, 350, 400],2,8.999999999999998
[350, 400, 0],0,52.23215598999997
[350, 400, 0],1,55.132155989999966
[350, 400, 0],2,54.132155989999966
[350, 400, 50],0,48.35795109999997
[350, 400, 50],1,51.25795109999997
[350, 400, 50],2,50.25795109999997
[350, 400, 100],0,44.053278999999975
[350, 400, 100],1,46.953278999999974
[350, 400, 100],2,45.953278999999974
[350, 400, 150],0,39.27030999999998
[350, 400, 150],1,42.17030999999998
[350, 400, 150],2,41.17030999999998
[350, 400, 200],0,33.95589999999998
[350, 400, 200],1,36.855899999999984
[350, 400, 200],2,35.855899999999984
[350, 400, 250],0,28.050999999999988
[350, 400, 250],1,30.950999999999986
[350, 400, 250],2,29.950999999999986
[350, 400, 300],0,21.48999999999999
[350, 400, 300],1,24.38999999999999
[350, 400, 300],2,23.38999999999999
[350, 400, 350],0,14.199999999999998
[350, 400, 350],1,17.099999999999994
[350, 400, 350],2,16.099999999999994
[350, 400, 400],0,6.999999999999999
[350, 400, 400],1,8.999999999999998
[350, 400, 400],2,7.999999999999999
[350, 450, 0],0,49.522155989999966
[350, 450, 0],1,54.132155989999966
[350, 450, 0],2,52.23215598999997
[350, 450, 50],0,45.64795109999997
[350, 450, 50],1,50.25795109999997
[350, 450, 50],2,48.35795109999997
[350, 450, 100],0,41.343278999999974
[350, 450, 100],1,45.953278999999974
[350, 450, 100],2,44.053278999999975
[350, 450, 150],0,36.56030999999997
[350, 450, 150],1,41.17030999999998
[350, 450, 150],2,39.27030999999998
[350, 450, 200],0,31.245899999999985
[350, 450, 200],1,35.855899999999984
[350, 450, 200],2,33.95589999999998
[350, 450, 250],0,25.34099999999999
[350, 450, 250],1,29.950999999999986
[350, 450, 250],2,28.050999999999988
[350, 450, 300],0,18.779999999999994
[350, 450, 300],1,23.38999999999999
[350, 450, 300],2,21.48999999999999
[350, 450, 350],0,12.299999999999997
[350, 450, 350],1,16.099999999999994
[350, 450, 350],2,14.199999999999998
[350, 450, 400],0,5.999999999999999
[350, 450, 400],1,7.999999999999999
[350, 450, 400],2,6.999999999999999
[400, 0, 0],0,32.085434989999975
[400, 0, 0],1,20.264311979999984
[400, 0, 0],2,26.390107089999983
[400, 0, 50],0,28.211230099999984
[400, 0, 50],1,16.820574299999986
[400, 0, 50],2,22.515902199999985
[400, 0, 100],0,23.906557999999986
[400, 0, 100],1,13.472495999999992
[400, 0, 100],2,18.689526999999988
[400, 0, 150],0,19.65502999999999
[400, 0, 150],1,10.283849999999992
[400, 0, 150],2,14.969439999999993
[400, 0, 200],0,15.521599999999994
[400, 0, 200],1,7.331399999999995
[400, 0, 200],2,11.426499999999994
[400, 0, 250],0,11.584999999999996
[400, 0, 250],1,4.706999999999997
[400, 0, 250],2,8.145999999999995
[400, 0, 300],0,7.939999999999998
[400, 0, 300],1,2.519999999999999
[400, 0, 300],2,5.229999999999995
[400, 0, 350],0,4.699999999999998
[400, 0, 350],1,0.8999999999999998
[400, 0, 350],2,2.7999999999999994
[400, 0, 400],0,1.9999999999999998
[400, 0, 400],1,0.0
[400, 0, 400],2,0.9999999999999999
[400, 50, 0],0,37.30246598999996
[400, 50, 0],1,26.390107089999983
[400, 50, 0],2,32.085434989999975
[400, 50, 50],0,33.42826109999998
[400, 50, 50],1,22.515902199999985
[400, 50, 50],2,28.211230099999984
[400, 50, 100],0,29.123588999999985
[400, 50, 100],1,18.689526999999988
[400, 50, 100],2,23.906557999999986
[400, 50, 150],0,24.340619999999987
[400, 50, 150],1,14.969439999999993
[400, 50, 150],2,19.65502999999999
[400, 50, 200],0,19.61669999999999
[400, 50, 200],1,11.426499999999994
[400, 50, 200],2,15.521599999999994
[400, 50, 250],0,15.023999999999996
[400, 50, 250],1,8.145999999999995
[400, 50, 250],2,11.584999999999996
[400, 50, 300],0,10.649999999999997
[400, 50, 300],1,5.229999999999998
[400, 50, 300],2,7.939999999999998
[400, 50, 350],0,6.599999999999999
[400, 50, 350],1,2.7999999999999994
[400, 50, 350],2,4.699999999999998
[400, 50, 400],0,2.9999999999999996
[400, 50, 400],1,0.9999999999999999
[400, 50, 400],2,1.9999999999999998
[400, 100, 0],0,41.98805598999997
[400, 100, 0],1,32.085434989999975
[400, 100, 0],2,37.30246598999996
[400, 100, 50],0,38.11385109999996
[400, 100, 50],1,28.211230099999984
[400, 100, 50],2,33.42826109999998
[400, 100, 100],0,33.80917899999998
[400, 100, 100],1,23.906557999999986
[400, 100, 100],2,29.123588999999985
[400, 100, 150],0,29.026209999999985
[400, 100, 150],1,19.65502999999999
[400, 100, 150],2,24.340619999999987
[400, 100, 200],0,23.71179999999999
[400, 100, 200],1,15.521599999999994
[400, 100, 200],2,19.61669999999999
[400, 100, 250],0,18.462999999999994
[400, 100, 250],1,11.584999999999996
[400, 100, 250],2,15.023999999999996
[400, 100, 300],0,13.359999999999996
[400, 100, 300],1,7.939999999999998
[400, 100, 300],2,10.649999999999997
[400, 100, 350],0,8.499999999999998
[400, 100, 350],1,4.699999999999998
[400, 100, 350],2,6.599999999999999
[400, 100, 400],0,3.9999999999999996
[400, 100, 400],1,1.9999999999999998
[400, 100, 400],2,2.9999999999999996
[400, 150, 0],0,46.083155989999966
[400, 150, 0],1,37.30246598999996
[400, 150, 0],2,41.98805598999997
[400, 150, 50],0,42.20895109999997
[400, 150, 50],1,33.42826109999998
[400, 150, 50],2,38.11385109999996
[400, 150, 100],0,37.90427899999997
[400, 150, 100],1,29.123588999999985
[400, 150, 100],2,33.80917899999998
[400, 150, 150],0,33.12130999999998
[400, 150, 150],1,24.340619999999987
[400, 150, 150],2,29.026209999999985
[400, 150, 200],0,27.806899999999988
[400, 150, 200],1,19.61669999999999
[400, 150, 200],2,23.71179999999999
[400, 150, 250],0,21.90199999999999
[400, 150, 250],1,15.023999999999996
[400, 150, 250],2,18.462999999999994
[400, 150, 300],0,16.069999999999997
[400, 150, 300],1,10.649999999999997
[400, 150, 300],2,13.359999999999996
[400, 150, 350],0,10.399999999999997
[400, 150, 350],1,6.599999999999999
[400, 150, 350],2,8.499999999999998
[400, 150, 400],0,4.999999999999999
[400, 150, 400],1,2.9999999999999996
[400, 150, 400],2,3.9999999999999996
[400, 200, 0],0,49.522155989999966
[400, 200, 0],1,41.98805598999997
[400, 200, 0],2,46.083155989999966
[400, 200, 50],0,45.64795109999997
[400, 200, 50],1,38.11385109999996
[400, 200, 50],2,42.20895109999997
[400, 200, 100],0,41.343278999999974
[400, 200, 100],1,33.80917899999998
[400, 200, 100],2,37.90427899999997
[400, 200, 150],0,36.56030999999997
[400, 200, 150],1,29.026209999999985
[400, 200, 150],2,33.12130999999998
[400, 200, 200],0,31.245899999999985
[400, 200, 200],1,23.71179999999999
[400, 200, 200],2,27.806899999999988
[400, 200, 250],0,25.34099999999999
[400, 200, 250],1,18.462999999999994
[400, 200, 250],2,21.90199999999999
[400, 200, 300],0,18.779999999999994
[400, 200, 300],1,13.359999999999996
[400, 200, 300],2,16.069999999999997
[400, 200, 350],0,12.299999999999997
[400, 200, 350],1,8.499999999999998
[400, 200, 350],2,10.399999999999997
[400, 200, 400],0,5.999999999999999
[400, 200, 400],1,3.9999999999999996
[400, 200, 400],2,4.999999999999999
[400, 250, 0],0,52.23215598999997
[400, 250, 0],1,46.083155989999966
[400, 250, 0],2,49.522155989999966
[400, 250, 50],0,48.35795109999997
[400, 250, 50],1,42.20895109999997
[400, 250, 50],2,45.64795109999997
[400, 250, 100],0,44.053278999999975
[400, 250, 100],1,37.90427899999997
[400, 250, 100],2,41.343278999999974
[400, 250, 150],0,39.27030999999998
[400, 250, 150],1,33.12130999999998
[400, 250, 150],2,36.56030999999997
[400, 250, 200],0,33.95589999999998
[400, 250, 200],1,27.806899999999988
[400, 250, 200],2,31.245899999999985
[400, 250, 250],0,28.050999999999988
[400, 250, 250],1,21.90199999999999
[400, 250, 250],2,25.34099999999999
[400, 250, 300],0,21.48999999999999
[400, 250, 300],1,16.069999999999997
[400, 250, 300],2,18.779999999999994
[400, 250, 350],0,14.199999999999998
[400, 250, 350],1,10.399999999999997
[400, 250, 350],2,12.299999999999997
[400, 250, 400],0,6.999999999999999
[400, 250, 400],1,4.999999999999999
[400, 250, 400],2,5.999999999999999
[400, 300, 0],0,54.132155989999966
[400, 300, 0],1,49.522155989999966
[400, 300, 0],2,52.23215598999997
[400, 300, 50],0,50.25795109999997
[400, 300, 50],1,45.64795109999997
[400, 300, 50],2,48.35795109999997
[400, 300, 100],0,45.953278999999974
[400, 300, 100],1,41.343278999999974
[400, 300, 100],2,44.053278999999975
[400, 300, 150],0,41.17030999999998
[400, 300, 150],1,36.56030999999997
[400, 300, 150],2,39.27030999999998
[400, 300, 200],0,35.855899999999984
[400, 300, 200],1,31.245899999999985
[400, 300, 200],2,33.95589999999998
[400, 300, 250],0,29.950999999999986
[400, 300, 250],1,25.34099999999999
[400, 300, 250],2,28.050999999999988
[400, 300, 300],0,23.38999999999999
[400, 300, 300],1,18.779999999999994
[400, 300, 300],2,21.48999999999999
[400, 300, 350],0,16.099999999999994
[400, 300, 350],1,12.299999999999997
[400, 300, 350],2,14.199999999999998
[400, 300, 400],0,7.999999999999999
[400, 300, 400],1,5.999999999999999
[400, 300, 400],2,6.999999999999999
[400, 350, 0],0,55.132155989999966
[400, 350, 0],1,52.23215598999997
[400, 350, 0],2,54.132155989999966
[400, 350, 50],0,51.25795109999997
[400, 350, 50],1,48.35795109999997
[400, 350, 50],2,50.25795109999997
[400, 350, 100],0,46.953278999999974
[400, 350, 100],1,44.053278999999975
[400, 350, 100],2,45.953278999999974
[400, 350, 150],0,42.17030999999998
[400, 350, 150],1,39.27030999999998
[400, 350, 150],2,41.17030999999998
[400, 350, 200],0,36.855899999999984
[400, 350, 200],1,33.95589999999998
[400, 350, 200],2,35.855899999999984
[400, 350, 250],0,30.950999999999986
[400, 350, 250],1,28.050999999999988
[400, 350, 250],2,29.950999999999986
[400, 350, 300],0,24.38999999999999
[400, 350, 300],1,21.48999999999999
[400, 350, 300],2,23.38999999999999
[400, 350, 350],0,17.099999999999994
[400, 350, 350],1,14.199999999999998
[400, 350, 350],2,16.099999999999994
[400, 350, 400],0,8.999999999999998
[400, 350, 400],1,6.999999999999999
[400, 350, 400],2,7.999999999999999
[400, 400, 0],0,54.132155989999966
[400, 400, 0],1,54.132155989999966
[400, 400, 0],2,55.132155989999966
[400, 400, 50],0,50.25795109999997
[400, 400, 50],1,50.25795109999997
[400, 400, 50],2,51.25795109999997
[400, 400, 100],0,45.953278999999974
[400, 400, 100],1,45.953278999999974
[400, 400, 100],2,46.953278999999974
[400, 400, 150],0,41.17030999999998
[400, 400, 150],1,41.17030999999998
[400, 400, 150],2,42.17030999999998
[400, 400, 200],0,35.855899999999984
[400, 400, 200],1,35.855899999999984
[400, 400, 200],2,36.855899999999984
[400, 400, 250],0,29.950999999999986
[400, 400, 250],1,29.950999999999986
[400, 400, 250],2,30.950999999999986
[400, 400, 300],0,23.38999999999999
[400, 400, 300],1,23.38999999999999
[400, 400, 300],2,24.38999999999999
[400, 400, 350],0,16.099999999999994
[400, 400, 350],1,16.099999999999994
[400, 400, 350],2,17.099999999999994
[400, 400, 400],0,7.999999999999999
[400, 400, 400],1,7.999999999999999
[400, 400, 400],2,8.999999999999998
[400, 450, 0],0,52.23215598999997
[400, 450, 0],1,55.132155989999966
[400, 450, 0],2,54.132155989999966
[400, 450, 50],0,48.35795109999997
[400, 450, 50],1,51.25795109999997
[400, 450, 50],2,50.25795109999997
[400, 450, 100],0,44.053278999999975
[400, 450, 100],1,46.953278999999974
[400, 450, 100],2,45.953278999999974
[400, 450, 150],0,39.27030999999998
[400, 450, 150],1,42.17030999999998
[400, 450, 150],2,41.17030999999998
[400, 450, 200],0,33.95589999999998
[400, 450, 200],1,36.855899999999984
[400, 450, 200],2,35.855899999999984
[400, 450, 250],0,28.050999999999988
[400, 450, 250],1,30.950999999999986
[400, 450, 250],2,29.950999999999986
[400, 450, 300],0,21.48999999999999
[400, 450, 300],1,24.38999999999999
[400, 450, 300],2,23.38999999999999
[400, 450, 350],0,14.199999999999998
[400, 450, 350],1,17.099999999999994
[400, 450, 350],2,16.099999999999994
[400, 450, 400],0,6.999999999999999
[400, 450, 400],1,8.999999999999998
[400, 450, 400],2,7.999999999999999
[450, 0, 0],0,26.390107089999983
[450, 0, 0],1,20.264311979999984
[450, 0, 0],2,20.264311979999984
[450, 0, 50],0,22.515902199999985
[450, 0, 50],1,16.820574299999986
[450, 0, 50],2,16.820574299999986
[450, 0, 100],0,18.689526999999988
[450, 0, 100],1,13.472495999999992
[450, 0, 100],2,13.472495999999992
[450, 0, 150],0,14.969439999999993
[450, 0, 150],1,10.283849999999992
[450, 0, 150],2,10.283849999999992
[450, 0, 200],0,11.426499999999994
[450, 0, 200],1,7.331399999999957
[450, 0, 200],2,7.331399999999995
[450, 0, 250],0,8.145999999999995
[450, 0, 250],1,4.7069999999998196
[450, 0, 250],2,4.706999999999798
[450, 0, 300],0,5.229999999999998
[450, 0, 300],1,2.5199999999999836
[450, 0, 300],2,2.519999999999999
[450, 0, 350],0,2.7999999999999994
[450, 0, 350],1,0.8999999999999997
[450, 0, 350],2,0.8999999999999987
[450, 0, 400],0,0.9999999999999999
[450, 0, 400],1,0.0
[450, 0, 400],2,0.0
[450, 50, 0],0,32.085434989999975
[450, 50, 0],1,26.390107089999983
[450, 50, 0],2,26.390107089999983
[450, 50, 50],0,28.211230099999984
[450, 50, 50],1,22.515902199999985
[450, 50, 50],2,22.515902199999985
[450, 50, 100],0,23.906557999999986
[450, 50, 100],1,18.689526999999988
[450, 50, 100],2,18.689526999999988
[450, 50, 150],0,19.65502999999999
[450, 50, 150],1,14.969439999999993
[450, 50, 150],2,14.969439999999992
[450, 50, 200],0,15.521599999999994
[450, 50, 200],1,11.426499999999994
[450, 50, 200],2,11.426499999999994
[450, 50, 250],0,11.584999999999996
[450, 50, 250],1,8.145999999999992
[450, 50, 250],2,8.145999999999995
[450, 50, 300],0,7.939999999999998
[450, 50, 300],1,5.229999999999998
[450, 50, 300],2,5.229999999999998
[450, 50, 350],0,4.699999999999998
[450, 50, 350],1,2.7999999999999985
[450, 50, 350],2,2.7999999999999865
[450, 50, 400],0,1.9999999999999998
[450, 50, 400],1,0.9999999999999999
[450, 50, 400],2,0.9999999999999999
[450, 100, 0],0,37.30246598999996
[450, 100, 0],1,32.085434989999975
[450, 100, 0],2,32.085434989999975
[450, 100, 50],0,33.42826109999998
[450, 100, 50],1,28.211230099999984
[450, 100, 50],2,28.211230099999984
[450, 100, 100],0,29.123588999999985
[450, 100, 100],1,23.906557999999986
[450, 100, 100],2,23.906557999999986
[450, 100, 150],0,24.340619999999987
[450, 100, 150],1,19.65502999999999
[450, 100, 150],2,19.65502999999999
[450, 100, 200],0,19.61669999999999
[450, 100, 200],1,15.521599999999994
[450, 100, 200],2,15.521599999999994
[450, 100, 250],0,15.023999999999996
[450, 100, 250],1,11.584999999999996
[450, 100, 250],2,11.584999999999996
[450, 100, 300],0,10.649999999999997
[450, 100, 300],1,7.93999999999995
[450, 100, 300],2,7.939999999999995
[450, 100, 350],0,6.599999999999999
[450, 100, 350],1,4.699999999999998
[450, 100, 350],2,4.699999999999996
[450, 100, 400],0,2.9999999999999996
[450, 100, 400],1,1.9999999999999998
[450, 100, 400],2,1.9999999999999998
[450, 150, 0],0,41.98805598999997
[450, 150, 0],1,37.30246598999996
[450, 150, 0],2,37.30246598999996
[450, 150, 50],0,38.11385109999996
[450, 150, 50],1,33.42826109999998
[450, 150, 50],2,33.42826109999998
[450, 150, 100],0,33.80917899999998
[450, 150, 100],1,29.123588999999985
[450, 150, 100],2,29.123588999999985
[450, 150, 150],0,29.026209999999985
[450, 150, 150],1,24.340619999999987
[450, 150, 150],2,24.340619999999987
[450, 150, 200],0,23.71179999999999
[450, 150, 200],1,19.61669999999999
[450, 150, 200],2,19.616699999999987
[450, 150, 250],0,18.462999999999994
[450, 150, 250],1,15.023999999999983
[450, 150, 250],2,15.023999999999996
[450, 150, 300],0,13.359999999999996
[450, 150, 300],1,10.649999999999517
[450, 150, 300],2,10.649999999999993
[450, 150, 350],0,8.499999999999998
[450, 150, 350],1,6.599999999999999
[450, 150, 350],2,6.599999999999999
[450, 150, 400],0,3.9999999999999996
[450, 150, 400],1,2.9999999999999996
[450, 150, 400],2,2.9999999999999996
[450, 200, 0],0,46.083155989999966
[450, 200, 0],1,41.98805598999997
[450, 200, 0],2,41.98805598999997
[450, 200, 50],0,42.20895109999997
[450, 200, 50],1,38.11385109999996
[450, 200, 50],2,38.11385109999996
[450, 200, 100],0,37.90427899999997
[450, 200, 100],1,33.80917899999998
[450, 200, 100],2,33.80917899999998
[450, 200, 150],0,33.12130999999998
[450, 200, 150],1,29.026209999999985
[450, 200, 150],2,29.026209999999985
[450, 200, 200],0,27.806899999999988
[450, 200, 200],1,23.71179999999999
[450, 200, 200],2,23.71179999999999
[450, 200, 250],0,21.90199999999999
[450, 200, 250],1,18.462999999999994
[450, 200, 250],2,18.46299999999997
[450, 200, 300],0,16.069999999999997
[450, 200, 300],1,13.359999999999996
[450, 200, 300],2,13.359999999999996
[450, 200, 350],0,10.399999999999997
[450, 200, 350],1,8.499999999999995
[450, 200, 350],2,8.499999999999998
[450, 200, 400],0,4.999999999999999
[450, 200, 400],1,3.9999999999999996
[450, 200, 400],2,3.999999999999997
[450, 250, 0],0,49.522155989999966
[450, 250, 0],1,46.083155989999966
[450, 250, 0],2,46.083155989999966
[450, 250, 50],0,45.64795109999997
[450, 250, 50],1,42.20895109999997
[450, 250, 50],2,42.20895109999997
[450, 250, 100],0,41.343278999999974
[450, 250, 100],1,37.90427899999997
[450, 250, 100],2,37.90427899999997
[450, 250, 150],0,36.56030999999997
[450, 250, 150],1,33.12130999999995
[450, 250, 150],2,33.12130999999997
[450, 250, 200],0,31.245899999999985
[450, 250, 200],1,27.806899999999988
[450, 250, 200],2,27.806899999999988
[450, 250, 250],0,25.34099999999999
[450, 250, 250],1,21.90199999999999
[450, 250, 250],2,21.90199999999999
[450, 250, 300],0,18.779999999999994
[450, 250, 300],1,16.069999999999997
[450, 250, 300],2,16.069999999999997
[450, 250, 350],0,12.299999999999997
[450, 250, 350],1,10.399999999998444
[450, 250, 350],2,10.39999999999998
[450, 250, 400],0,5.999999999999999
[450, 250, 400],1,4.999999999999999
[450, 250, 400],2,4.999999999999999
[450, 300, 0],0,52.23215598999997
[450, 300, 0],1,49.522155989999966
[450, 300, 0],2,49.522155989999966
[450, 300, 50],0,48.35795109999997
[450, 300, 50],1,45.64795109999997
[450, 300, 50],2,45.64795109999997
[450, 300, 100],0,44.053278999999975
[450, 300, 100],1,41.343278999999974
[450, 300, 100],2,41.343278999999974
[450, 300, 150],0,39.27030999999998
[450, 300, 150],1,36.56030999999997
[450, 300, 150],2,36.56030999999997
[450, 300, 200],0,33.95589999999998
[450, 300, 200],1,31.245899999999985
[450, 300, 200],2,31.245899999999985
[450, 300, 250],0,28.050999999999988
[450, 300, 250],1,25.34099999999999
[450, 300, 250],2,25.340999999999816
[450, 300, 300],0,21.48999999999999
[450, 300, 300],1,18.779999999999994
[450, 300, 300],2,18.77999999999975
[450, 300, 350],0,14.199999999999998
[450, 300, 350],1,12.299999999999997
[450, 300, 350],2,12.299999999999995
[450, 300, 400],0,6.999999999999999
[450, 300, 400],1,5.9999999999999964
[450, 300, 400],2,5.999999999999999
[450, 350, 0],0,54.132155989999966
[450, 350, 0],1,52.23215598999997
[450, 350, 0],2,52.23215598999997
[450, 350, 50],0,50.25795109999997
[450, 350, 50],1,48.35795109999997
[450, 350, 50],2,48.35795109999997
[450, 350, 100],0,45.953278999999974
[450, 350, 100],1,44.053278999999975
[450, 350, 100],2,44.053278999999975
[450, 350, 150],0,41.17030999999998
[450, 350, 150],1,39.27030999999998
[450, 350, 150],2,39.27030999999998
[450, 350, 200],0,35.855899999999984
[450, 350, 200],1,33.95589999999998
[450, 350, 200],2,33.95589999999998
[450, 350, 250],0,29.950999999999986
[450, 350, 250],1,28.050999999999988
[450, 350, 250],2,28.050999999999988
[450, 350, 300],0,23.38999999999999
[450, 350, 300],1,21.48999999999999
[450, 350, 300],2,21.48999999999999
[450, 350, 350],0,16.099999999999994
[450, 350, 350],1,14.199999999999998
[450, 350, 350],2,14.199999999999998
[450, 350, 400],0,7.999999999999999
[450, 350, 400],1,6.999999999999999
[450, 350, 400],2,6.999999999999999
[450, 400, 0],0,55.132155989999966
[450, 400, 0],1,54.132155989999966
[450, 400, 0],2,54.132155989999966
[450, 400, 50],0,51.25795109999997
[450, 400, 50],1,50.25795109999997
[450, 400, 50],2,50.25795109999997
[450, 400, 100],0,46.953278999999974
[450, 400, 100],1,45.953278999999974
[450, 400, 100],2,45.953278999999974
[450, 400, 150],0,42.17030999999998
[450, 400, 150],1,41.17030999999998
[450, 400, 150],2,41.17030999999998
[450, 400, 200],0,36.855899999999984
[450, 400, 200],1,35.855899999999984
[450, 400, 200],2,35.855899999999984
[450, 400, 250],0,30.950999999999986
[450, 400, 250],1,29.950999999999986
[450, 400, 250],2,29.950999999999986
[450, 400, 300],0,24.38999999999999
[450, 400, 300],1,23.38999999999999
[450, 400, 300],2,23.38999999999999
[450, 400, 350],0,17.099999999999994
[450, 400, 350],1,16.099999999999994
[450, 400, 350],2,16.099999999999994
[450, 400, 400],0,8.999999999999998
[450, 400, 400],1,7.999999999999999
[450, 400, 400],2,7.999999999999999
[450, 450, 0],0,54.132155989999966
[450, 450, 0],1,55.132155989999966
[450, 450, 0],2,55.132155989999966
[450, 450, 50],0,50.25795109999997
[450, 450, 50],1,51.25795109999997
[450, 450, 50],2,51.25795109999997
[450, 450, 100],0,45.953278999999974
[450, 450, 100],1,46.953278999999974
[450, 450, 100],2,46.953278999999974
[450, 450, 150],0,41.17030999999998
[450, 450, 150],1,42.17030999999998
[450, 450, 150],2,42.17030999999998
[450, 450, 200],0,35.855899999999984
[450, 450, 200],1,36.855899999999984
[450, 450, 200],2,36.855899999999984
[450, 450, 250],0,29.950999999999986
[450, 450, 250],1,30.950999999999986
[450, 450, 250],2,30.950999999999986
[450, 450, 300],0,23.38999999999999
[450, 450, 300],1,24.38999999999999
[450, 450, 300],2,24.38999999999999
[450, 450, 350],0,16.099999999999994
[450, 450, 350],1,17.099999999999994
[450, 450, 350],2,17.099999999999994
[450, 450, 400],0,7.999999999999999
[450, 450, 400],1,8.999999999999998
[450, 450, 400],2,8.999999999999998
