[0, 0, 0],0,44.0
[0, 0, 0],1,0.0
[0, 0, 0],2,49.0
[0, 0, 50],0,107.0
[0, 0, 50],1,0.0
[0, 0, 50],2,90.0
[0, 0, 100],0,132.0
[0, 0, 100],1,0.0
[0, 0, 100],2,151.0
[0, 0, 150],0,171.0
[0, 0, 150],1,0.0
[0, 0, 150],2,199.0
[0, 0, 200],0,254.0
[0, 0, 200],1,0.0
[0, 0, 200],2,208.0
[0, 0, 250],0,285.0
[0, 0, 250],1,0.0
[0, 0, 250],2,261.0
[0, 0, 300],0,323.0
[0, 0, 300],1,0.0
[0, 0, 300],2,318.0
[0, 0, 350],0,359.0
[0, 0, 350],1,0.0
[0, 0, 350],2,361.0
[0, 0, 400],0,397.0
[0, 0, 400],1,0.0
[0, 0, 400],2,428.0
[0, 50, 0],0,0.0
[0, 50, 0],1,80.0
[0, 50, 0],2,0.0
[0, 50, 50],0,0.0
[0, 50, 50],1,0.0
[0, 50, 50],2,0.0
[0, 50, 100],0,0.0
[0, 50, 100],1,0.0
[0, 50, 100],2,0.0
[0, 50, 150],0,0.0
[0, 50, 150],1,0.0
[0, 50, 150],2,0.0
[0, 50, 200],0,0.0
[0, 50, 200],1,0.0
[0, 50, 200],2,0.0
[0, 50, 250],0,0.0
[0, 50, 250],1,0.0
[0, 50, 250],2,0.0
[0, 50, 300],0,0.0
[0, 50, 300],1,0.0
[0, 50, 300],2,0.0
[0, 50, 350],0,0.0
[0, 50, 350],1,0.0
[0, 50, 350],2,0.0
[0, 50, 400],0,0.0
[0, 50, 400],1,0.0
[0, 50, 400],2,0.0
[0, 100, 0],0,0.0
[0, 100, 0],1,113.0
[0, 100, 0],2,0.0
[0, 100, 50],0,0.0
[0, 100, 50],1,0.0
[0, 100, 50],2,0.0
[0, 100, 100],0,0.0
[0, 100, 100],1,0.0
[0, 100, 100],2,0.0
[0, 100, 150],0,0.0
[0, 100, 150],1,0.0
[0, 100, 150],2,0.0
[0, 100, 200],0,0.0
[0, 100, 200],1,0.0
[0, 100, 200],2,0.0
[0, 100, 250],0,0.0
[0, 100, 250],1,0.0
[0, 100, 250],2,0.0
[0, 100, 300],0,0.0
[0, 100, 300],1,0.0
[0, 100, 300],2,0.0
[0, 100, 350],0,0.0
[0, 100, 350],1,0.0
[0, 100, 350],2,0.0
[0, 100, 400],0,0.0
[0, 100, 400],1,0.0
[0, 100, 400],2,0.0
[0, 150, 0],0,0.0
[0, 150, 0],1,104.0
[0, 150, 0],2,0.0
[0, 150, 50],0,0.0
[0, 150, 50],1,0.0
[0, 150, 50],2,0.0
[0, 150, 100],0,0.0
[0, 150, 100],1,0.0
[0, 150, 100],2,0.0
[0, 150, 150],0,0.0
[0, 150, 150],1,0.0
[0, 150, 150],2,0.0
[0, 150, 200],0,0.0
[0, 150, 200],1,0.0
[0, 150, 200],2,0.0
[0, 150, 250],0,0.0
[0, 150, 250],1,0.0
[0, 150, 250],2,0.0
[0, 150, 300],0,0.0
[0, 150, 300],1,0.0
[0, 150, 300],2,0.0
[0, 150, 350],0,0.0
[0, 150, 350],1,0.0
[0, 150, 350],2,0.0
[0, 150, 400],0,0.0
[0, 150, 400],1,0.0
[0, 150, 400],2,0.0
[0, 200, 0],0,0.0
[0, 200, 0],1,82.0
[0, 200, 0],2,0.0
[0, 200, 50],0,0.0
[0, 200, 50],1,0.0
[0, 200, 50],2,0.0
[0, 200, 100],0,0.0
[0, 200, 100],1,0.0
[0, 200, 100],2,0.0
[0, 200, 150],0,0.0
[0, 200, 150],1,0.0
[0, 200, 150],2,0.0
[0, 200, 200],0,0.0
[0, 200, 200],1,0.0
[0, 200, 200],2,0.0
[0, 200, 250],0,0.0
[0, 200, 250],1,0.0
[0, 200, 250],2,0.0
[0, 200, 300],0,0.0
[0, 200, 300],1,0.0
[0, 200, 300],2,0.0
[0, 200, 350],0,0.0
[0, 200, 350],1,0.0
[0, 200, 350],2,0.0
[0, 200, 400],0,0.0
[0, 200, 400],1,0.0
[0, 200, 400],2,0.0
[0, 250, 0],0,0.0
[0, 250, 0],1,97.0
[0, 250, 0],2,0.0
[0, 250, 50],0,0.0
[0, 250, 50],1,0.0
[0, 250, 50],2,0.0
[0, 250, 100],0,0.0
[0, 250, 100],1,0.0
[0, 250, 100],2,0.0
[0, 250, 150],0,0.0
[0, 250, 150],1,0.0
[0, 250, 150],2,0.0
[0, 250, 200],0,0.0
[0, 250, 200],1,0.0
[0, 250, 200],2,0.0
[0, 250, 250],0,0.0
[0, 250, 250],1,0.0
[0, 250, 250],2,0.0
[0, 250, 300],0,0.0
[0, 250, 300],1,0.0
[0, 250, 300],2,0.0
[0, 250, 350],0,0.0
[0, 250, 350],1,0.0
[0, 250, 350],2,0.0
[0, 250, 400],0,0.0
[0, 250, 400],1,0.0
[0, 250, 400],2,0.0
[0, 300, 0],0,0.0
[0, 300, 0],1,87.0
[0, 300, 0],2,0.0
[0, 300, 50],0,0.0
[0, 300, 50],1,0.0
[0, 300, 50],2,0.0
[0, 300, 100],0,0.0
[0, 300, 100],1,0.0
[0, 300, 100],2,0.0
[0, 300, 150],0,0.0
[0, 300, 150],1,0.0
[0, 300, 150],2,0.0
[0, 300, 200],0,0.0
[0, 300, 200],1,0.0
[0, 300, 200],2,0.0
[0, 300, 250],0,0.0
[0, 300, 250],1,0.0
[0, 300, 250],2,0.0
[0, 300, 300],0,0.0
[0, 300, 300],1,0.0
[0, 300, 300],2,0.0
[0, 300, 350],0,0.0
[0, 300, 350],1,0.0
[0, 300, 350],2,0.0
[0, 300, 400],0,0.0
[0, 300, 400],1,0.0
[0, 300, 400],2,0.0
[0, 350, 0],0,0.0
[0, 350, 0],1,74.0
[0, 350, 0],2,0.0
[0, 350, 50],0,0.0
[0, 350, 50],1,0.0
[0, 350, 50],2,0.0
[0, 350, 100],0,0.0
[0, 350, 100],1,0.0
[0, 350, 100],2,0.0
[0, 350, 150],0,0.0
[0, 350, 150],1,0.0
[0, 350, 150],2,0.0
[0, 350, 200],0,0.0
[0, 350, 200],1,0.0
[0, 350, 200],2,0.0
[0, 350, 250],0,0.0
[0, 350, 250],1,0.0
[0, 350, 250],2,0.0
[0, 350, 300],0,0.0
[0, 350, 300],1,0.0
[0, 350, 300],2,0.0
[0, 350, 350],0,0.0
[0, 350, 350],1,0.0
[0, 350, 350],2,0.0
[0, 350, 400],0,0.0
[0, 350, 400],1,0.0
[0, 350, 400],2,0.0
[0, 400, 0],0,0.0
[0, 400, 0],1,84.0
[0, 400, 0],2,0.0
[0, 400, 50],0,0.0
[0, 400, 50],1,0.0
[0, 400, 50],2,0.0
[0, 400, 100],0,0.0
[0, 400, 100],1,0.0
[0, 400, 100],2,0.0
[0, 400, 150],0,0.0
[0, 400, 150],1,0.0
[0, 400, 150],2,0.0
[0, 400, 200],0,0.0
[0, 400, 200],1,0.0
[0, 400, 200],2,0.0
[0, 400, 250],0,0.0
[0, 400, 250],1,0.0
[0, 400, 250],2,0.0
[0, 400, 300],0,0.0
[0, 400, 300],1,0.0
[0, 400, 300],2,0.0
[0, 400, 350],0,0.0
[0, 400, 350],1,0.0
[0, 400, 350],2,0.0
[0, 400, 400],0,0.0
[0, 400, 400],1,0.0
[0, 400, 400],2,0.0
[0, 450, 0],0,0.0
[0, 450, 0],1,88.0
[0, 450, 0],2,0.0
[0, 450, 50],0,0.0
[0, 450, 50],1,0.0
[0, 450, 50],2,0.0
[0, 450, 100],0,0.0
[0, 450, 100],1,0.0
[0, 450, 100],2,0.0
[0, 450, 150],0,0.0
[0, 450, 150],1,0.0
[0, 450, 150],2,0.0
[0, 450, 200],0,0.0
[0, 450, 200],1,0.0
[0, 450, 200],2,0.0
[0, 450, 250],0,0.0
[0, 450, 250],1,0.0
[0, 450, 250],2,0.0
[0, 450, 300],0,0.0
[0, 450, 300],1,0.0
[0, 450, 300],2,0.0
[0, 450, 350],0,0.0
[0, 450, 350],1,0.0
[0, 450, 350],2,0.0
[0, 450, 400],0,0.0
[0, 450, 400],1,0.0
[0, 450, 400],2,0.0
[50, 0, 0],0,104.0
[50, 0, 0],1,0.0
[50, 0, 0],2,0.0
[50, 0, 50],0,86.0
[50, 0, 50],1,0.0
[50, 0, 50],2,0.0
[50, 0, 100],0,87.0
[50, 0, 100],1,0.0
[50, 0, 100],2,0.0
[50, 0, 150],0,92.0
[50, 0, 150],1,0.0
[50, 0, 150],2,0.0
[50, 0, 200],0,84.0
[50, 0, 200],1,0.0
[50, 0, 200],2,0.0
[50, 0, 250],0,95.0
[50, 0, 250],1,0.0
[50, 0, 250],2,0.0
[50, 0, 300],0,79.0
[50, 0, 300],1,0.0
[50, 0, 300],2,0.0
[50, 0, 350],0,105.0
[50, 0, 350],1,0.0
[50, 0, 350],2,0.0
[50, 0, 400],0,77.0
[50, 0, 400],1,0.0
[50, 0, 400],2,0.0
[50, 50, 0],0,0.0
[50, 50, 0],1,0.0
[50, 50, 0],2,91.0
[50, 50, 50],0,0.0
[50, 50, 50],1,0.0
[50, 50, 50],2,250.0
[50, 50, 100],0,0.0
[50, 50, 100],1,0.0
[50, 50, 100],2,329.0
[50, 50, 150],0,0.0
[50, 50, 150],1,0.0
[50, 50, 150],2,432.0
[50, 50, 200],0,0.0
[50, 50, 200],1,0.0
[50, 50, 200],2,524.0
[50, 50, 250],0,0.0
[50, 50, 250],1,0.0
[50, 50, 250],2,614.0
[50, 50, 300],0,0.0
[50, 50, 300],1,0.0
[50, 50, 300],2,709.0
[50, 50, 350],0,0.0
[50, 50, 350],1,0.0
[50, 50, 350],2,810.0
[50, 50, 400],0,0.0
[50, 50, 400],1,0.0
[50, 50, 400],2,893.0
[50, 100, 0],0,0.0
[50, 100, 0],1,94.0
[50, 100, 0],2,0.0
[50, 100, 50],0,0.0
[50, 100, 50],1,113.0
[50, 100, 50],2,0.0
[50, 100, 100],0,0.0
[50, 100, 100],1,0.0
[50, 100, 100],2,0.0
[50, 100, 150],0,0.0
[50, 100, 150],1,0.0
[50, 100, 150],2,0.0
[50, 100, 200],0,0.0
[50, 100, 200],1,0.0
[50, 100, 200],2,0.0
[50, 100, 250],0,0.0
[50, 100, 250],1,0.0
[50, 100, 250],2,0.0
[50, 100, 300],0,0.0
[50, 100, 300],1,0.0
[50, 100, 300],2,0.0
[50, 100, 350],0,0.0
[50, 100, 350],1,0.0
[50, 100, 350],2,0.0
[50, 100, 400],0,0.0
[50, 100, 400],1,0.0
[50, 100, 400],2,0.0
[50, 150, 0],0,0.0
[50, 150, 0],1,104.0
[50, 150, 0],2,0.0
[50, 150, 50],0,0.0
[50, 150, 50],1,104.0
[50, 150, 50],2,0.0
[50, 150, 100],0,0.0
[50, 150, 100],1,0.0
[50, 150, 100],2,0.0
[50, 150, 150],0,0.0
[50, 150, 150],1,0.0
[50, 150, 150],2,0.0
[50, 150, 200],0,0.0
[50, 150, 200],1,0.0
[50, 150, 200],2,0.0
[50, 150, 250],0,0.0
[50, 150, 250],1,0.0
[50, 150, 250],2,0.0
[50, 150, 300],0,0.0
[50, 150, 300],1,0.0
[50, 150, 300],2,0.0
[50, 150, 350],0,0.0
[50, 150, 350],1,0.0
[50, 150, 350],2,0.0
[50, 150, 400],0,0.0
[50, 150, 400],1,0.0
[50, 150, 400],2,0.0
[50, 200, 0],0,0.0
[50, 200, 0],1,89.0
[50, 200, 0],2,0.0
[50, 200, 50],0,0.0
[50, 200, 50],1,82.0
[50, 200, 50],2,0.0
[50, 200, 100],0,0.0
[50, 200, 100],1,0.0
[50, 200, 100],2,0.0
[50, 200, 150],0,0.0
[50, 200, 150],1,0.0
[50, 200, 150],2,0.0
[50, 200, 200],0,0.0
[50, 200, 200],1,0.0
[50, 200, 200],2,0.0
[50, 200, 250],0,0.0
[50, 200, 250],1,0.0
[50, 200, 250],2,0.0
[50, 200, 300],0,0.0
[50, 200, 300],1,0.0
[50, 200, 300],2,0.0
[50, 200, 350],0,0.0
[50, 200, 350],1,0.0
[50, 200, 350],2,0.0
[50, 200, 400],0,0.0
[50, 200, 400],1,0.0
[50, 200, 400],2,0.0
[50, 250, 0],0,0.0
[50, 250, 0],1,93.0
[50, 250, 0],2,0.0
[50, 250, 50],0,0.0
[50, 250, 50],1,97.0
[50, 250, 50],2,0.0
[50, 250, 100],0,0.0
[50, 250, 100],1,0.0
[50, 250, 100],2,0.0
[50, 250, 150],0,0.0
[50, 250, 150],1,0.0
[50, 250, 150],2,0.0
[50, 250, 200],0,0.0
[50, 250, 200],1,0.0
[50, 250, 200],2,0.0
[50, 250, 250],0,0.0
[50, 250, 250],1,0.0
[50, 250, 250],2,0.0
[50, 250, 300],0,0.0
[50, 250, 300],1,0.0
[50, 250, 300],2,0.0
[50, 250, 350],0,0.0
[50, 250, 350],1,0.0
[50, 250, 350],2,0.0
[50, 250, 400],0,0.0
[50, 250, 400],1,0.0
[50, 250, 400],2,0.0
[50, 300, 0],0,0.0
[50, 300, 0],1,94.0
[50, 300, 0],2,0.0
[50, 300, 50],0,0.0
[50, 300, 50],1,87.0
[50, 300, 50],2,0.0
[50, 300, 100],0,0.0
[50, 300, 100],1,0.0
[50, 300, 100],2,0.0
[50, 300, 150],0,0.0
[50, 300, 150],1,0.0
[50, 300, 150],2,0.0
[50, 300, 200],0,0.0
[50, 300, 200],1,0.0
[50, 300, 200],2,0.0
[50, 300, 250],0,0.0
[50, 300, 250],1,0.0
[50, 300, 250],2,0.0
[50, 300, 300],0,0.0
[50, 300, 300],1,0.0
[50, 300, 300],2,0.0
[50, 300, 350],0,0.0
[50, 300, 350],1,0.0
[50, 300, 350],2,0.0
[50, 300, 400],0,0.0
[50, 300, 400],1,0.0
[50, 300, 400],2,0.0
[50, 350, 0],0,0.0
[50, 350, 0],1,84.0
[50, 350, 0],2,0.0
[50, 350, 50],0,0.0
[50, 350, 50],1,74.0
[50, 350, 50],2,0.0
[50, 350, 100],0,0.0
[50, 350, 100],1,0.0
[50, 350, 100],2,0.0
[50, 350, 150],0,0.0
[50, 350, 150],1,0.0
[50, 350, 150],2,0.0
[50, 350, 200],0,0.0
[50, 350, 200],1,0.0
[50, 350, 200],2,0.0
[50, 350, 250],0,0.0
[50, 350, 250],1,0.0
[50, 350, 250],2,0.0
[50, 350, 300],0,0.0
[50, 350, 300],1,0.0
[50, 350, 300],2,0.0
[50, 350, 350],0,0.0
[50, 350, 350],1,0.0
[50, 350, 350],2,0.0
[50, 350, 400],0,0.0
[50, 350, 400],1,0.0
[50, 350, 400],2,0.0
[50, 400, 0],0,0.0
[50, 400, 0],1,85.0
[50, 400, 0],2,0.0
[50, 400, 50],0,0.0
[50, 400, 50],1,84.0
[50, 400, 50],2,0.0
[50, 400, 100],0,0.0
[50, 400, 100],1,0.0
[50, 400, 100],2,0.0
[50, 400, 150],0,0.0
[50, 400, 150],1,0.0
[50, 400, 150],2,0.0
[50, 400, 200],0,0.0
[50, 400, 200],1,0.0
[50, 400, 200],2,0.0
[50, 400, 250],0,0.0
[50, 400, 250],1,0.0
[50, 400, 250],2,0.0
[50, 400, 300],0,0.0
[50, 400, 300],1,0.0
[50, 400, 300],2,0.0
[50, 400, 350],0,0.0
[50, 400, 350],1,0.0
[50, 400, 350],2,0.0
[50, 400, 400],0,0.0
[50, 400, 400],1,0.0
[50, 400, 400],2,0.0
[50, 450, 0],0,0.0
[50, 450, 0],1,106.0
[50, 450, 0],2,0.0
[50, 450, 50],0,0.0
[50, 450, 50],1,88.0
[50, 450, 50],2,0.0
[50, 450, 100],0,0.0
[50, 450, 100],1,0.0
[50, 450, 100],2,0.0
[50, 450, 150],0,0.0
[50, 450, 150],1,0.0
[50, 450, 150],2,0.0
[50, 450, 200],0,0.0
[50, 450, 200],1,0.0
[50, 450, 200],2,0.0
[50, 450, 250],0,0.0
[50, 450, 250],1,0.0
[50, 450, 250],2,0.0
[50, 450, 300],0,0.0
[50, 450, 300],1,0.0
[50, 450, 300],2,0.0
[50, 450, 350],0,0.0
[50, 450, 350],1,0.0
[50, 450, 350],2,0.0
[50, 450, 400],0,0.0
[50, 450, 400],1,0.0
[50, 450, 400],2,0.0
[100, 0, 0],0,86.0
[100, 0, 0],1,0.0
[100, 0, 0],2,0.0
[100, 0, 50],0,87.0
[100, 0, 50],1,0.0
[100, 0, 50],2,0.0
[100, 0, 100],0,92.0
[100, 0, 100],1,0.0
[100, 0, 100],2,0.0
[100, 0, 150],0,84.0
[100, 0, 150],1,0.0
[100, 0, 150],2,0.0
[100, 0, 200],0,95.0
[100, 0, 200],1,0.0
[100, 0, 200],2,0.0
[100, 0, 250],0,79.0
[100, 0, 250],1,0.0
[100, 0, 250],2,0.0
[100, 0, 300],0,105.0
[100, 0, 300],1,0.0
[100, 0, 300],2,0.0
[100, 0, 350],0,77.0
[100, 0, 350],1,0.0
[100, 0, 350],2,0.0
[100, 0, 400],0,0.0
[100, 0, 400],1,0.0
[100, 0, 400],2,0.0
[100, 50, 0],0,79.0
[100, 50, 0],1,0.0
[100, 50, 0],2,0.0
[100, 50, 50],0,79.0
[100, 50, 50],1,0.0
[100, 50, 50],2,0.0
[100, 50, 100],0,103.0
[100, 50, 100],1,0.0
[100, 50, 100],2,0.0
[100, 50, 150],0,92.0
[100, 50, 150],1,0.0
[100, 50, 150],2,0.0
[100, 50, 200],0,90.0
[100, 50, 200],1,0.0
[100, 50, 200],2,0.0
[100, 50, 250],0,95.0
[100, 50, 250],1,0.0
[100, 50, 250],2,0.0
[100, 50, 300],0,101.0
[100, 50, 300],1,0.0
[100, 50, 300],2,0.0
[100, 50, 350],0,83.0
[100, 50, 350],1,0.0
[100, 50, 350],2,0.0
[100, 50, 400],0,0.0
[100, 50, 400],1,0.0
[100, 50, 400],2,0.0
[100, 100, 0],0,0.0
[100, 100, 0],1,0.0
[100, 100, 0],2,94.0
[100, 100, 50],0,0.0
[100, 100, 50],1,0.0
[100, 100, 50],2,264.0
[100, 100, 100],0,0.0
[100, 100, 100],1,0.0
[100, 100, 100],2,490.0
[100, 100, 150],0,0.0
[100, 100, 150],1,0.0
[100, 100, 150],2,575.0
[100, 100, 200],0,0.0
[100, 100, 200],1,0.0
[100, 100, 200],2,659.0
[100, 100, 250],0,0.0
[100, 100, 250],1,0.0
[100, 100, 250],2,766.0
[100, 100, 300],0,0.0
[100, 100, 300],1,0.0
[100, 100, 300],2,850.0
[100, 100, 350],0,0.0
[100, 100, 350],1,0.0
[100, 100, 350],2,935.0
[100, 100, 400],0,0.0
[100, 100, 400],1,0.0
[100, 100, 400],2,935.0
[100, 150, 0],0,0.0
[100, 150, 0],1,98.0
[100, 150, 0],2,0.0
[100, 150, 50],0,0.0
[100, 150, 50],1,104.0
[100, 150, 50],2,0.0
[100, 150, 100],0,0.0
[100, 150, 100],1,104.0
[100, 150, 100],2,0.0
[100, 150, 150],0,0.0
[100, 150, 150],1,0.0
[100, 150, 150],2,0.0
[100, 150, 200],0,0.0
[100, 150, 200],1,0.0
[100, 150, 200],2,0.0
[100, 150, 250],0,0.0
[100, 150, 250],1,0.0
[100, 150, 250],2,0.0
[100, 150, 300],0,0.0
[100, 150, 300],1,0.0
[100, 150, 300],2,0.0
[100, 150, 350],0,0.0
[100, 150, 350],1,0.0
[100, 150, 350],2,0.0
[100, 150, 400],0,0.0
[100, 150, 400],1,0.0
[100, 150, 400],2,0.0
[100, 200, 0],0,0.0
[100, 200, 0],1,95.0
[100, 200, 0],2,0.0
[100, 200, 50],0,0.0
[100, 200, 50],1,89.0
[100, 200, 50],2,0.0
[100, 200, 100],0,0.0
[100, 200, 100],1,82.0
[100, 200, 100],2,0.0
[100, 200, 150],0,0.0
[100, 200, 150],1,0.0
[100, 200, 150],2,0.0
[100, 200, 200],0,0.0
[100, 200, 200],1,0.0
[100, 200, 200],2,0.0
[100, 200, 250],0,0.0
[100, 200, 250],1,0.0
[100, 200, 250],2,0.0
[100, 200, 300],0,0.0
[100, 200, 300],1,0.0
[100, 200, 300],2,0.0
[100, 200, 350],0,0.0
[100, 200, 350],1,0.0
[100, 200, 350],2,0.0
[100, 200, 400],0,0.0
[100, 200, 400],1,0.0
[100, 200, 400],2,0.0
[100, 250, 0],0,0.0
[100, 250, 0],1,96.0
[100, 250, 0],2,0.0
[100, 250, 50],0,0.0
[100, 250, 50],1,93.0
[100, 250, 50],2,0.0
[100, 250, 100],0,0.0
[100, 250, 100],1,97.0
[100, 250, 100],2,0.0
[100, 250, 150],0,0.0
[100, 250, 150],1,0.0
[100, 250, 150],2,0.0
[100, 250, 200],0,0.0
[100, 250, 200],1,0.0
[100, 250, 200],2,0.0
[100, 250, 250],0,0.0
[100, 250, 250],1,0.0
[100, 250, 250],2,0.0
[100, 250, 300],0,0.0
[100, 250, 300],1,0.0
[100, 250, 300],2,0.0
[100, 250, 350],0,0.0
[100, 250, 350],1,0.0
[100, 250, 350],2,0.0
[100, 250, 400],0,0.0
[100, 250, 400],1,0.0
[100, 250, 400],2,0.0
[100, 300, 0],0,0.0
[100, 300, 0],1,92.0
[100, 300, 0],2,0.0
[100, 300, 50],0,0.0
[100, 300, 50],1,94.0
[100, 300, 50],2,0.0
[100, 300, 100],0,0.0
[100, 300, 100],1,87.0
[100, 300, 100],2,0.0
[100, 300, 150],0,0.0
[100, 300, 150],1,0.0
[100, 300, 150],2,0.0
[100, 300, 200],0,0.0
[100, 300, 200],1,0.0
[100, 300, 200],2,0.0
[100, 300, 250],0,0.0
[100, 300, 250],1,0.0
[100, 300, 250],2,0.0
[100, 300, 300],0,0.0
[100, 300, 300],1,0.0
[100, 300, 300],2,0.0
[100, 300, 350],0,0.0
[100, 300, 350],1,0.0
[100, 300, 350],2,0.0
[100, 300, 400],0,0.0
[100, 300, 400],1,0.0
[100, 300, 400],2,0.0
[100, 350, 0],0,0.0
[100, 350, 0],1,93.0
[100, 350, 0],2,0.0
[100, 350, 50],0,0.0
[100, 350, 50],1,84.0
[100, 350, 50],2,0.0
[100, 350, 100],0,0.0
[100, 350, 100],1,74.0
[100, 350, 100],2,0.0
[100, 350, 150],0,0.0
[100, 350, 150],1,0.0
[100, 350, 150],2,0.0
[100, 350, 200],0,0.0
[100, 350, 200],1,0.0
[100, 350, 200],2,0.0
[100, 350, 250],0,0.0
[100, 350, 250],1,0.0
[100, 350, 250],2,0.0
[100, 350, 300],0,0.0
[100, 350, 300],1,0.0
[100, 350, 300],2,0.0
[100, 350, 350],0,0.0
[100, 350, 350],1,0.0
[100, 350, 350],2,0.0
[100, 350, 400],0,0.0
[100, 350, 400],1,0.0
[100, 350, 400],2,0.0
[100, 400, 0],0,0.0
[100, 400, 0],1,91.0
[100, 400, 0],2,0.0
[100, 400, 50],0,0.0
[100, 400, 50],1,85.0
[100, 400, 50],2,0.0
[100, 400, 100],0,0.0
[100, 400, 100],1,84.0
[100, 400, 100],2,0.0
[100, 400, 150],0,0.0
[100, 400, 150],1,0.0
[100, 400, 150],2,0.0
[100, 400, 200],0,0.0
[100, 400, 200],1,0.0
[100, 400, 200],2,0.0
[100, 400, 250],0,0.0
[100, 400, 250],1,0.0
[100, 400, 250],2,0.0
[100, 400, 300],0,0.0
[100, 400, 300],1,0.0
[100, 400, 300],2,0.0
[100, 400, 350],0,0.0
[100, 400, 350],1,0.0
[100, 400, 350],2,0.0
[100, 400, 400],0,0.0
[100, 400, 400],1,0.0
[100, 400, 400],2,0.0
[100, 450, 0],0,0.0
[100, 450, 0],1,99.0
[100, 450, 0],2,0.0
[100, 450, 50],0,0.0
[100, 450, 50],1,106.0
[100, 450, 50],2,0.0
[100, 450, 100],0,0.0
[100, 450, 100],1,88.0
[100, 450, 100],2,0.0
[100, 450, 150],0,0.0
[100, 450, 150],1,0.0
[100, 450, 150],2,0.0
[100, 450, 200],0,0.0
[100, 450, 200],1,0.0
[100, 450, 200],2,0.0
[100, 450, 250],0,0.0
[100, 450, 250],1,0.0
[100, 450, 250],2,0.0
[100, 450, 300],0,0.0
[100, 450, 300],1,0.0
[100, 450, 300],2,0.0
[100, 450, 350],0,0.0
[100, 450, 350],1,0.0
[100, 450, 350],2,0.0
[100, 450, 400],0,0.0
[100, 450, 400],1,0.0
[100, 450, 400],2,0.0
[150, 0, 0],0,87.0
[150, 0, 0],1,0.0
[150, 0, 0],2,0.0
[150, 0, 50],0,92.0
[150, 0, 50],1,0.0
[150, 0, 50],2,0.0
[150, 0, 100],0,84.0
[150, 0, 100],1,0.0
[150, 0, 100],2,0.0
[150, 0, 150],0,95.0
[150, 0, 150],1,0.0
[150, 0, 150],2,0.0
[150, 0, 200],0,79.0
[150, 0, 200],1,0.0
[150, 0, 200],2,0.0
[150, 0, 250],0,105.0
[150, 0, 250],1,0.0
[150, 0, 250],2,0.0
[150, 0, 300],0,77.0
[150, 0, 300],1,0.0
[150, 0, 300],2,0.0
[150, 0, 350],0,0.0
[150, 0, 350],1,0.0
[150, 0, 350],2,0.0
[150, 0, 400],0,0.0
[150, 0, 400],1,0.0
[150, 0, 400],2,0.0
[150, 50, 0],0,79.0
[150, 50, 0],1,0.0
[150, 50, 0],2,0.0
[150, 50, 50],0,103.0
[150, 50, 50],1,0.0
[150, 50, 50],2,0.0
[150, 50, 100],0,92.0
[150, 50, 100],1,0.0
[150, 50, 100],2,0.0
[150, 50, 150],0,90.0
[150, 50, 150],1,0.0
[150, 50, 150],2,0.0
[150, 50, 200],0,95.0
[150, 50, 200],1,0.0
[150, 50, 200],2,0.0
[150, 50, 250],0,101.0
[150, 50, 250],1,0.0
[150, 50, 250],2,0.0
[150, 50, 300],0,83.0
[150, 50, 300],1,0.0
[150, 50, 300],2,0.0
[150, 50, 350],0,0.0
[150, 50, 350],1,0.0
[150, 50, 350],2,0.0
[150, 50, 400],0,0.0
[150, 50, 400],1,0.0
[150, 50, 400],2,0.0
[150, 100, 0],0,76.0
[150, 100, 0],1,0.0
[150, 100, 0],2,0.0
[150, 100, 50],0,113.0
[150, 100, 50],1,0.0
[150, 100, 50],2,0.0
[150, 100, 100],0,85.0
[150, 100, 100],1,0.0
[150, 100, 100],2,0.0
[150, 100, 150],0,84.0
[150, 100, 150],1,0.0
[150, 100, 150],2,0.0
[150, 100, 200],0,107.0
[150, 100, 200],1,0.0
[150, 100, 200],2,0.0
[150, 100, 250],0,84.0
[150, 100, 250],1,0.0
[150, 100, 250],2,0.0
[150, 100, 300],0,85.0
[150, 100, 300],1,0.0
[150, 100, 300],2,0.0
[150, 100, 350],0,0.0
[150, 100, 350],1,0.0
[150, 100, 350],2,0.0
[150, 100, 400],0,0.0
[150, 100, 400],1,0.0
[150, 100, 400],2,0.0
[150, 150, 0],0,0.0
[150, 150, 0],1,0.0
[150, 150, 0],2,94.0
[150, 150, 50],0,0.0
[150, 150, 50],1,0.0
[150, 150, 50],2,281.0
[150, 150, 100],0,0.0
[150, 150, 100],1,0.0
[150, 150, 100],2,454.0
[150, 150, 150],0,0.0
[150, 150, 150],1,0.0
[150, 150, 150],2,650.0
[150, 150, 200],0,0.0
[150, 150, 200],1,0.0
[150, 150, 200],2,733.0
[150, 150, 250],0,0.0
[150, 150, 250],1,0.0
[150, 150, 250],2,827.0
[150, 150, 300],0,0.0
[150, 150, 300],1,0.0
[150, 150, 300],2,920.0
[150, 150, 350],0,0.0
[150, 150, 350],1,0.0
[150, 150, 350],2,920.0
[150, 150, 400],0,0.0
[150, 150, 400],1,0.0
[150, 150, 400],2,920.0
[150, 200, 0],0,0.0
[150, 200, 0],1,99.0
[150, 200, 0],2,0.0
[150, 200, 50],0,0.0
[150, 200, 50],1,95.0
[150, 200, 50],2,0.0
[150, 200, 100],0,0.0
[150, 200, 100],1,89.0
[150, 200, 100],2,0.0
[150, 200, 150],0,0.0
[150, 200, 150],1,82.0
[150, 200, 150],2,0.0
[150, 200, 200],0,0.0
[150, 200, 200],1,0.0
[150, 200, 200],2,0.0
[150, 200, 250],0,0.0
[150, 200, 250],1,0.0
[150, 200, 250],2,0.0
[150, 200, 300],0,0.0
[150, 200, 300],1,0.0
[150, 200, 300],2,0.0
[150, 200, 350],0,0.0
[150, 200, 350],1,0.0
[150, 200, 350],2,0.0
[150, 200, 400],0,0.0
[150, 200, 400],1,0.0
[150, 200, 400],2,0.0
[150, 250, 0],0,0.0
[150, 250, 0],1,80.0
[150, 250, 0],2,0.0
[150, 250, 50],0,0.0
[150, 250, 50],1,96.0
[150, 250, 50],2,0.0
[150, 250, 100],0,0.0
[150, 250, 100],1,93.0
[150, 250, 100],2,0.0
[150, 250, 150],0,0.0
[150, 250, 150],1,97.0
[150, 250, 150],2,0.0
[150, 250, 200],0,0.0
[150, 250, 200],1,0.0
[150, 250, 200],2,0.0
[150, 250, 250],0,0.0
[150, 250, 250],1,0.0
[150, 250, 250],2,0.0
[150, 250, 300],0,0.0
[150, 250, 300],1,0.0
[150, 250, 300],2,0.0
[150, 250, 350],0,0.0
[150, 250, 350],1,0.0
[150, 250, 350],2,0.0
[150, 250, 400],0,0.0
[150, 250, 400],1,0.0
[150, 250, 400],2,0.0
[150, 300, 0],0,0.0
[150, 300, 0],1,92.0
[150, 300, 0],2,0.0
[150, 300, 50],0,0.0
[150, 300, 50],1,92.0
[150, 300, 50],2,0.0
[150, 300, 100],0,0.0
[150, 300, 100],1,94.0
[150, 300, 100],2,0.0
[150, 300, 150],0,0.0
[150, 300, 150],1,87.0
[150, 300, 150],2,0.0
[150, 300, 200],0,0.0
[150, 300, 200],1,0.0
[150, 300, 200],2,0.0
[150, 300, 250],0,0.0
[150, 300, 250],1,0.0
[150, 300, 250],2,0.0
[150, 300, 300],0,0.0
[150, 300, 300],1,0.0
[150, 300, 300],2,0.0
[150, 300, 350],0,0.0
[150, 300, 350],1,0.0
[150, 300, 350],2,0.0
[150, 300, 400],0,0.0
[150, 300, 400],1,0.0
[150, 300, 400],2,0.0
[150, 350, 0],0,0.0
[150, 350, 0],1,91.0
[150, 350, 0],2,0.0
[150, 350, 50],0,0.0
[150, 350, 50],1,93.0
[150, 350, 50],2,0.0
[150, 350, 100],0,0.0
[150, 350, 100],1,84.0
[150, 350, 100],2,0.0
[150, 350, 150],0,0.0
[150, 350, 150],1,74.0
[150, 350, 150],2,0.0
[150, 350, 200],0,0.0
[150, 350, 200],1,0.0
[150, 350, 200],2,0.0
[150, 350, 250],0,0.0
[150, 350, 250],1,0.0
[150, 350, 250],2,0.0
[150, 350, 300],0,0.0
[150, 350, 300],1,0.0
[150, 350, 300],2,0.0
[150, 350, 350],0,0.0
[150, 350, 350],1,0.0
[150, 350, 350],2,0.0
[150, 350, 400],0,0.0
[150, 350, 400],1,0.0
[150, 350, 400],2,0.0
[150, 400, 0],0,0.0
[150, 400, 0],1,77.0
[150, 400, 0],2,0.0
[150, 400, 50],0,0.0
[150, 400, 50],1,91.0
[150, 400, 50],2,0.0
[150, 400, 100],0,0.0
[150, 400, 100],1,85.0
[150, 400, 100],2,0.0
[150, 400, 150],0,0.0
[150, 400, 150],1,84.0
[150, 400, 150],2,0.0
[150, 400, 200],0,0.0
[150, 400, 200],1,0.0
[150, 400, 200],2,0.0
[150, 400, 250],0,0.0
[150, 400, 250],1,0.0
[150, 400, 250],2,0.0
[150, 400, 300],0,0.0
[150, 400, 300],1,0.0
[150, 400, 300],2,0.0
[150, 400, 350],0,0.0
[150, 400, 350],1,0.0
[150, 400, 350],2,0.0
[150, 400, 400],0,0.0
[150, 400, 400],1,0.0
[150, 400, 400],2,0.0
[150, 450, 0],0,0.0
[150, 450, 0],1,96.0
[150, 450, 0],2,0.0
[150, 450, 50],0,0.0
[150, 450, 50],1,99.0
[150, 450, 50],2,0.0
[150, 450, 100],0,0.0
[150, 450, 100],1,106.0
[150, 450, 100],2,0.0
[150, 450, 150],0,0.0
[150, 450, 150],1,88.0
[150, 450, 150],2,0.0
[150, 450, 200],0,0.0
[150, 450, 200],1,0.0
[150, 450, 200],2,0.0
[150, 450, 250],0,0.0
[150, 450, 250],1,0.0
[150, 450, 250],2,0.0
[150, 450, 300],0,0.0
[150, 450, 300],1,0.0
[150, 450, 300],2,0.0
[150, 450, 350],0,0.0
[150, 450, 350],1,0.0
[150, 450, 350],2,0.0
[150, 450, 400],0,0.0
[150, 450, 400],1,0.0
[150, 450, 400],2,0.0
[200, 0, 0],0,92.0
[200, 0, 0],1,0.0
[200, 0, 0],2,0.0
[200, 0, 50],0,84.0
[200, 0, 50],1,0.0
[200, 0, 50],2,0.0
[200, 0, 100],0,95.0
[200, 0, 100],1,0.0
[200, 0, 100],2,0.0
[200, 0, 150],0,79.0
[200, 0, 150],1,0.0
[200, 0, 150],2,0.0
[200, 0, 200],0,105.0
[200, 0, 200],1,0.0
[200, 0, 200],2,0.0
[200, 0, 250],0,77.0
[200, 0, 250],1,0.0
[200, 0, 250],2,0.0
[200, 0, 300],0,0.0
[200, 0, 300],1,0.0
[200, 0, 300],2,0.0
[200, 0, 350],0,0.0
[200, 0, 350],1,0.0
[200, 0, 350],2,0.0
[200, 0, 400],0,0.0
[200, 0, 400],1,0.0
[200, 0, 400],2,0.0
[200, 50, 0],0,103.0
[200, 50, 0],1,0.0
[200, 50, 0],2,0.0
[200, 50, 50],0,92.0
[200, 50, 50],1,0.0
[200, 50, 50],2,0.0
[200, 50, 100],0,90.0
[200, 50, 100],1,0.0
[200, 50, 100],2,0.0
[200, 50, 150],0,95.0
[200, 50, 150],1,0.0
[200, 50, 150],2,0.0
[200, 50, 200],0,101.0
[200, 50, 200],1,0.0
[200, 50, 200],2,0.0
[200, 50, 250],0,83.0
[200, 50, 250],1,0.0
[200, 50, 250],2,0.0
[200, 50, 300],0,0.0
[200, 50, 300],1,0.0
[200, 50, 300],2,0.0
[200, 50, 350],0,0.0
[200, 50, 350],1,0.0
[200, 50, 350],2,0.0
[200, 50, 400],0,0.0
[200, 50, 400],1,0.0
[200, 50, 400],2,0.0
[200, 100, 0],0,113.0
[200, 100, 0],1,0.0
[200, 100, 0],2,0.0
[200, 100, 50],0,85.0
[200, 100, 50],1,0.0
[200, 100, 50],2,0.0
[200, 100, 100],0,84.0
[200, 100, 100],1,0.0
[200, 100, 100],2,0.0
[200, 100, 150],0,107.0
[200, 100, 150],1,0.0
[200, 100, 150],2,0.0
[200, 100, 200],0,84.0
[200, 100, 200],1,0.0
[200, 100, 200],2,0.0
[200, 100, 250],0,85.0
[200, 100, 250],1,0.0
[200, 100, 250],2,0.0
[200, 100, 300],0,0.0
[200, 100, 300],1,0.0
[200, 100, 300],2,0.0
[200, 100, 350],0,0.0
[200, 100, 350],1,0.0
[200, 100, 350],2,0.0
[200, 100, 400],0,0.0
[200, 100, 400],1,0.0
[200, 100, 400],2,0.0
[200, 150, 0],0,89.0
[200, 150, 0],1,0.0
[200, 150, 0],2,0.0
[200, 150, 50],0,69.0
[200, 150, 50],1,0.0
[200, 150, 50],2,0.0
[200, 150, 100],0,92.0
[200, 150, 100],1,0.0
[200, 150, 100],2,0.0
[200, 150, 150],0,83.0
[200, 150, 150],1,0.0
[200, 150, 150],2,0.0
[200, 150, 200],0,94.0
[200, 150, 200],1,0.0
[200, 150, 200],2,0.0
[200, 150, 250],0,93.0
[200, 150, 250],1,0.0
[200, 150, 250],2,0.0
[200, 150, 300],0,0.0
[200, 150, 300],1,0.0
[200, 150, 300],2,0.0
[200, 150, 350],0,0.0
[200, 150, 350],1,0.0
[200, 150, 350],2,0.0
[200, 150, 400],0,0.0
[200, 150, 400],1,0.0
[200, 150, 400],2,0.0
[200, 200, 0],0,0.0
[200, 200, 0],1,0.0
[200, 200, 0],2,83.0
[200, 200, 50],0,0.0
[200, 200, 50],1,0.0
[200, 200, 50],2,262.0
[200, 200, 100],0,0.0
[200, 200, 100],1,0.0
[200, 200, 100],2,439.0
[200, 200, 150],0,0.0
[200, 200, 150],1,0.0
[200, 200, 150],2,615.0
[200, 200, 200],0,0.0
[200, 200, 200],1,0.0
[200, 200, 200],2,801.0
[200, 200, 250],0,0.0
[200, 200, 250],1,0.0
[200, 200, 250],2,904.0
[200, 200, 300],0,0.0
[200, 200, 300],1,0.0
[200, 200, 300],2,904.0
[200, 200, 350],0,0.0
[200, 200, 350],1,0.0
[200, 200, 350],2,904.0
[200, 200, 400],0,0.0
[200, 200, 400],1,0.0
[200, 200, 400],2,904.0
[200, 250, 0],0,0.0
[200, 250, 0],1,75.0
[200, 250, 0],2,0.0
[200, 250, 50],0,0.0
[200, 250, 50],1,80.0
[200, 250, 50],2,0.0
[200, 250, 100],0,0.0
[200, 250, 100],1,96.0
[200, 250, 100],2,0.0
[200, 250, 150],0,0.0
[200, 250, 150],1,93.0
[200, 250, 150],2,0.0
[200, 250, 200],0,0.0
[200, 250, 200],1,97.0
[200, 250, 200],2,0.0
[200, 250, 250],0,0.0
[200, 250, 250],1,0.0
[200, 250, 250],2,0.0
[200, 250, 300],0,0.0
[200, 250, 300],1,0.0
[200, 250, 300],2,0.0
[200, 250, 350],0,0.0
[200, 250, 350],1,0.0
[200, 250, 350],2,0.0
[200, 250, 400],0,0.0
[200, 250, 400],1,0.0
[200, 250, 400],2,0.0
[200, 300, 0],0,0.0
[200, 300, 0],1,86.0
[200, 300, 0],2,0.0
[200, 300, 50],0,0.0
[200, 300, 50],1,92.0
[200, 300, 50],2,0.0
[200, 300, 100],0,0.0
[200, 300, 100],1,92.0
[200, 300, 100],2,0.0
[200, 300, 150],0,0.0
[200, 300, 150],1,94.0
[200, 300, 150],2,0.0
[200, 300, 200],0,0.0
[200, 300, 200],1,87.0
[200, 300, 200],2,0.0
[200, 300, 250],0,0.0
[200, 300, 250],1,0.0
[200, 300, 250],2,0.0
[200, 300, 300],0,0.0
[200, 300, 300],1,0.0
[200, 300, 300],2,0.0
[200, 300, 350],0,0.0
[200, 300, 350],1,0.0
[200, 300, 350],2,0.0
[200, 300, 400],0,0.0
[200, 300, 400],1,0.0
[200, 300, 400],2,0.0
[200, 350, 0],0,0.0
[200, 350, 0],1,96.0
[200, 350, 0],2,0.0
[200, 350, 50],0,0.0
[200, 350, 50],1,91.0
[200, 350, 50],2,0.0
[200, 350, 100],0,0.0
[200, 350, 100],1,93.0
[200, 350, 100],2,0.0
[200, 350, 150],0,0.0
[200, 350, 150],1,84.0
[200, 350, 150],2,0.0
[200, 350, 200],0,0.0
[200, 350, 200],1,74.0
[200, 350, 200],2,0.0
[200, 350, 250],0,0.0
[200, 350, 250],1,0.0
[200, 350, 250],2,0.0
[200, 350, 300],0,0.0
[200, 350, 300],1,0.0
[200, 350, 300],2,0.0
[200, 350, 350],0,0.0
[200, 350, 350],1,0.0
[200, 350, 350],2,0.0
[200, 350, 400],0,0.0
[200, 350, 400],1,0.0
[200, 350, 400],2,0.0
[200, 400, 0],0,0.0
[200, 400, 0],1,89.0
[200, 400, 0],2,0.0
[200, 400, 50],0,0.0
[200, 400, 50],1,77.0
[200, 400, 50],2,0.0
[200, 400, 100],0,0.0
[200, 400, 100],1,91.0
[200, 400, 100],2,0.0
[200, 400, 150],0,0.0
[200, 400, 150],1,85.0
[200, 400, 150],2,0.0
[200, 400, 200],0,0.0
[200, 400, 200],1,84.0
[200, 400, 200],2,0.0
[200, 400, 250],0,0.0
[200, 400, 250],1,0.0
[200, 400, 250],2,0.0
[200, 400, 300],0,0.0
[200, 400, 300],1,0.0
[200, 400, 300],2,0.0
[200, 400, 350],0,0.0
[200, 400, 350],1,0.0
[200, 400, 350],2,0.0
[200, 400, 400],0,0.0
[200, 400, 400],1,0.0
[200, 400, 400],2,0.0
[200, 450, 0],0,0.0
[200, 450, 0],1,108.0
[200, 450, 0],2,0.0
[200, 450, 50],0,0.0
[200, 450, 50],1,96.0
[200, 450, 50],2,0.0
[200, 450, 100],0,0.0
[200, 450, 100],1,99.0
[200, 450, 100],2,0.0
[200, 450, 150],0,0.0
[200, 450, 150],1,106.0
[200, 450, 150],2,0.0
[200, 450, 200],0,0.0
[200, 450, 200],1,88.0
[200, 450, 200],2,0.0
[200, 450, 250],0,0.0
[200, 450, 250],1,0.0
[200, 450, 250],2,0.0
[200, 450, 300],0,0.0
[200, 450, 300],1,0.0
[200, 450, 300],2,0.0
[200, 450, 350],0,0.0
[200, 450, 350],1,0.0
[200, 450, 350],2,0.0
[200, 450, 400],0,0.0
[200, 450, 400],1,0.0
[200, 450, 400],2,0.0
[250, 0, 0],0,84.0
[250, 0, 0],1,0.0
[250, 0, 0],2,0.0
[250, 0, 50],0,95.0
[250, 0, 50],1,0.0
[250, 0, 50],2,0.0
[250, 0, 100],0,79.0
[250, 0, 100],1,0.0
[250, 0, 100],2,0.0
[250, 0, 150],0,105.0
[250, 0, 150],1,0.0
[250, 0, 150],2,0.0
[250, 0, 200],0,77.0
[250, 0, 200],1,0.0
[250, 0, 200],2,0.0
[250, 0, 250],0,0.0
[250, 0, 250],1,0.0
[250, 0, 250],2,0.0
[250, 0, 300],0,0.0
[250, 0, 300],1,0.0
[250, 0, 300],2,0.0
[250, 0, 350],0,0.0
[250, 0, 350],1,0.0
[250, 0, 350],2,0.0
[250, 0, 400],0,0.0
[250, 0, 400],1,0.0
[250, 0, 400],2,0.0
[250, 50, 0],0,92.0
[250, 50, 0],1,0.0
[250, 50, 0],2,0.0
[250, 50, 50],0,90.0
[250, 50, 50],1,0.0
[250, 50, 50],2,0.0
[250, 50, 100],0,95.0
[250, 50, 100],1,0.0
[250, 50, 100],2,0.0
[250, 50, 150],0,101.0
[250, 50, 150],1,0.0
[250, 50, 150],2,0.0
[250, 50, 200],0,83.0
[250, 50, 200],1,0.0
[250, 50, 200],2,0.0
[250, 50, 250],0,0.0
[250, 50, 250],1,0.0
[250, 50, 250],2,0.0
[250, 50, 300],0,0.0
[250, 50, 300],1,0.0
[250, 50, 300],2,0.0
[250, 50, 350],0,0.0
[250, 50, 350],1,0.0
[250, 50, 350],2,0.0
[250, 50, 400],0,0.0
[250, 50, 400],1,0.0
[250, 50, 400],2,0.0
[250, 100, 0],0,85.0
[250, 100, 0],1,0.0
[250, 100, 0],2,0.0
[250, 100, 50],0,84.0
[250, 100, 50],1,0.0
[250, 100, 50],2,0.0
[250, 100, 100],0,107.0
[250, 100, 100],1,0.0
[250, 100, 100],2,0.0
[250, 100, 150],0,84.0
[250, 100, 150],1,0.0
[250, 100, 150],2,0.0
[250, 100, 200],0,85.0
[250, 100, 200],1,0.0
[250, 100, 200],2,0.0
[250, 100, 250],0,0.0
[250, 100, 250],1,0.0
[250, 100, 250],2,0.0
[250, 100, 300],0,0.0
[250, 100, 300],1,0.0
[250, 100, 300],2,0.0
[250, 100, 350],0,0.0
[250, 100, 350],1,0.0
[250, 100, 350],2,0.0
[250, 100, 400],0,0.0
[250, 100, 400],1,0.0
[250, 100, 400],2,0.0
[250, 150, 0],0,69.0
[250, 150, 0],1,0.0
[250, 150, 0],2,0.0
[250, 150, 50],0,92.0
[250, 150, 50],1,0.0
[250, 150, 50],2,0.0
[250, 150, 100],0,83.0
[250, 150, 100],1,0.0
[250, 150, 100],2,0.0
[250, 150, 150],0,94.0
[250, 150, 150],1,0.0
[250, 150, 150],2,0.0
[250, 150, 200],0,93.0
[250, 150, 200],1,0.0
[250, 150, 200],2,0.0
[250, 150, 250],0,0.0
[250, 150, 250],1,0.0
[250, 150, 250],2,0.0
[250, 150, 300],0,0.0
[250, 150, 300],1,0.0
[250, 150, 300],2,0.0
[250, 150, 350],0,0.0
[250, 150, 350],1,0.0
[250, 150, 350],2,0.0
[250, 150, 400],0,0.0
[250, 150, 400],1,0.0
[250, 150, 400],2,0.0
[250, 200, 0],0,80.0
[250, 200, 0],1,0.0
[250, 200, 0],2,0.0
[250, 200, 50],0,82.0
[250, 200, 50],1,0.0
[250, 200, 50],2,0.0
[250, 200, 100],0,87.0
[250, 200, 100],1,0.0
[250, 200, 100],2,0.0
[250, 200, 150],0,104.0
[250, 200, 150],1,0.0
[250, 200, 150],2,0.0
[250, 200, 200],0,103.0
[250, 200, 200],1,0.0
[250, 200, 200],2,0.0
[250, 200, 250],0,0.0
[250, 200, 250],1,0.0
[250, 200, 250],2,0.0
[250, 200, 300],0,0.0
[250, 200, 300],1,0.0
[250, 200, 300],2,0.0
[250, 200, 350],0,0.0
[250, 200, 350],1,0.0
[250, 200, 350],2,0.0
[250, 200, 400],0,0.0
[250, 200, 400],1,0.0
[250, 200, 400],2,0.0
[250, 250, 0],0,0.0
[250, 250, 0],1,0.0
[250, 250, 0],2,94.0
[250, 250, 50],0,0.0
[250, 250, 50],1,0.0
[250, 250, 50],2,271.0
[250, 250, 100],0,0.0
[250, 250, 100],1,0.0
[250, 250, 100],2,443.0
[250, 250, 150],0,0.0
[250, 250, 150],1,0.0
[250, 250, 150],2,652.0
[250, 250, 200],0,0.0
[250, 250, 200],1,0.0
[250, 250, 200],2,821.0
[250, 250, 250],0,0.0
[250, 250, 250],1,0.0
[250, 250, 250],2,918.0
[250, 250, 300],0,0.0
[250, 250, 300],1,0.0
[250, 250, 300],2,918.0
[250, 250, 350],0,0.0
[250, 250, 350],1,0.0
[250, 250, 350],2,918.0
[250, 250, 400],0,0.0
[250, 250, 400],1,0.0
[250, 250, 400],2,918.0
[250, 300, 0],0,0.0
[250, 300, 0],1,80.0
[250, 300, 0],2,0.0
[250, 300, 50],0,0.0
[250, 300, 50],1,86.0
[250, 300, 50],2,0.0
[250, 300, 100],0,0.0
[250, 300, 100],1,92.0
[250, 300, 100],2,0.0
[250, 300, 150],0,0.0
[250, 300, 150],1,92.0
[250, 300, 150],2,0.0
[250, 300, 200],0,0.0
[250, 300, 200],1,94.0
[250, 300, 200],2,0.0
[250, 300, 250],0,0.0
[250, 300, 250],1,87.0
[250, 300, 250],2,0.0
[250, 300, 300],0,0.0
[250, 300, 300],1,0.0
[250, 300, 300],2,0.0
[250, 300, 350],0,0.0
[250, 300, 350],1,0.0
[250, 300, 350],2,0.0
[250, 300, 400],0,0.0
[250, 300, 400],1,0.0
[250, 300, 400],2,0.0
[250, 350, 0],0,0.0
[250, 350, 0],1,90.0
[250, 350, 0],2,0.0
[250, 350, 50],0,0.0
[250, 350, 50],1,96.0
[250, 350, 50],2,0.0
[250, 350, 100],0,0.0
[250, 350, 100],1,91.0
[250, 350, 100],2,0.0
[250, 350, 150],0,0.0
[250, 350, 150],1,93.0
[250, 350, 150],2,0.0
[250, 350, 200],0,0.0
[250, 350, 200],1,84.0
[250, 350, 200],2,0.0
[250, 350, 250],0,0.0
[250, 350, 250],1,74.0
[250, 350, 250],2,0.0
[250, 350, 300],0,0.0
[250, 350, 300],1,0.0
[250, 350, 300],2,0.0
[250, 350, 350],0,0.0
[250, 350, 350],1,0.0
[250, 350, 350],2,0.0
[250, 350, 400],0,0.0
[250, 350, 400],1,0.0
[250, 350, 400],2,0.0
[250, 400, 0],0,0.0
[250, 400, 0],1,79.0
[250, 400, 0],2,0.0
[250, 400, 50],0,0.0
[250, 400, 50],1,89.0
[250, 400, 50],2,0.0
[250, 400, 100],0,0.0
[250, 400, 100],1,77.0
[250, 400, 100],2,0.0
[250, 400, 150],0,0.0
[250, 400, 150],1,91.0
[250, 400, 150],2,0.0
[250, 400, 200],0,0.0
[250, 400, 200],1,85.0
[250, 400, 200],2,0.0
[250, 400, 250],0,0.0
[250, 400, 250],1,84.0
[250, 400, 250],2,0.0
[250, 400, 300],0,0.0
[250, 400, 300],1,0.0
[250, 400, 300],2,0.0
[250, 400, 350],0,0.0
[250, 400, 350],1,0.0
[250, 400, 350],2,0.0
[250, 400, 400],0,0.0
[250, 400, 400],1,0.0
[250, 400, 400],2,0.0
[250, 450, 0],0,0.0
[250, 450, 0],1,79.0
[250, 450, 0],2,0.0
[250, 450, 50],0,0.0
[250, 450, 50],1,108.0
[250, 450, 50],2,0.0
[250, 450, 100],0,0.0
[250, 450, 100],1,96.0
[250, 450, 100],2,0.0
[250, 450, 150],0,0.0
[250, 450, 150],1,99.0
[250, 450, 150],2,0.0
[250, 450, 200],0,0.0
[250, 450, 200],1,106.0
[250, 450, 200],2,0.0
[250, 450, 250],0,0.0
[250, 450, 250],1,88.0
[250, 450, 250],2,0.0
[250, 450, 300],0,0.0
[250, 450, 300],1,0.0
[250, 450, 300],2,0.0
[250, 450, 350],0,0.0
[250, 450, 350],1,0.0
[250, 450, 350],2,0.0
[250, 450, 400],0,0.0
[250, 450, 400],1,0.0
[250, 450, 400],2,0.0
[300, 0, 0],0,95.0
[300, 0, 0],1,0.0
[300, 0, 0],2,0.0
[300, 0, 50],0,79.0
[300, 0, 50],1,0.0
[300, 0, 50],2,0.0
[300, 0, 100],0,105.0
[300, 0, 100],1,0.0
[300, 0, 100],2,0.0
[300, 0, 150],0,77.0
[300, 0, 150],1,0.0
[300, 0, 150],2,0.0
[300, 0, 200],0,0.0
[300, 0, 200],1,0.0
[300, 0, 200],2,0.0
[300, 0, 250],0,0.0
[300, 0, 250],1,0.0
[300, 0, 250],2,0.0
[300, 0, 300],0,0.0
[300, 0, 300],1,0.0
[300, 0, 300],2,0.0
[300, 0, 350],0,0.0
[300, 0, 350],1,0.0
[300, 0, 350],2,0.0
[300, 0, 400],0,0.0
[300, 0, 400],1,0.0
[300, 0, 400],2,0.0
[300, 50, 0],0,90.0
[300, 50, 0],1,0.0
[300, 50, 0],2,0.0
[300, 50, 50],0,95.0
[300, 50, 50],1,0.0
[300, 50, 50],2,0.0
[300, 50, 100],0,101.0
[300, 50, 100],1,0.0
[300, 50, 100],2,0.0
[300, 50, 150],0,83.0
[300, 50, 150],1,0.0
[300, 50, 150],2,0.0
[300, 50, 200],0,0.0
[300, 50, 200],1,0.0
[300, 50, 200],2,0.0
[300, 50, 250],0,0.0
[300, 50, 250],1,0.0
[300, 50, 250],2,0.0
[300, 50, 300],0,0.0
[300, 50, 300],1,0.0
[300, 50, 300],2,0.0
[300, 50, 350],0,0.0
[300, 50, 350],1,0.0
[300, 50, 350],2,0.0
[300, 50, 400],0,0.0
[300, 50, 400],1,0.0
[300, 50, 400],2,0.0
[300, 100, 0],0,84.0
[300, 100, 0],1,0.0
[300, 100, 0],2,0.0
[300, 100, 50],0,107.0
[300, 100, 50],1,0.0
[300, 100, 50],2,0.0
[300, 100, 100],0,84.0
[300, 100, 100],1,0.0
[300, 100, 100],2,0.0
[300, 100, 150],0,85.0
[300, 100, 150],1,0.0
[300, 100, 150],2,0.0
[300, 100, 200],0,0.0
[300, 100, 200],1,0.0
[300, 100, 200],2,0.0
[300, 100, 250],0,0.0
[300, 100, 250],1,0.0
[300, 100, 250],2,0.0
[300, 100, 300],0,0.0
[300, 100, 300],1,0.0
[300, 100, 300],2,0.0
[300, 100, 350],0,0.0
[300, 100, 350],1,0.0
[300, 100, 350],2,0.0
[300, 100, 400],0,0.0
[300, 100, 400],1,0.0
[300, 100, 400],2,0.0
[300, 150, 0],0,92.0
[300, 150, 0],1,0.0
[300, 150, 0],2,0.0
[300, 150, 50],0,83.0
[300, 150, 50],1,0.0
[300, 150, 50],2,0.0
[300, 150, 100],0,94.0
[300, 150, 100],1,0.0
[300, 150, 100],2,0.0
[300, 150, 150],0,93.0
[300, 150, 150],1,0.0
[300, 150, 150],2,0.0
[300, 150, 200],0,0.0
[300, 150, 200],1,0.0
[300, 150, 200],2,0.0
[300, 150, 250],0,0.0
[300, 150, 250],1,0.0
[300, 150, 250],2,0.0
[300, 150, 300],0,0.0
[300, 150, 300],1,0.0
[300, 150, 300],2,0.0
[300, 150, 350],0,0.0
[300, 150, 350],1,0.0
[300, 150, 350],2,0.0
[300, 150, 400],0,0.0
[300, 150, 400],1,0.0
[300, 150, 400],2,0.0
[300, 200, 0],0,82.0
[300, 200, 0],1,0.0
[300, 200, 0],2,0.0
[300, 200, 50],0,87.0
[300, 200, 50],1,0.0
[300, 200, 50],2,0.0
[300, 200, 100],0,104.0
[300, 200, 100],1,0.0
[300, 200, 100],2,0.0
[300, 200, 150],0,103.0
[300, 200, 150],1,0.0
[300, 200, 150],2,0.0
[300, 200, 200],0,0.0
[300, 200, 200],1,0.0
[300, 200, 200],2,0.0
[300, 200, 250],0,0.0
[300, 200, 250],1,0.0
[300, 200, 250],2,0.0
[300, 200, 300],0,0.0
[300, 200, 300],1,0.0
[300, 200, 300],2,0.0
[300, 200, 350],0,0.0
[300, 200, 350],1,0.0
[300, 200, 350],2,0.0
[300, 200, 400],0,0.0
[300, 200, 400],1,0.0
[300, 200, 400],2,0.0
[300, 250, 0],0,102.0
[300, 250, 0],1,0.0
[300, 250, 0],2,0.0
[300, 250, 50],0,92.0
[300, 250, 50],1,0.0
[300, 250, 50],2,0.0
[300, 250, 100],0,113.0
[300, 250, 100],1,0.0
[300, 250, 100],2,0.0
[300, 250, 150],0,76.0
[300, 250, 150],1,0.0
[300, 250, 150],2,0.0
[300, 250, 200],0,0.0
[300, 250, 200],1,0.0
[300, 250, 200],2,0.0
[300, 250, 250],0,0.0
[300, 250, 250],1,0.0
[300, 250, 250],2,0.0
[300, 250, 300],0,0.0
[300, 250, 300],1,0.0
[300, 250, 300],2,0.0
[300, 250, 350],0,0.0
[300, 250, 350],1,0.0
[300, 250, 350],2,0.0
[300, 250, 400],0,0.0
[300, 250, 400],1,0.0
[300, 250, 400],2,0.0
[300, 300, 0],0,0.0
[300, 300, 0],1,0.0
[300, 300, 0],2,89.0
[300, 300, 50],0,0.0
[300, 300, 50],1,0.0
[300, 300, 50],2,248.0
[300, 300, 100],0,0.0
[300, 300, 100],1,0.0
[300, 300, 100],2,417.0
[300, 300, 150],0,0.0
[300, 300, 150],1,0.0
[300, 300, 150],2,588.0
[300, 300, 200],0,0.0
[300, 300, 200],1,0.0
[300, 300, 200],2,680.0
[300, 300, 250],0,0.0
[300, 300, 250],1,0.0
[300, 300, 250],2,774.0
[300, 300, 300],0,0.0
[300, 300, 300],1,0.0
[300, 300, 300],2,861.0
[300, 300, 350],0,0.0
[300, 300, 350],1,0.0
[300, 300, 350],2,861.0
[300, 300, 400],0,0.0
[300, 300, 400],1,0.0
[300, 300, 400],2,861.0
[300, 350, 0],0,0.0
[300, 350, 0],1,89.0
[300, 350, 0],2,0.0
[300, 350, 50],0,0.0
[300, 350, 50],1,90.0
[300, 350, 50],2,0.0
[300, 350, 100],0,0.0
[300, 350, 100],1,96.0
[300, 350, 100],2,0.0
[300, 350, 150],0,0.0
[300, 350, 150],1,91.0
[300, 350, 150],2,0.0
[300, 350, 200],0,0.0
[300, 350, 200],1,93.0
[300, 350, 200],2,0.0
[300, 350, 250],0,0.0
[300, 350, 250],1,84.0
[300, 350, 250],2,0.0
[300, 350, 300],0,0.0
[300, 350, 300],1,74.0
[300, 350, 300],2,0.0
[300, 350, 350],0,0.0
[300, 350, 350],1,0.0
[300, 350, 350],2,0.0
[300, 350, 400],0,0.0
[300, 350, 400],1,0.0
[300, 350, 400],2,0.0
[300, 400, 0],0,0.0
[300, 400, 0],1,88.0
[300, 400, 0],2,0.0
[300, 400, 50],0,0.0
[300, 400, 50],1,79.0
[300, 400, 50],2,0.0
[300, 400, 100],0,0.0
[300, 400, 100],1,89.0
[300, 400, 100],2,0.0
[300, 400, 150],0,0.0
[300, 400, 150],1,77.0
[300, 400, 150],2,0.0
[300, 400, 200],0,0.0
[300, 400, 200],1,91.0
[300, 400, 200],2,0.0
[300, 400, 250],0,0.0
[300, 400, 250],1,85.0
[300, 400, 250],2,0.0
[300, 400, 300],0,0.0
[300, 400, 300],1,84.0
[300, 400, 300],2,0.0
[300, 400, 350],0,0.0
[300, 400, 350],1,0.0
[300, 400, 350],2,0.0
[300, 400, 400],0,0.0
[300, 400, 400],1,0.0
[300, 400, 400],2,0.0
[300, 450, 0],0,0.0
[300, 450, 0],1,84.0
[300, 450, 0],2,0.0
[300, 450, 50],0,0.0
[300, 450, 50],1,79.0
[300, 450, 50],2,0.0
[300, 450, 100],0,0.0
[300, 450, 100],1,108.0
[300, 450, 100],2,0.0
[300, 450, 150],0,0.0
[300, 450, 150],1,96.0
[300, 450, 150],2,0.0
[300, 450, 200],0,0.0
[300, 450, 200],1,99.0
[300, 450, 200],2,0.0
[300, 450, 250],0,0.0
[300, 450, 250],1,106.0
[300, 450, 250],2,0.0
[300, 450, 300],0,0.0
[300, 450, 300],1,88.0
[300, 450, 300],2,0.0
[300, 450, 350],0,0.0
[300, 450, 350],1,0.0
[300, 450, 350],2,0.0
[300, 450, 400],0,0.0
[300, 450, 400],1,0.0
[300, 450, 400],2,0.0
[350, 0, 0],0,79.0
[350, 0, 0],1,0.0
[350, 0, 0],2,0.0
[350, 0, 50],0,105.0
[350, 0, 50],1,0.0
[350, 0, 50],2,0.0
[350, 0, 100],0,77.0
[350, 0, 100],1,0.0
[350, 0, 100],2,0.0
[350, 0, 150],0,0.0
[350, 0, 150],1,0.0
[350, 0, 150],2,0.0
[350, 0, 200],0,0.0
[350, 0, 200],1,0.0
[350, 0, 200],2,0.0
[350, 0, 250],0,0.0
[350, 0, 250],1,0.0
[350, 0, 250],2,0.0
[350, 0, 300],0,0.0
[350, 0, 300],1,0.0
[350, 0, 300],2,0.0
[350, 0, 350],0,0.0
[350, 0, 350],1,0.0
[350, 0, 350],2,0.0
[350, 0, 400],0,0.0
[350, 0, 400],1,0.0
[350, 0, 400],2,0.0
[350, 50, 0],0,95.0
[350, 50, 0],1,0.0
[350, 50, 0],2,0.0
[350, 50, 50],0,101.0
[350, 50, 50],1,0.0
[350, 50, 50],2,0.0
[350, 50, 100],0,83.0
[350, 50, 100],1,0.0
[350, 50, 100],2,0.0
[350, 50, 150],0,0.0
[350, 50, 150],1,0.0
[350, 50, 150],2,0.0
[350, 50, 200],0,0.0
[350, 50, 200],1,0.0
[350, 50, 200],2,0.0
[350, 50, 250],0,0.0
[350, 50, 250],1,0.0
[350, 50, 250],2,0.0
[350, 50, 300],0,0.0
[350, 50, 300],1,0.0
[350, 50, 300],2,0.0
[350, 50, 350],0,0.0
[350, 50, 350],1,0.0
[350, 50, 350],2,0.0
[350, 50, 400],0,0.0
[350, 50, 400],1,0.0
[350, 50, 400],2,0.0
[350, 100, 0],0,107.0
[350, 100, 0],1,0.0
[350, 100, 0],2,0.0
[350, 100, 50],0,84.0
[350, 100, 50],1,0.0
[350, 100, 50],2,0.0
[350, 100, 100],0,85.0
[350, 100, 100],1,0.0
[350, 100, 100],2,0.0
[350, 100, 150],0,0.0
[350, 100, 150],1,0.0
[350, 100, 150],2,0.0
[350, 100, 200],0,0.0
[350, 100, 200],1,0.0
[350, 100, 200],2,0.0
[350, 100, 250],0,0.0
[350, 100, 250],1,0.0
[350, 100, 250],2,0.0
[350, 100, 300],0,0.0
[350, 100, 300],1,0.0
[350, 100, 300],2,0.0
[350, 100, 350],0,0.0
[350, 100, 350],1,0.0
[350, 100, 350],2,0.0
[350, 100, 400],0,0.0
[350, 100, 400],1,0.0
[350, 100, 400],2,0.0
[350, 150, 0],0,83.0
[350, 150, 0],1,0.0
[350, 150, 0],2,0.0
[350, 150, 50],0,94.0
[350, 150, 50],1,0.0
[350, 150, 50],2,0.0
[350, 150, 100],0,93.0
[350, 150, 100],1,0.0
[350, 150, 100],2,0.0
[350, 150, 150],0,0.0
[350, 150, 150],1,0.0
[350, 150, 150],2,0.0
[350, 150, 200],0,0.0
[350, 150, 200],1,0.0
[350, 150, 200],2,0.0
[350, 150, 250],0,0.0
[350, 150, 250],1,0.0
[350, 150, 250],2,0.0
[350, 150, 300],0,0.0
[350, 150, 300],1,0.0
[350, 150, 300],2,0.0
[350, 150, 350],0,0.0
[350, 150, 350],1,0.0
[350, 150, 350],2,0.0
[350, 150, 400],0,0.0
[350, 150, 400],1,0.0
[350, 150, 400],2,0.0
[350, 200, 0],0,87.0
[350, 200, 0],1,0.0
[350, 200, 0],2,0.0
[350, 200, 50],0,104.0
[350, 200, 50],1,0.0
[350, 200, 50],2,0.0
[350, 200, 100],0,103.0
[350, 200, 100],1,0.0
[350, 200, 100],2,0.0
[350, 200, 150],0,0.0
[350, 200, 150],1,0.0
[350, 200, 150],2,0.0
[350, 200, 200],0,0.0
[350, 200, 200],1,0.0
[350, 200, 200],2,0.0
[350, 200, 250],0,0.0
[350, 200, 250],1,0.0
[350, 200, 250],2,0.0
[350, 200, 300],0,0.0
[350, 200, 300],1,0.0
[350, 200, 300],2,0.0
[350, 200, 350],0,0.0
[350, 200, 350],1,0.0
[350, 200, 350],2,0.0
[350, 200, 400],0,0.0
[350, 200, 400],1,0.0
[350, 200, 400],2,0.0
[350, 250, 0],0,92.0
[350, 250, 0],1,0.0
[350, 250, 0],2,0.0
[350, 250, 50],0,113.0
[350, 250, 50],1,0.0
[350, 250, 50],2,0.0
[350, 250, 100],0,76.0
[350, 250, 100],1,0.0
[350, 250, 100],2,0.0
[350, 250, 150],0,0.0
[350, 250, 150],1,0.0
[350, 250, 150],2,0.0
[350, 250, 200],0,0.0
[350, 250, 200],1,0.0
[350, 250, 200],2,0.0
[350, 250, 250],0,0.0
[350, 250, 250],1,0.0
[350, 250, 250],2,0.0
[350, 250, 300],0,0.0
[350, 250, 300],1,0.0
[350, 250, 300],2,0.0
[350, 250, 350],0,0.0
[350, 250, 350],1,0.0
[350, 250, 350],2,0.0
[350, 250, 400],0,0.0
[350, 250, 400],1,0.0
[350, 250, 400],2,0.0
[350, 300, 0],0,79.0
[350, 300, 0],1,0.0
[350, 300, 0],2,0.0
[350, 300, 50],0,83.0
[350, 300, 50],1,0.0
[350, 300, 50],2,0.0
[350, 300, 100],0,79.0
[350, 300, 100],1,0.0
[350, 300, 100],2,0.0
[350, 300, 150],0,0.0
[350, 300, 150],1,0.0
[350, 300, 150],2,0.0
[350, 300, 200],0,0.0
[350, 300, 200],1,0.0
[350, 300, 200],2,0.0
[350, 300, 250],0,0.0
[350, 300, 250],1,0.0
[350, 300, 250],2,0.0
[350, 300, 300],0,0.0
[350, 300, 300],1,0.0
[350, 300, 300],2,0.0
[350, 300, 350],0,0.0
[350, 300, 350],1,0.0
[350, 300, 350],2,0.0
[350, 300, 400],0,0.0
[350, 300, 400],1,0.0
[350, 300, 400],2,0.0
[350, 350, 0],0,0.0
[350, 350, 0],1,0.0
[350, 350, 0],2,91.0
[350, 350, 50],0,0.0
[350, 350, 50],1,0.0
[350, 350, 50],2,270.0
[350, 350, 100],0,0.0
[350, 350, 100],1,0.0
[350, 350, 100],2,441.0
[350, 350, 150],0,0.0
[350, 350, 150],1,0.0
[350, 350, 150],2,537.0
[350, 350, 200],0,0.0
[350, 350, 200],1,0.0
[350, 350, 200],2,628.0
[350, 350, 250],0,0.0
[350, 350, 250],1,0.0
[350, 350, 250],2,721.0
[350, 350, 300],0,0.0
[350, 350, 300],1,0.0
[350, 350, 300],2,805.0
[350, 350, 350],0,0.0
[350, 350, 350],1,0.0
[350, 350, 350],2,879.0
[350, 350, 400],0,0.0
[350, 350, 400],1,0.0
[350, 350, 400],2,879.0
[350, 400, 0],0,0.0
[350, 400, 0],1,99.0
[350, 400, 0],2,0.0
[350, 400, 50],0,0.0
[350, 400, 50],1,88.0
[350, 400, 50],2,0.0
[350, 400, 100],0,0.0
[350, 400, 100],1,79.0
[350, 400, 100],2,0.0
[350, 400, 150],0,0.0
[350, 400, 150],1,89.0
[350, 400, 150],2,0.0
[350, 400, 200],0,0.0
[350, 400, 200],1,77.0
[350, 400, 200],2,0.0
[350, 400, 250],0,0.0
[350, 400, 250],1,91.0
[350, 400, 250],2,0.0
[350, 400, 300],0,0.0
[350, 400, 300],1,85.0
[350, 400, 300],2,0.0
[350, 400, 350],0,0.0
[350, 400, 350],1,84.0
[350, 400, 350],2,0.0
[350, 400, 400],0,0.0
[350, 400, 400],1,0.0
[350, 400, 400],2,0.0
[350, 450, 0],0,0.0
[350, 450, 0],1,86.0
[350, 450, 0],2,0.0
[350, 450, 50],0,0.0
[350, 450, 50],1,84.0
[350, 450, 50],2,0.0
[350, 450, 100],0,0.0
[350, 450, 100],1,79.0
[350, 450, 100],2,0.0
[350, 450, 150],0,0.0
[350, 450, 150],1,108.0
[350, 450, 150],2,0.0
[350, 450, 200],0,0.0
[350, 450, 200],1,96.0
[350, 450, 200],2,0.0
[350, 450, 250],0,0.0
[350, 450, 250],1,99.0
[350, 450, 250],2,0.0
[350, 450, 300],0,0.0
[350, 450, 300],1,106.0
[350, 450, 300],2,0.0
[350, 450, 350],0,0.0
[350, 450, 350],1,88.0
[350, 450, 350],2,0.0
[350, 450, 400],0,0.0
[350, 450, 400],1,0.0
[350, 450, 400],2,0.0
[400, 0, 0],0,105.0
[400, 0, 0],1,0.0
[400, 0, 0],2,0.0
[400, 0, 50],0,77.0
[400, 0, 50],1,0.0
[400, 0, 50],2,0.0
[400, 0, 100],0,0.0
[400, 0, 100],1,0.0
[400, 0, 100],2,0.0
[400, 0, 150],0,0.0
[400, 0, 150],1,0.0
[400, 0, 150],2,0.0
[400, 0, 200],0,0.0
[400, 0, 200],1,0.0
[400, 0, 200],2,0.0
[400, 0, 250],0,0.0
[400, 0, 250],1,0.0
[400, 0, 250],2,0.0
[400, 0, 300],0,0.0
[400, 0, 300],1,0.0
[400, 0, 300],2,0.0
[400, 0, 350],0,0.0
[400, 0, 350],1,0.0
[400, 0, 350],2,0.0
[400, 0, 400],0,0.0
[400, 0, 400],1,0.0
[400, 0, 400],2,0.0
[400, 50, 0],0,101.0
[400, 50, 0],1,0.0
[400, 50, 0],2,0.0
[400, 50, 50],0,83.0
[400, 50, 50],1,0.0
[400, 50, 50],2,0.0
[400, 50, 100],0,0.0
[400, 50, 100],1,0.0
[400, 50, 100],2,0.0
[400, 50, 150],0,0.0
[400, 50, 150],1,0.0
[400, 50, 150],2,0.0
[400, 50, 200],0,0.0
[400, 50, 200],1,0.0
[400, 50, 200],2,0.0
[400, 50, 250],0,0.0
[400, 50, 250],1,0.0
[400, 50, 250],2,0.0
[400, 50, 300],0,0.0
[400, 50, 300],1,0.0
[400, 50, 300],2,0.0
[400, 50, 350],0,0.0
[400, 50, 350],1,0.0
[400, 50, 350],2,0.0
[400, 50, 400],0,0.0
[400, 50, 400],1,0.0
[400, 50, 400],2,0.0
[400, 100, 0],0,84.0
[400, 100, 0],1,0.0
[400, 100, 0],2,0.0
[400, 100, 50],0,85.0
[400, 100, 50],1,0.0
[400, 100, 50],2,0.0
[400, 100, 100],0,0.0
[400, 100, 100],1,0.0
[400, 100, 100],2,0.0
[400, 100, 150],0,0.0
[400, 100, 150],1,0.0
[400, 100, 150],2,0.0
[400, 100, 200],0,0.0
[400, 100, 200],1,0.0
[400, 100, 200],2,0.0
[400, 100, 250],0,0.0
[400, 100, 250],1,0.0
[400, 100, 250],2,0.0
[400, 100, 300],0,0.0
[400, 100, 300],1,0.0
[400, 100, 300],2,0.0
[400, 100, 350],0,0.0
[400, 100, 350],1,0.0
[400, 100, 350],2,0.0
[400, 100, 400],0,0.0
[400, 100, 400],1,0.0
[400, 100, 400],2,0.0
[400, 150, 0],0,94.0
[400, 150, 0],1,0.0
[400, 150, 0],2,0.0
[400, 150, 50],0,93.0
[400, 150, 50],1,0.0
[400, 150, 50],2,0.0
[400, 150, 100],0,0.0
[400, 150, 100],1,0.0
[400, 150, 100],2,0.0
[400, 150, 150],0,0.0
[400, 150, 150],1,0.0
[400, 150, 150],2,0.0
[400, 150, 200],0,0.0
[400, 150, 200],1,0.0
[400, 150, 200],2,0.0
[400, 150, 250],0,0.0
[400, 150, 250],1,0.0
[400, 150, 250],2,0.0
[400, 150, 300],0,0.0
[400, 150, 300],1,0.0
[400, 150, 300],2,0.0
[400, 150, 350],0,0.0
[400, 150, 350],1,0.0
[400, 150, 350],2,0.0
[400, 150, 400],0,0.0
[400, 150, 400],1,0.0
[400, 150, 400],2,0.0
[400, 200, 0],0,104.0
[400, 200, 0],1,0.0
[400, 200, 0],2,0.0
[400, 200, 50],0,103.0
[400, 200, 50],1,0.0
[400, 200, 50],2,0.0
[400, 200, 100],0,0.0
[400, 200, 100],1,0.0
[400, 200, 100],2,0.0
[400, 200, 150],0,0.0
[400, 200, 150],1,0.0
[400, 200, 150],2,0.0
[400, 200, 200],0,0.0
[400, 200, 200],1,0.0
[400, 200, 200],2,0.0
[400, 200, 250],0,0.0
[400, 200, 250],1,0.0
[400, 200, 250],2,0.0
[400, 200, 300],0,0.0
[400, 200, 300],1,0.0
[400, 200, 300],2,0.0
[400, 200, 350],0,0.0
[400, 200, 350],1,0.0
[400, 200, 350],2,0.0
[400, 200, 400],0,0.0
[400, 200, 400],1,0.0
[400, 200, 400],2,0.0
[400, 250, 0],0,113.0
[400, 250, 0],1,0.0
[400, 250, 0],2,0.0
[400, 250, 50],0,76.0
[400, 250, 50],1,0.0
[400, 250, 50],2,0.0
[400, 250, 100],0,0.0
[400, 250, 100],1,0.0
[400, 250, 100],2,0.0
[400, 250, 150],0,0.0
[400, 250, 150],1,0.0
[400, 250, 150],2,0.0
[400, 250, 200],0,0.0
[400, 250, 200],1,0.0
[400, 250, 200],2,0.0
[400, 250, 250],0,0.0
[400, 250, 250],1,0.0
[400, 250, 250],2,0.0
[400, 250, 300],0,0.0
[400, 250, 300],1,0.0
[400, 250, 300],2,0.0
[400, 250, 350],0,0.0
[400, 250, 350],1,0.0
[400, 250, 350],2,0.0
[400, 250, 400],0,0.0
[400, 250, 400],1,0.0
[400, 250, 400],2,0.0
[400, 300, 0],0,83.0
[400, 300, 0],1,0.0
[400, 300, 0],2,0.0
[400, 300, 50],0,79.0
[400, 300, 50],1,0.0
[400, 300, 50],2,0.0
[400, 300, 100],0,0.0
[400, 300, 100],1,0.0
[400, 300, 100],2,0.0
[400, 300, 150],0,0.0
[400, 300, 150],1,0.0
[400, 300, 150],2,0.0
[400, 300, 200],0,0.0
[400, 300, 200],1,0.0
[400, 300, 200],2,0.0
[400, 300, 250],0,0.0
[400, 300, 250],1,0.0
[400, 300, 250],2,0.0
[400, 300, 300],0,0.0
[400, 300, 300],1,0.0
[400, 300, 300],2,0.0
[400, 300, 350],0,0.0
[400, 300, 350],1,0.0
[400, 300, 350],2,0.0
[400, 300, 400],0,0.0
[400, 300, 400],1,0.0
[400, 300, 400],2,0.0
[400, 350, 0],0,90.0
[400, 350, 0],1,0.0
[400, 350, 0],2,0.0
[400, 350, 50],0,81.0
[400, 350, 50],1,0.0
[400, 350, 50],2,0.0
[400, 350, 100],0,0.0
[400, 350, 100],1,0.0
[400, 350, 100],2,0.0
[400, 350, 150],0,0.0
[400, 350, 150],1,0.0
[400, 350, 150],2,0.0
[400, 350, 200],0,0.0
[400, 350, 200],1,0.0
[400, 350, 200],2,0.0
[400, 350, 250],0,0.0
[400, 350, 250],1,0.0
[400, 350, 250],2,0.0
[400, 350, 300],0,0.0
[400, 350, 300],1,0.0
[400, 350, 300],2,0.0
[400, 350, 350],0,0.0
[400, 350, 350],1,0.0
[400, 350, 350],2,0.0
[400, 350, 400],0,0.0
[400, 350, 400],1,0.0
[400, 350, 400],2,0.0
[400, 400, 0],0,0.0
[400, 400, 0],1,0.0
[400, 400, 0],2,104.0
[400, 400, 50],0,0.0
[400, 400, 50],1,0.0
[400, 400, 50],2,297.0
[400, 400, 100],0,0.0
[400, 400, 100],1,0.0
[400, 400, 100],2,385.0
[400, 400, 150],0,0.0
[400, 400, 150],1,0.0
[400, 400, 150],2,464.0
[400, 400, 200],0,0.0
[400, 400, 200],1,0.0
[400, 400, 200],2,553.0
[400, 400, 250],0,0.0
[400, 400, 250],1,0.0
[400, 400, 250],2,630.0
[400, 400, 300],0,0.0
[400, 400, 300],1,0.0
[400, 400, 300],2,721.0
[400, 400, 350],0,0.0
[400, 400, 350],1,0.0
[400, 400, 350],2,806.0
[400, 400, 400],0,0.0
[400, 400, 400],1,0.0
[400, 400, 400],2,890.0
[400, 450, 0],0,0.0
[400, 450, 0],1,73.0
[400, 450, 0],2,0.0
[400, 450, 50],0,0.0
[400, 450, 50],1,86.0
[400, 450, 50],2,0.0
[400, 450, 100],0,0.0
[400, 450, 100],1,84.0
[400, 450, 100],2,0.0
[400, 450, 150],0,0.0
[400, 450, 150],1,79.0
[400, 450, 150],2,0.0
[400, 450, 200],0,0.0
[400, 450, 200],1,108.0
[400, 450, 200],2,0.0
[400, 450, 250],0,0.0
[400, 450, 250],1,96.0
[400, 450, 250],2,0.0
[400, 450, 300],0,0.0
[400, 450, 300],1,99.0
[400, 450, 300],2,0.0
[400, 450, 350],0,0.0
[400, 450, 350],1,106.0
[400, 450, 350],2,0.0
[400, 450, 400],0,0.0
[400, 450, 400],1,88.0
[400, 450, 400],2,0.0
[450, 0, 0],0,77.0
[450, 0, 0],1,0.0
[450, 0, 0],2,0.0
[450, 0, 50],0,0.0
[450, 0, 50],1,0.0
[450, 0, 50],2,0.0
[450, 0, 100],0,0.0
[450, 0, 100],1,0.0
[450, 0, 100],2,0.0
[450, 0, 150],0,0.0
[450, 0, 150],1,0.0
[450, 0, 150],2,0.0
[450, 0, 200],0,0.0
[450, 0, 200],1,0.0
[450, 0, 200],2,0.0
[450, 0, 250],0,0.0
[450, 0, 250],1,0.0
[450, 0, 250],2,0.0
[450, 0, 300],0,0.0
[450, 0, 300],1,0.0
[450, 0, 300],2,0.0
[450, 0, 350],0,0.0
[450, 0, 350],1,0.0
[450, 0, 350],2,0.0
[450, 0, 400],0,0.0
[450, 0, 400],1,0.0
[450, 0, 400],2,0.0
[450, 50, 0],0,83.0
[450, 50, 0],1,0.0
[450, 50, 0],2,0.0
[450, 50, 50],0,0.0
[450, 50, 50],1,0.0
[450, 50, 50],2,0.0
[450, 50, 100],0,0.0
[450, 50, 100],1,0.0
[450, 50, 100],2,0.0
[450, 50, 150],0,0.0
[450, 50, 150],1,0.0
[450, 50, 150],2,0.0
[450, 50, 200],0,0.0
[450, 50, 200],1,0.0
[450, 50, 200],2,0.0
[450, 50, 250],0,0.0
[450, 50, 250],1,0.0
[450, 50, 250],2,0.0
[450, 50, 300],0,0.0
[450, 50, 300],1,0.0
[450, 50, 300],2,0.0
[450, 50, 350],0,0.0
[450, 50, 350],1,0.0
[450, 50, 350],2,0.0
[450, 50, 400],0,0.0
[450, 50, 400],1,0.0
[450, 50, 400],2,0.0
[450, 100, 0],0,85.0
[450, 100, 0],1,0.0
[450, 100, 0],2,0.0
[450, 100, 50],0,0.0
[450, 100, 50],1,0.0
[450, 100, 50],2,0.0
[450, 100, 100],0,0.0
[450, 100, 100],1,0.0
[450, 100, 100],2,0.0
[450, 100, 150],0,0.0
[450, 100, 150],1,0.0
[450, 100, 150],2,0.0
[450, 100, 200],0,0.0
[450, 100, 200],1,0.0
[450, 100, 200],2,0.0
[450, 100, 250],0,0.0
[450, 100, 250],1,0.0
[450, 100, 250],2,0.0
[450, 100, 300],0,0.0
[450, 100, 300],1,0.0
[450, 100, 300],2,0.0
[450, 100, 350],0,0.0
[450, 100, 350],1,0.0
[450, 100, 350],2,0.0
[450, 100, 400],0,0.0
[450, 100, 400],1,0.0
[450, 100, 400],2,0.0
[450, 150, 0],0,93.0
[450, 150, 0],1,0.0
[450, 150, 0],2,0.0
[450, 150, 50],0,0.0
[450, 150, 50],1,0.0
[450, 150, 50],2,0.0
[450, 150, 100],0,0.0
[450, 150, 100],1,0.0
[450, 150, 100],2,0.0
[450, 150, 150],0,0.0
[450, 150, 150],1,0.0
[450, 150, 150],2,0.0
[450, 150, 200],0,0.0
[450, 150, 200],1,0.0
[450, 150, 200],2,0.0
[450, 150, 250],0,0.0
[450, 150, 250],1,0.0
[450, 150, 250],2,0.0
[450, 150, 300],0,0.0
[450, 150, 300],1,0.0
[450, 150, 300],2,0.0
[450, 150, 350],0,0.0
[450, 150, 350],1,0.0
[450, 150, 350],2,0.0
[450, 150, 400],0,0.0
[450, 150, 400],1,0.0
[450, 150, 400],2,0.0
[450, 200, 0],0,103.0
[450, 200, 0],1,0.0
[450, 200, 0],2,0.0
[450, 200, 50],0,0.0
[450, 200, 50],1,0.0
[450, 200, 50],2,0.0
[450, 200, 100],0,0.0
[450, 200, 100],1,0.0
[450, 200, 100],2,0.0
[450, 200, 150],0,0.0
[450, 200, 150],1,0.0
[450, 200, 150],2,0.0
[450, 200, 200],0,0.0
[450, 200, 200],1,0.0
[450, 200, 200],2,0.0
[450, 200, 250],0,0.0
[450, 200, 250],1,0.0
[450, 200, 250],2,0.0
[450, 200, 300],0,0.0
[450, 200, 300],1,0.0
[450, 200, 300],2,0.0
[450, 200, 350],0,0.0
[450, 200, 350],1,0.0
[450, 200, 350],2,0.0
[450, 200, 400],0,0.0
[450, 200, 400],1,0.0
[450, 200, 400],2,0.0
[450, 250, 0],0,76.0
[450, 250, 0],1,0.0
[450, 250, 0],2,0.0
[450, 250, 50],0,0.0
[450, 250, 50],1,0.0
[450, 250, 50],2,0.0
[450, 250, 100],0,0.0
[450, 250, 100],1,0.0
[450, 250, 100],2,0.0
[450, 250, 150],0,0.0
[450, 250, 150],1,0.0
[450, 250, 150],2,0.0
[450, 250, 200],0,0.0
[450, 250, 200],1,0.0
[450, 250, 200],2,0.0
[450, 250, 250],0,0.0
[450, 250, 250],1,0.0
[450, 250, 250],2,0.0
[450, 250, 300],0,0.0
[450, 250, 300],1,0.0
[450, 250, 300],2,0.0
[450, 250, 350],0,0.0
[450, 250, 350],1,0.0
[450, 250, 350],2,0.0
[450, 250, 400],0,0.0
[450, 250, 400],1,0.0
[450, 250, 400],2,0.0
[450, 300, 0],0,79.0
[450, 300, 0],1,0.0
[450, 300, 0],2,0.0
[450, 300, 50],0,0.0
[450, 300, 50],1,0.0
[450, 300, 50],2,0.0
[450, 300, 100],0,0.0
[450, 300, 100],1,0.0
[450, 300, 100],2,0.0
[450, 300, 150],0,0.0
[450, 300, 150],1,0.0
[450, 300, 150],2,0.0
[450, 300, 200],0,0.0
[450, 300, 200],1,0.0
[450, 300, 200],2,0.0
[450, 300, 250],0,0.0
[450, 300, 250],1,0.0
[450, 300, 250],2,0.0
[450, 300, 300],0,0.0
[450, 300, 300],1,0.0
[450, 300, 300],2,0.0
[450, 300, 350],0,0.0
[450, 300, 350],1,0.0
[450, 300, 350],2,0.0
[450, 300, 400],0,0.0
[450, 300, 400],1,0.0
[450, 300, 400],2,0.0
[450, 350, 0],0,81.0
[450, 350, 0],1,0.0
[450, 350, 0],2,0.0
[450, 350, 50],0,0.0
[450, 350, 50],1,0.0
[450, 350, 50],2,0.0
[450, 350, 100],0,0.0
[450, 350, 100],1,0.0
[450, 350, 100],2,0.0
[450, 350, 150],0,0.0
[450, 350, 150],1,0.0
[450, 350, 150],2,0.0
[450, 350, 200],0,0.0
[450, 350, 200],1,0.0
[450, 350, 200],2,0.0
[450, 350, 250],0,0.0
[450, 350, 250],1,0.0
[450, 350, 250],2,0.0
[450, 350, 300],0,0.0
[450, 350, 300],1,0.0
[450, 350, 300],2,0.0
[450, 350, 350],0,0.0
[450, 350, 350],1,0.0
[450, 350, 350],2,0.0
[450, 350, 400],0,0.0
[450, 350, 400],1,0.0
[450, 350, 400],2,0.0
[450, 400, 0],0,94.0
[450, 400, 0],1,0.0
[450, 400, 0],2,0.0
[450, 400, 50],0,0.0
[450, 400, 50],1,0.0
[450, 400, 50],2,0.0
[450, 400, 100],0,0.0
[450, 400, 100],1,0.0
[450, 400, 100],2,0.0
[450, 400, 150],0,0.0
[450, 400, 150],1,0.0
[450, 400, 150],2,0.0
[450, 400, 200],0,0.0
[450, 400, 200],1,0.0
[450, 400, 200],2,0.0
[450, 400, 250],0,0.0
[450, 400, 250],1,0.0
[450, 400, 250],2,0.0
[450, 400, 300],0,0.0
[450, 400, 300],1,0.0
[450, 400, 300],2,0.0
[450, 400, 350],0,0.0
[450, 400, 350],1,0.0
[450, 400, 350],2,0.0
[450, 400, 400],0,0.0
[450, 400, 400],1,0.0
[450, 400, 400],2,0.0
[450, 450, 0],0,0.0
[450, 450, 0],1,40.0
[450, 450, 0],2,40.0
[450, 450, 50],0,0.0
[450, 450, 50],1,80.0
[450, 450, 50],2,73.0
[450, 450, 100],0,0.0
[450, 450, 100],1,121.0
[450, 450, 100],2,118.0
[450, 450, 150],0,0.0
[450, 450, 150],1,161.0
[450, 450, 150],2,162.0
[450, 450, 200],0,0.0
[450, 450, 200],1,220.0
[450, 450, 200],2,182.0
[450, 450, 250],0,0.0
[450, 450, 250],1,262.0
[450, 450, 250],2,248.0
[450, 450, 300],0,0.0
[450, 450, 300],1,295.0
[450, 450, 300],2,311.0
[450, 450, 350],0,0.0
[450, 450, 350],1,345.0
[450, 450, 350],2,360.0
[450, 450, 400],0,0.0
[450, 450, 400],1,406.0
[450, 450, 400],2,405.0
